dataset_8_undistorted/keyframe_0_frame_000003.png 0.9999109642679869 0.01249943491284562 -0.004644935901395106 -0.012481559462369113 0.9999152648264654 0.003827782685734339 0.004692382584982133 -0.0037694936850045445 0.9999823780211237 -0.2984587513387851 0.2310225172684568 -0.15914964313640212 PINHOLE 1280 1024 1024.0877685546875 1023.894775390625 601.8067016601562 508.1316833496094
dataset_8_undistorted/keyframe_0_frame_000005.png 0.9998090086973349 0.017304230461676437 -0.009105526306140295 -0.017253658427283415 0.999835962359496 0.005598378586732736 0.009200901792704606 -0.005440132248687545 0.9999433143226547 -0.5030570276703088 0.3166352029747941 -0.271413681230797 PINHOLE 1280 1024 1024.0877685546875 1023.894775390625 601.8067016601562 508.1316833496094
dataset_8_undistorted/keyframe_0_frame_000009.png 0.9994505803767261 0.027176748919338987 -0.01898891375017609 -0.02699534676499725 0.999588474631569 0.009742604472904398 0.019245848789995145 -0.009224618158061977 0.9997721893526758 -1.0526486605489254 0.5504035040019062 -0.8013466114906578 PINHOLE 1280 1024 1024.0877685546875 1023.894775390625 601.8067016601562 508.1316833496094
dataset_8_undistorted/keyframe_0_frame_000010.png 0.9993299490967565 0.029700679435520832 -0.021386320823298152 -0.029468252247367783 0.9995039061845167 0.011098855507218348 0.021705388895251993 -0.010461210208043258 0.9997094892754903 -1.2283249437168706 0.6423456683291988 -0.9818369507863736 PINHOLE 1280 1024 1024.0877685546875 1023.894775390625 601.8067016601562 508.1316833496094
dataset_8_undistorted/keyframe_0_frame_000015.png 0.9988106778819232 0.039427198962870044 -0.02868971314152799 -0.03896855911685633 0.9991065420381517 0.016371919584042726 0.029309593611417807 -0.015234390123678438 0.9994543972718278 -1.6007953010268352 0.9172195160090268 -2.2165850836014442 PINHOLE 1280 1024 1024.0877685546875 1023.894775390625 601.8067016601562 508.1316833496094
dataset_8_undistorted/keyframe_0_frame_000017.png 0.9987689925863458 0.04013207988080661 -0.029150260297765053 -0.03965704526820877 0.999074240254755 0.01669042231199547 0.029793171748396668 -0.015514064809055733 0.9994360681770127 -1.6622624134218995 0.9553833763795865 -2.808577685968771 PINHOLE 1280 1024 1024.0877685546875 1023.894775390625 601.8067016601562 508.1316833496094
dataset_8_undistorted/keyframe_0_frame_000018.png 0.9987702032938341 0.040030260608632545 -0.029254214891440637 -0.039554878790013404 0.999079177803245 0.016646885127146013 0.029893731435714797 -0.015469358108411171 0.9994337946211386 -1.6323728912707338 0.932484918649152 -3.057988622865878 PINHOLE 1280 1024 1024.0877685546875 1023.894775390625 601.8067016601562 508.1316833496094
dataset_8_undistorted/keyframe_0_frame_000019.png 0.9987659457188578 0.03983158943768972 -0.029668139045555503 -0.03935714542159234 0.9990906812878758 0.01640567257766152 0.030294646839141175 -0.015217753432045844 0.9994252914594544 -1.6526448021565443 0.9210995849912251 -3.396606033403714 PINHOLE 1280 1024 1024.0877685546875 1023.894775390625 601.8067016601562 508.1316833496094
dataset_8_undistorted/keyframe_0_frame_000020.png 0.9987521690989761 0.03975080849954364 -0.030237260951836323 -0.039281433375646865 0.9991001042781148 0.015965560486606915 0.03084473977007046 -0.014757783049491439 0.9994147698046442 -1.6872601070696192 0.8946179134964041 -3.6512094247858613 PINHOLE 1280 1024 1024.0877685546875 1023.894775390625 601.8067016601562 508.1316833496094
dataset_8_undistorted/keyframe_0_frame_000021.png 0.9986933335783801 0.04020910019086169 -0.03153283129532882 -0.03974458555196695 0.9990940893274263 0.015217736973787862 0.03211621041047252 -0.013944623982675711 0.9993871482808979 -1.759743380978648 0.8526599639869801 -4.0460407788709745 PINHOLE 1280 1024 1024.0877685546875 1023.894775390625 601.8067016601562 508.1316833496094
dataset_8_undistorted/keyframe_0_frame_000024.png 0.9985688384019328 0.04004909685784713 -0.03544232265015802 -0.03960312541264002 0.9991278309360447 0.01320034052920302 0.035940132059113866 -0.011777965524732668 0.9992840298833189 -1.9188307214461702 0.6989822572716093 -4.814193383060115 PINHOLE 1280 1024 1024.0877685546875 1023.894775390625 601.8067016601562 508.1316833496094
dataset_8_undistorted/keyframe_0_frame_000026.png 0.998441260639468 0.038964732186743616 -0.03996267027426958 -0.038513852274566204 0.9991857993930084 0.011992891947559705 0.04039748861032328 -0.010435037939038591 0.9991287339388658 -2.1632006736295466 0.6371233767461035 -5.3183105691674655 PINHOLE 1280 1024 1024.0877685546875 1023.894775390625 601.8067016601562 508.1316833496094
dataset_8_undistorted/keyframe_0_frame_000028.png 0.9982633117795411 0.03746788887539233 -0.04545241326953945 -0.03700548349167855 0.999254646219233 0.010970551606010378 0.04582967665267113 -0.009269650295408874 0.9989062394184913 -2.5379464221394414 0.6153290182321598 -5.7458246067168375 PINHOLE 1280 1024 1024.0877685546875 1023.894775390625 601.8067016601562 508.1316833496094
dataset_8_undistorted/keyframe_0_frame_000031.png 0.9981196662808455 0.034185621193140295 -0.05087760323421517 -0.03379807498468714 0.9993933825898982 0.00845410432818067 0.05113579376108639 -0.006718797366081008 0.9986694630515938 -2.841245962737446 0.47451850715651744 -6.552905494802417 PINHOLE 1280 1024 1024.0877685546875 1023.894775390625 601.8067016601562 508.1316833496094
dataset_8_undistorted/keyframe_0_frame_000034.png 0.9981783079000563 0.0310568775692247 -0.0517292633110343 -0.030914018916373034 0.9995160949490977 0.003556324610682931 0.05181476903697439 -0.001950724145383202 0.9986551581773453 -2.8125532105181037 0.1887667071746364 -7.472443414117947 PINHOLE 1280 1024 1024.0877685546875 1023.894775390625 601.8067016601562 508.1316833496094
dataset_8_undistorted/keyframe_0_frame_000035.png 0.9981828953187617 0.030576976103033466 -0.05192358122139794 -0.03054198614777349 0.9995323926451255 0.0014643436422000784 0.05194407898564488 0.00012416932564644537 0.9986497570369268 -2.94131375968891 0.09980622762145686 -7.815719508991151 PINHOLE 1280 1024 1024.0877685546875 1023.894775390625 601.8067016601562 508.1316833496094
dataset_8_undistorted/keyframe_0_frame_000037.png 0.9981827038685409 0.030744904027156544 -0.051832988670727595 -0.030898632715607055 0.999520787638486 -0.0021711344027071405 0.05174140759855196 0.0037687043037339185 0.9986537824640908 -2.8946903196164726 -0.11956984786002067 -8.437480163422947 PINHOLE 1280 1024 1024.0877685546875 1023.894775390625 601.8067016601562 508.1316833496094
dataset_8_undistorted/keyframe_0_frame_000039.png 0.9981301982339323 0.032838071345070864 -0.0515555332868584 -0.03321231057768999 0.9994278809439283 -0.006421979508350429 0.05131521695231911 0.008122313223802314 0.9986496664041445 -2.8138624433295263 -0.39397153894060466 -8.904324133605883 PINHOLE 1280 1024 1024.0877685546875 1023.894775390625 601.8067016601562 508.1316833496094
dataset_8_undistorted/keyframe_0_frame_000043.png 0.9981865570823631 0.03263470052783203 -0.0505811994543855 -0.0333496039897773 0.9993543679601037 -0.013356709556431048 0.05011271831845845 0.015019331214199825 0.9986307069671281 -2.8610582138203426 -0.7255932858097367 -10.013198112467308 PINHOLE 1280 1024 1024.0877685546875 1023.894775390625 601.8067016601562 508.1316833496094
dataset_8_undistorted/keyframe_0_frame_000046.png 0.9984194879612149 0.03160454795395958 -0.046472910717705256 -0.032294003393842835 0.9993779258390746 -0.014161577819348566 0.04599646263047476 0.015639784028963863 0.9988189137340243 -2.589600062813929 -0.786563346684261 -10.869162132500492 PINHOLE 1280 1024 1024.0877685546875 1023.894775390625 601.8067016601562 508.1316833496094
dataset_8_undistorted/keyframe_0_frame_000049.png 0.9988020756984916 0.030785802925350377 -0.038037368755496175 -0.031266614690036706 0.9994381514971196 -0.012114270968221054 0.03764312385820358 0.01328911474767864 0.999203320239794 -2.0636199881068364 -0.7158125550683963 -11.588274769964414 PINHOLE 1280 1024 1024.0877685546875 1023.894775390625 601.8067016601562 508.1316833496094
dataset_8_undistorted/keyframe_0_frame_000051.png 0.999048119422287 0.030169038614689416 -0.031499641291142494 -0.030530408502843765 0.999472674827461 -0.011058654593731641 0.03114948667027464 0.012009724276795777 0.9994428392108955 -1.755149408464888 -0.6149196331921303 -11.823913099322226 PINHOLE 1280 1024 1024.0877685546875 1023.894775390625 601.8067016601562 508.1316833496094
dataset_8_undistorted/keyframe_0_frame_000053.png 0.9991950107519103 0.03177641320767448 -0.02448585775790086 -0.03205294843215375 0.9994260225520245 -0.010988154052132583 0.02412269416276092 0.011764298598599973 0.9996402638284101 -1.3421377303967574 -0.633190516208515 -11.935402605037325 PINHOLE 1280 1024 1024.0877685546875 1023.894775390625 601.8067016601562 508.1316833496094
dataset_8_undistorted/keyframe_0_frame_000060.png 0.9995064717197746 0.03110921750275707 -0.004360925301872088 -0.031136553873139 0.9994949363116463 -0.006348202050161832 0.00416122198416054 0.006480915206117437 0.9999702912568763 -0.2377959218694059 -0.3515249583572313 -12.6986926721612 PINHOLE 1280 1024 1024.0877685546875 1023.894775390625 601.8067016601562 508.1316833496094
dataset_8_undistorted/keyframe_0_frame_000061.png 0.9994499867650921 0.033112588781205037 -0.001672688974778067 -0.03312299173882379 0.999429426779281 -0.006661015764486068 0.0014512308939343013 0.006712522793233378 0.9999768195783636 -0.0874590638089785 -0.369125664895364 -12.747113385788111 PINHOLE 1280 1024 1024.0877685546875 1023.894775390625 601.8067016601562 508.1316833496094
dataset_8_undistorted/keyframe_0_frame_000066.png 0.9991185127103197 0.040567817771344786 0.010764043179135199 -0.04045941291742787 0.9991292280849374 -0.010116079344400557 -0.011165030285317304 0.009671554393162324 0.999890528831468 0.6080344635624897 -0.5620747941384252 -13.00858577572535 PINHOLE 1280 1024 1024.0877685546875 1023.894775390625 601.8067016601562 508.1316833496094
dataset_8_undistorted/keyframe_0_frame_000069.png 0.9988665584596341 0.04360900744064043 0.019067728352137808 -0.043342400077948894 0.9989598606808193 -0.014180559614607116 -0.01966629754842601 0.013337874090288164 0.9997178565565836 1.0788105686059453 -0.7862914868155713 -13.420140762887286 PINHOLE 1280 1024 1024.0877685546875 1023.894775390625 601.8067016601562 508.1316833496094
dataset_8_undistorted/keyframe_0_frame_000070.png 0.9989053584270666 0.041683730721515974 0.021227665981902424 -0.04134106793228978 0.9990115891652905 -0.016340439654860504 -0.021887809444093485 0.01544488768015682 0.9996413385117183 1.209889581200514 -0.934530246626764 -13.506700252710289 PINHOLE 1280 1024 1024.0877685546875 1023.894775390625 601.8067016601562 508.1316833496094
dataset_8_undistorted/keyframe_0_frame_000071.png 0.9989575836574452 0.03956476718597583 0.022758796445320074 -0.03916015534897276 0.9990716489125395 -0.017959422156530368 -0.023448220909692428 0.017049479673294173 0.9995800515895135 1.2405997533292066 -0.9829637277448455 -13.501096607068803 PINHOLE 1280 1024 1024.0877685546875 1023.894775390625 601.8067016601562 508.1316833496094
dataset_8_undistorted/keyframe_0_frame_000072.png 0.9990201731346817 0.03684668878896241 0.024518340784551222 -0.03636557917006153 0.9991429357762386 -0.01978852412113778 -0.025226561989441277 0.018877541278185625 0.9995036962637162 1.3454649766480316 -1.0822208502811463 -13.491661146879665 PINHOLE 1280 1024 1024.0877685546875 1023.894775390625 601.8067016601562 508.1316833496094
dataset_8_undistorted/keyframe_0_frame_000073.png 0.9990525494157526 0.03452428564083545 0.026500696797059103 -0.03396397871377031 0.9991956571920625 -0.021314770448338547 -0.027215281235098577 0.02039435481945718 0.9994213367912013 1.4846019319726338 -1.190170626444342 -13.532481121287674 PINHOLE 1280 1024 1024.0877685546875 1023.894775390625 601.8067016601562 508.1316833496094
dataset_8_undistorted/keyframe_0_frame_000078.png 0.9989201143360578 0.025470862414298134 0.03885158059282712 -0.024448157547918205 0.9993472545836639 -0.02657827234140362 -0.03950321842183485 0.025599554673764832 0.9988910928204742 2.243451306886527 -1.5188741393062628 -13.606745667620999 PINHOLE 1280 1024 1024.0877685546875 1023.894775390625 601.8067016601562 508.1316833496094
dataset_8_undistorted/keyframe_0_frame_000083.png 0.9989491531873046 0.008792720429042968 0.04498663739855155 -0.007406370778148544 0.9994955815777097 -0.03089479434257269 -0.045235697398998735 0.030529079572041106 0.9985099744821573 2.4412765579278357 -1.6927625626210556 -13.869901862984193 PINHOLE 1280 1024 1024.0877685546875 1023.894775390625 601.8067016601562 508.1316833496094
dataset_8_undistorted/keyframe_0_frame_000084.png 0.9989099186157552 0.0053891291925295135 0.04636763205285283 -0.003913755154770328 0.9994852426172296 -0.031855543242426565 -0.04651549823625674 0.03163940109694457 0.9984169942160066 2.591835929517913 -1.781323071890256 -13.95134863283954 PINHOLE 1280 1024 1024.0877685546875 1023.894775390625 601.8067016601562 508.1316833496094
dataset_8_undistorted/keyframe_0_frame_000085.png 0.9988572395525186 0.0015221578999955068 0.047765948042945865 5.747025065320917e-05 0.9994538308212061 -0.03305395394160331 -0.04779019363186319 0.03301911046841244 0.9983117461644438 2.634988154582004 -1.8302108041295924 -13.959566920215366 PINHOLE 1280 1024 1024.0877685546875 1023.894775390625 601.8067016601562 508.1316833496094
dataset_8_undistorted/keyframe_0_frame_000086.png 0.9987879550349084 -0.0025039425224567405 0.0491543549951299 0.004217220291768119 0.9993852923651381 -0.03478348657557147 -0.04903716975334131 0.034948450012149516 0.9981846201162664 2.712444342222909 -1.9271097624873619 -13.970669623550862 PINHOLE 1280 1024 1024.0877685546875 1023.894775390625 601.8067016601562 508.1316833496094
dataset_8_undistorted/keyframe_0_frame_000087.png 0.9987332684082446 -0.006242877005532363 0.04992874790841344 0.008068882756739698 0.9993028344043814 -0.03645774983220869 -0.04966633526482866 0.036814517511279544 0.9980873427963725 2.7910043449879254 -2.0386029531209715 -13.996716226812168 PINHOLE 1280 1024 1024.0877685546875 1023.894775390625 601.8067016601562 508.1316833496094
dataset_8_undistorted/keyframe_0_frame_000088.png 0.9986551061488137 -0.0108444722601929 0.05069701445940432 0.012784304941173993 0.9991920455707755 -0.03810096592194048 -0.05024284124653469 0.038697908727138575 0.997987091035312 2.9595205131499824 -2.200517009615396 -14.043246562425793 PINHOLE 1280 1024 1024.0877685546875 1023.894775390625 601.8067016601562 508.1316833496094
dataset_8_undistorted/keyframe_0_frame_000089.png 0.9985660022212458 -0.015290103638290054 0.05130746429772555 0.01732619361429985 0.9990704499365087 -0.03947982252128891 -0.05065621448301497 0.04031213568936809 0.9979023573964246 2.8393646738403504 -2.1870738621216788 -13.994038562288893 PINHOLE 1280 1024 1024.0877685546875 1023.894775390625 601.8067016601562 508.1316833496094
dataset_8_undistorted/keyframe_0_frame_000095.png 0.9976264613234354 -0.04076467676118939 0.055492539350345184 0.04339655956685165 0.9979479178992886 -0.04708110497006522 -0.053459497803265664 0.0493776430743429 0.9973485385872314 3.0662611991688777 -2.616319052876179 -14.34772286339728 PINHOLE 1280 1024 1024.0877685546875 1023.894775390625 601.8067016601562 508.1316833496094
dataset_8_undistorted/keyframe_0_frame_000098.png 0.9967193674297251 -0.055115476543395533 0.05926710167650543 0.05802783039079514 0.9971315521759363 -0.048597818055313415 -0.056418684671951255 0.05187738159382481 0.9970586828908476 3.2839255509340433 -2.6985619307097295 -14.451272058489394 PINHOLE 1280 1024 1024.0877685546875 1023.894775390625 601.8067016601562 508.1316833496094
dataset_8_undistorted/keyframe_0_frame_000100.png 0.996303396779074 -0.06108798704840117 0.06039475732818091 0.06408152153188745 0.9967434875820966 -0.04894179535473683 -0.057208335228999395 0.0526308622289268 0.9969738874641825 3.4044367533077207 -2.752862144908704 -14.55097608034589 PINHOLE 1280 1024 1024.0877685546875 1023.894775390625 601.8067016601562 508.1316833496094
dataset_8_undistorted/keyframe_0_frame_000101.png 0.9958428288488483 -0.06719831311917994 0.06148590564291571 0.07028722389703733 0.9962954127788813 -0.04953574351656852 -0.05792950367280002 0.053651316793569326 0.9968775756659272 3.40433486295575 -2.752933238888545 -14.599859958067555 PINHOLE 1280 1024 1024.0877685546875 1023.894775390625 601.8067016601562 508.1316833496094
dataset_8_undistorted/keyframe_0_frame_000104.png 0.9945136665280417 -0.08258646379325339 0.06420288944576115 0.08590807265562445 0.9950061134757451 -0.050822064621079355 -0.05968505347975416 0.05605884864252789 0.9966419809846607 3.621043005143349 -2.8556379472267963 -14.861763466669117 PINHOLE 1280 1024 1024.0877685546875 1023.894775390625 601.8067016601562 508.1316833496094
dataset_8_undistorted/keyframe_0_frame_000105.png 0.9942408415755597 -0.08543566112349309 0.06469673457228026 0.08880806193604233 0.9947325163840195 -0.05117605272220977 -0.05998377930003278 0.05662692106110905 0.9965912993062126 3.580215137587345 -2.847095212634258 -14.903651850923438 PINHOLE 1280 1024 1024.0877685546875 1023.894775390625 601.8067016601562 508.1316833496094
dataset_8_undistorted/keyframe_0_frame_000106.png 0.9936496911117039 -0.09127217107790712 0.06580061839648013 0.09477283985415062 0.9941290898900178 -0.052198342339267546 -0.060650078913342106 0.05810289738404128 0.996466225002202 3.6882673428370936 -2.913457151222701 -15.011831471710138 PINHOLE 1280 1024 1024.0877685546875 1023.894775390625 601.8067016601562 508.1316833496094
dataset_8_undistorted/keyframe_0_frame_000109.png 0.9923928146765497 -0.10272604671520713 0.06785100418781136 0.10645137522865744 0.9928623708313495 -0.05377913138910517 -0.061842310221238254 0.060592749687695256 0.9962449937876019 3.8271785241943235 -2.9951954875518823 -15.270037620265043 PINHOLE 1280 1024 1024.0877685546875 1023.894775390625 601.8067016601562 508.1316833496094
dataset_8_undistorted/keyframe_0_frame_000110.png 0.9917547474808033 -0.10816435474148678 0.06872663893420507 0.11198243133136575 0.9922223978621079 -0.054363620609187965 -0.062312052286418715 0.06161150991025738 0.9961534834529 3.765532769403194 -3.0149027755091993 -15.323807970127973 PINHOLE 1280 1024 1024.0877685546875 1023.894775390625 601.8067016601562 508.1316833496094
dataset_8_undistorted/keyframe_0_frame_000111.png 0.9913816052167275 -0.11124483308963296 0.0691881192753222 0.11511883944143494 0.9918401507353182 -0.05477390388075985 -0.06253028906381453 0.062266465304223376 0.9960984383004354 3.8377071774608567 -3.0457519666861117 -15.375529102980636 PINHOLE 1280 1024 1024.0877685546875 1023.894775390625 601.8067016601562 508.1316833496094
dataset_8_undistorted/keyframe_0_frame_000113.png 0.9902723207259141 -0.12004965860101427 0.07034999550071458 0.12406246191047486 0.9907071672960662 -0.05574453975798268 -0.06300414853211639 0.06393024101993305 0.9959631962456846 3.8992274347501734 -3.102211259808655 -15.535162376065841 PINHOLE 1280 1024 1024.0877685546875 1023.894775390625 601.8067016601562 508.1316833496094
dataset_8_undistorted/keyframe_0_frame_000115.png 0.9890678235827226 -0.12883644512122916 0.07173445287769267 0.13303675127415815 0.989458448616346 -0.05721523241309425 -0.06360693033872374 0.06613289584180201 0.99578172234739 3.979784155287234 -3.1832381296692347 -15.707382093364913 PINHOLE 1280 1024 1024.0877685546875 1023.894775390625 601.8067016601562 508.1316833496094
dataset_8_undistorted/keyframe_0_frame_000125.png 0.9828329072716147 -0.16864994053639248 0.07481096576737668 0.17321018080118072 0.983096915085528 -0.05931611467164971 -0.06354280298117927 0.07125598791104784 0.9954318607264676 4.185231936924822 -3.3147891099670233 -16.512921636416536 PINHOLE 1280 1024 1024.0877685546875 1023.894775390625 601.8067016601562 508.1316833496094
dataset_8_undistorted/keyframe_0_frame_000135.png 0.9751460198251475 -0.20641389858530027 0.08052214480677287 0.2109892893562657 0.9760448469231344 -0.053108025400114924 -0.06763106734014852 0.06877746817366191 0.9953372383629002 4.470159772171087 -2.9559014828607815 -17.26723543305718 PINHOLE 1280 1024 1024.0877685546875 1023.894775390625 601.8067016601562 508.1316833496094
dataset_8_undistorted/keyframe_0_frame_000136.png 0.9744765432724073 -0.2092376586316235 0.08133313506182742 0.213862034460018 0.9754270969792784 -0.05296227245519465 -0.0682528737521647 0.06900459217370106 0.9952789833958895 4.512228244761474 -2.9500138963653626 -17.321037760748595 PINHOLE 1280 1024 1024.0877685546875 1023.894775390625 601.8067016601562 508.1316833496094
dataset_8_undistorted/keyframe_0_frame_000137.png 0.9737488053670276 -0.2122847732562783 0.0821478132597028 0.21696589645023728 0.9747436868946441 -0.05291883005654419 -0.06883923816160253 0.06935278634869074 0.9952142588488102 4.557829486131453 -2.947794260472847 -17.36471272548033 PINHOLE 1280 1024 1024.0877685546875 1023.894775390625 601.8067016601562 508.1316833496094
dataset_8_undistorted/keyframe_0_frame_000139.png 0.9722652237883209 -0.218414895055101 0.08363838526153027 0.22321280406280003 0.9733277306968187 -0.053001065523199116 -0.06983140191304195 0.07020025011634837 0.9950857223545102 4.638010844685823 -2.9546268121634967 -17.46567166045577 PINHOLE 1280 1024 1024.0877685546875 1023.894775390625 601.8067016601562 508.1316833496094
dataset_8_undistorted/keyframe_0_frame_000144.png 0.9678572321331369 -0.23593335002925692 0.08711191698819437 0.2411972390501528 0.9688745105944162 -0.05572778545020314 -0.07125265169521289 0.07494763178041906 0.9946381856468525 4.784982076310229 -3.1060080198578817 -17.75411115272982 PINHOLE 1280 1024 1024.0877685546875 1023.894775390625 601.8067016601562 508.1316833496094
dataset_8_undistorted/keyframe_0_frame_000146.png 0.9652303915049817 -0.24580642092223184 0.08893613660854939 0.25145890449534364 0.9660654366348005 -0.059038473043945335 -0.07140619395672614 0.07934958752660073 0.9942857382507773 4.940291953737727 -3.289223951348731 -17.920926862427905 PINHOLE 1280 1024 1024.0877685546875 1023.894775390625 601.8067016601562 508.1316833496094
dataset_8_undistorted/keyframe_0_frame_000148.png 0.9632051993410293 -0.25325735929534304 0.08998217507882834 0.25917464622030534 0.9638723454521875 -0.061460301698220816 -0.07116626140282707 0.08251980964168336 0.9940445869918303 4.954735428792105 -3.4217358288028663 -18.044130767596812 PINHOLE 1280 1024 1024.0877685546875 1023.894775390625 601.8067016601562 508.1316833496094
dataset_8_undistorted/keyframe_0_frame_000150.png 0.9605702947491648 -0.2626142620187769 0.091318240952846 0.2688511026927732 0.9610355632763289 -0.06427067417197725 -0.0708817190636604 0.086287406223471 0.9937457874013149 5.063929646390676 -3.5888854804647963 -18.25205208060038 PINHOLE 1280 1024 1024.0877685546875 1023.894775390625 601.8067016601562 508.1316833496094
dataset_8_undistorted/keyframe_0_frame_000152.png 0.9586581562878209 -0.26925837803656966 0.09205569383771645 0.27561505296683636 0.9590677389528562 -0.06500304782580898 -0.07078505731398392 0.08768758670884758 0.9936300773643963 5.15231286004942 -3.6306317086539366 -18.33895172928078 PINHOLE 1280 1024 1024.0877685546875 1023.894775390625 601.8067016601562 508.1316833496094
dataset_8_undistorted/keyframe_0_frame_000153.png 0.9568920003240253 -0.2753264956533057 0.09248156309119457 0.28171178921196277 0.9573060018983626 -0.06484050489396992 -0.07068094675785955 0.08809839542069599 0.9936013352210221 5.138280871247616 -3.6151539315239916 -18.38270225908218 PINHOLE 1280 1024 1024.0877685546875 1023.894775390625 601.8067016601562 508.1316833496094
dataset_8_undistorted/keyframe_0_frame_000156.png 0.9515670800751856 -0.29283974844727884 0.09362163098969031 0.2992265241866909 0.9520792936395067 -0.0633162179818326 -0.07059376016306544 0.08826377898951795 0.9935928798188832 5.1987600837030925 -3.5326286423839974 -18.5941158833881 PINHOLE 1280 1024 1024.0877685546875 1023.894775390625 601.8067016601562 508.1316833496094
dataset_8_undistorted/keyframe_0_frame_000158.png 0.9485852748994685 -0.3021308644014225 0.09435827076659188 0.30851635888652407 0.9491769486994439 -0.062303739050953356 -0.07073885941946026 0.08821125276570485 0.9935871274670011 5.245953159889012 -3.4719120410284177 -18.684688956238915 PINHOLE 1280 1024 1024.0877685546875 1023.894775390625 601.8067016601562 508.1316833496094
dataset_8_undistorted/keyframe_0_frame_000160.png 0.9457244925733025 -0.3106680805096976 0.09534652427035417 0.31706262490858644 0.9464333618006666 -0.06112066951579547 -0.07125094980694956 0.08803414752942552 0.9935664732887688 5.358887798966919 -3.4286078199195344 -18.85037316881062 PINHOLE 1280 1024 1024.0877685546875 1023.894775390625 601.8067016601562 508.1316833496094
dataset_8_undistorted/keyframe_0_frame_000162.png 0.943067933881608 -0.3183021989376077 0.0964719570359679 0.3247071867544141 0.943922866719349 -0.05979591727431653 -0.07202897204789188 0.08771679099394872 0.9935383220284041 5.357952274817535 -3.3368638336849017 -18.92528922466545 PINHOLE 1280 1024 1024.0877685546875 1023.894775390625 601.8067016601562 508.1316833496094
dataset_8_undistorted/keyframe_0_frame_000165.png 0.9395418620185526 -0.3279507442824831 0.098536477591171 0.3344126775650209 0.9406434680177348 -0.05795042024987176 -0.07368288562547473 0.08739888093213628 0.9934448219612021 5.4762937607443405 -3.2314565255583148 -19.08914105499275 PINHOLE 1280 1024 1024.0877685546875 1023.894775390625 601.8067016601562 508.1316833496094
dataset_8_undistorted/keyframe_0_frame_000167.png 0.9365776885774357 -0.3356609006237536 0.10077030628033903 0.34220613643463105 0.9379364707086324 -0.056310530132959655 -0.07561498750075003 0.08722350651958279 0.9933152177949086 5.6622062769843495 -3.1589730507603235 -19.270215822467435 PINHOLE 1280 1024 1024.0877685546875 1023.894775390625 601.8067016601562 508.1316833496094
dataset_8_undistorted/keyframe_0_frame_000168.png 0.9348798306891903 -0.33993429872122544 0.10219932569471685 0.3465553588357655 0.9363818033423204 -0.05557509355650005 -0.07680587653295677 0.08737371703797721 0.9932106403963685 5.749269395146214 -3.0828934417095297 -19.320160144671036 PINHOLE 1280 1024 1024.0877685546875 1023.894775390625 601.8067016601562 508.1316833496094
dataset_8_undistorted/keyframe_0_frame_000169.png 0.9332005684167353 -0.3440933894241173 0.10361765527691788 0.3508111931934069 0.9348229115341367 -0.05511537539305687 -0.07789939537674755 0.0877838015929191 0.9930889005363617 5.763367046573549 -3.0711711842939167 -19.306107580149956 PINHOLE 1280 1024 1024.0877685546875 1023.894775390625 601.8067016601562 508.1316833496094
dataset_8_undistorted/keyframe_0_frame_000170.png 0.9314949451856883 -0.348313981350469 0.10485646544464519 0.3551331016752046 0.9332020120309603 -0.05491159269776613 -0.07872583727091798 0.08838764657032627 0.9929705318526759 5.820714434733333 -3.069695083126362 -19.350067698905946 PINHOLE 1280 1024 1024.0877685546875 1023.894775390625 601.8067016601562 508.1316833496094
dataset_8_undistorted/keyframe_0_frame_000173.png 0.925655549503374 -0.3626433783791081 0.1079443657387952 0.36979093336461477 0.9274750057070319 -0.05518203420548293 -0.08010446288364975 0.09099649051786729 0.9926245797085034 5.999376273521683 -3.0805721714925767 -19.284871346827458 PINHOLE 1280 1024 1024.0877685546875 1023.894775390625 601.8067016601562 508.1316833496094
dataset_8_undistorted/keyframe_0_frame_000175.png 0.9233814374999602 -0.36817753527800007 0.10868312208738942 0.37541342285864415 0.9252063779394375 -0.05529311037613517 -0.08019669233718117 0.09185774973669864 0.9925370850169734 6.0405083960559125 -3.0870352540894146 -19.244092081121835 PINHOLE 1280 1024 1024.0877685546875 1023.894775390625 601.8067016601562 508.1316833496094
dataset_8_undistorted/keyframe_0_frame_000176.png 0.9211590285087028 -0.37346532024363865 0.10949923216936953 0.38081742841165817 0.9229733109351035 -0.05566481212028155 -0.08027611688639316 0.0929752789170109 0.9924272407991648 6.127265664836898 -3.107963749333294 -19.223356464797916 PINHOLE 1280 1024 1024.0877685546875 1023.894775390625 601.8067016601562 508.1316833496094
dataset_8_undistorted/keyframe_0_frame_000177.png 0.9190598753016712 -0.3783602066137375 0.11033197935979243 0.385854432168741 0.9208388347213692 -0.05632926416515214 -0.08028529607556227 0.09434218370983856 0.9922976774963039 6.132776950029438 -3.145430837267213 -19.186344936626597 PINHOLE 1280 1024 1024.0877685546875 1023.894775390625 601.8067016601562 508.1316833496094
dataset_8_undistorted/keyframe_0_frame_000178.png 0.9179373828539945 -0.3809552806918293 0.11074327960731782 0.3885254965446732 0.919690578390548 -0.05671589503077284 -0.08024340328028283 0.09508810278876532 0.9922290017430049 6.15577136176406 -3.167050126322465 -19.179667810921842 PINHOLE 1280 1024 1024.0877685546875 1023.894775390625 601.8067016601562 508.1316833496094
dataset_8_undistorted/keyframe_0_frame_000182.png 0.9108262842699834 -0.3971498561368825 0.11255284837351102 0.4050198306330318 0.9124746753694811 -0.05786984881196046 -0.07971870721010978 0.0982956182056571 0.9919589475630864 6.256888120259459 -3.232273073727356 -19.19045304721817 PINHOLE 1280 1024 1024.0877685546875 1023.894775390625 601.8067016601562 508.1316833496094
dataset_8_undistorted/keyframe_0_frame_000186.png 0.9045647748769781 -0.4108640395707132 0.11381012096801757 0.41885797709742545 0.9062264210050236 -0.05753624097226679 -0.07949823491959225 0.09971525756067487 0.9918347250814898 6.335687471027936 -3.2067996977523308 -19.178115854378575 PINHOLE 1280 1024 1024.0877685546875 1023.894775390625 601.8067016601562 508.1316833496094
dataset_8_undistorted/keyframe_0_frame_000187.png 0.9019148392083942 -0.41651304685621643 0.11430931228730748 0.42453423317542477 0.9036081301621979 -0.057119947083611525 -0.07949972591725561 0.10004532032409565 0.9918018600442886 6.424094598423141 -3.1664755134816005 -19.235663867825792 PINHOLE 1280 1024 1024.0877685546875 1023.894775390625 601.8067016601562 508.1316833496094
dataset_8_undistorted/keyframe_0_frame_000188.png 0.9001683790971273 -0.42019789546194325 0.11458887817761079 0.42822531543784664 0.9018878570675725 -0.0567579007371878 -0.07949681341651452 0.10016150933005351 0.9917905458259768 6.36783906200937 -3.1736079624781723 -19.210066465761543 PINHOLE 1280 1024 1024.0877685546875 1023.894775390625 601.8067016601562 508.1316833496094
dataset_8_undistorted/keyframe_0_frame_000189.png 0.8983054705936538 -0.42407708029471064 0.11491797908917195 0.43211683991216143 0.9000522549249221 -0.056404440497567036 -0.07951241193547069 0.10032620848999221 0.9917726738309168 6.386319265351496 -3.154105138307159 -19.204781619811797 PINHOLE 1280 1024 1024.0877685546875 1023.894775390625 601.8067016601562 508.1316833496094
dataset_8_undistorted/keyframe_0_frame_000190.png 0.8963522739629765 -0.42809960750881376 0.11525618810415152 0.4361508712376866 0.8981283518112995 -0.05602182471740652 -0.07953201684784439 0.10048408497815679 0.9917551356883849 6.402501553675492 -3.1355318101275316 -19.19550821542748 PINHOLE 1280 1024 1024.0877685546875 1023.894775390625 601.8067016601562 508.1316833496094
dataset_8_undistorted/keyframe_0_frame_000192.png 0.8923905581648636 -0.4361235022223001 0.11591386963186746 0.4441906776782622 0.8942315839801073 -0.05518374561350513 -0.07958690014334123 0.10073305465509313 0.9917254784237484 6.444814045876839 -3.083874507108021 -19.126745313918832 PINHOLE 1280 1024 1024.0877685546875 1023.894775390625 601.8067016601562 508.1316833496094
dataset_8_undistorted/keyframe_0_frame_000194.png 0.8882283642963895 -0.444350760432536 0.11663129445744456 0.45243711704883377 0.8901419920764255 -0.05429421722741918 -0.07969279245789314 0.10099382481058639 0.9916900894690921 6.495849196797529 -3.0239373669296583 -19.03975840565795 PINHOLE 1280 1024 1024.0877685546875 1023.894775390625 601.8067016601562 508.1316833496094
dataset_8_undistorted/keyframe_0_frame_000198.png 0.8801169395050326 -0.4597808728839898 0.11830391215173117 0.4679838278298903 0.8821352278780487 -0.05318549586420286 -0.07990651254293506 0.10217377721680757 0.9915525354743886 6.716846792116158 -2.94653574045833 -19.00189342658757 PINHOLE 1280 1024 1024.0877685546875 1023.894775390625 601.8067016601562 508.1316833496094
dataset_8_undistorted/keyframe_0_frame_000199.png 0.8782779951447104 -0.46318344866185623 0.11869619419377381 0.47142438987614754 0.880309093229802 -0.053051508332377054 -0.07991687367660005 0.102550275483676 0.9915121753939753 6.600215891600897 -2.9657853166515906 -18.916301703613158 PINHOLE 1280 1024 1024.0877685546875 1023.894775390625 601.8067016601562 508.1316833496094
dataset_8_undistorted/keyframe_0_frame_000200.png 0.876420059216823 -0.46656958615048305 0.11916635861068484 0.47486362755065087 0.8784612741818164 -0.053007853277453956 -0.07995130862308698 0.10304500693168929 0.9914583717157732 6.621111324012432 -2.968728241220333 -18.899115842252286 PINHOLE 1280 1024 1024.0877685546875 1023.894775390625 601.8067016601562 508.1316833496094
dataset_8_undistorted/keyframe_0_frame_000202.png 0.8731617745556972 -0.4724016682385023 0.1201043734232313 0.4808195108378886 0.8752066693316333 -0.05315336388928472 -0.08000648132129162 0.10415981685947251 0.9913369327660783 6.673615831384922 -2.9772418284321702 -18.832272935118226 PINHOLE 1280 1024 1024.0877685546875 1023.894775390625 601.8067016601562 508.1316833496094
dataset_8_undistorted/keyframe_0_frame_000203.png 0.8702730769600096 -0.47747498700183594 0.1210062222700019 0.48603054131038137 0.8723005605123206 -0.05353005684262211 -0.07999473969926456 0.10539847470684058 0.9912072938046974 6.694311573750497 -2.9929647481033044 -18.72630962613232 PINHOLE 1280 1024 1024.0877685546875 1023.894775390625 601.8067016601562 508.1316833496094
dataset_8_undistorted/keyframe_0_frame_000204.png 0.8688425446770672 -0.47994018430857294 0.12153050897930774 0.4885812245049741 0.8708563200211576 -0.05382682505976548 -0.08000209555698683 0.10614441221734777 0.9911272927951401 6.761597554241419 -3.0072338205300184 -18.717351803725023 PINHOLE 1280 1024 1024.0877685546875 1023.894775390625 601.8067016601562 508.1316833496094
dataset_8_undistorted/keyframe_0_frame_000207.png 0.8629842538675647 -0.48993074007049464 0.12339550845479906 0.49884878980318625 0.864976213399095 -0.05446178334155146 -0.08005178966051046 0.10855534727598422 0.9908620662860237 6.893274550802914 -3.050751370185708 -18.607274958817356 PINHOLE 1280 1024 1024.0877685546875 1023.894775390625 601.8067016601562 508.1316833496094
dataset_8_undistorted/keyframe_0_frame_000210.png 0.855543703081916 -0.5022160889338885 0.1257932985296778 0.5114572158883283 0.8575590437589535 -0.0548070030732494 -0.08035034359971228 0.1112275798281499 0.990541670613705 6.956922153163362 -3.072057490354382 -18.399705289726853 PINHOLE 1280 1024 1024.0877685546875 1023.894775390625 601.8067016601562 508.1316833496094
dataset_8_undistorted/keyframe_0_frame_000211.png 0.8531412012778281 -0.5060506095963342 0.12673996652761604 0.5154074294886218 0.8551911226585456 -0.05480065582227594 -0.08065514213943831 0.1120755158292649 0.9904209770910831 7.052932029465268 -3.062958506025325 -18.353076129665737 PINHOLE 1280 1024 1024.0877685546875 1023.894775390625 601.8067016601562 508.1316833496094
dataset_8_undistorted/keyframe_0_frame_000213.png 0.8493570527158311 -0.5116873610164459 0.12949422110588257 0.5214192568729106 0.8515034733602479 -0.055349541932914456 -0.08194315975509699 0.11453230489442119 0.990034061147201 7.201694850303539 -3.0993397662787174 -18.28853906208053 PINHOLE 1280 1024 1024.0877685546875 1023.894775390625 601.8067016601562 508.1316833496094
dataset_8_undistorted/keyframe_0_frame_000216.png 0.8441457786759596 -0.520134871987381 0.12991446096915293 0.5298494498323255 0.8463521503920886 -0.05428837137523661 -0.08171632007149322 0.11466227473358008 0.9900377936173496 7.335899922880998 -2.994290683698182 -18.250407622011153 PINHOLE 1280 1024 1024.0877685546875 1023.894775390625 601.8067016601562 508.1316833496094
dataset_8_undistorted/keyframe_0_frame_000217.png 0.8453063196081054 -0.5180799232322497 0.13058039268477703 0.5278094401810121 0.8476697780243273 -0.053605615905211915 -0.08291717928563547 0.11423468283442373 0.9899875648549885 7.224845712794689 -3.0064394562625694 -18.485618320212325 PINHOLE 1280 1024 1024.0877685546875 1023.894775390625 601.8067016601562 508.1316833496094
dataset_8_undistorted/keyframe_0_frame_000218.png 0.8460937902772299 -0.5168450340350412 0.13037009737874153 0.5264622926699046 0.8485692666222584 -0.052600938476616996 -0.08344166554170449 0.11314010171147186 0.990068839077625 7.248014237729279 -2.9486220775656875 -18.74334498749772 PINHOLE 1280 1024 1024.0877685546875 1023.894775390625 601.8067016601562 508.1316833496094
dataset_8_undistorted/keyframe_0_frame_000222.png 0.8513284248331574 -0.5091778406957838 0.12640358238887353 0.5179973447279406 0.8539975544816799 -0.04864456183694856 -0.08317967757612019 0.10688913620074697 0.9907850944655017 7.036532820642293 -2.7157277826570407 -19.010412197613732 PINHOLE 1280 1024 1024.0877685546875 1023.894775390625 601.8067016601562 508.1316833496094
dataset_8_undistorted/keyframe_0_frame_000223.png 0.8529870542151103 -0.506546963551596 0.12579149280104404 0.5152543919852784 0.8556808720709655 -0.048199188810337905 -0.08322226184328356 0.1059278178764014 0.9908853428508422 6.997199731564621 -2.696436013269931 -19.088365214081932 PINHOLE 1280 1024 1024.0877685546875 1023.894775390625 601.8067016601562 508.1316833496094
dataset_8_undistorted/keyframe_0_frame_000224.png 0.8545746419896579 -0.5040778116222314 0.1249341048511792 0.5126381568067132 0.857282951882986 -0.04763070597839356 -0.08309438974788055 0.10474996747147894 0.9910213842950035 6.949169322529457 -2.6644812133479263 -19.15478449497857 PINHOLE 1280 1024 1024.0877685546875 1023.894775390625 601.8067016601562 508.1316833496094
dataset_8_undistorted/keyframe_0_frame_000226.png 0.8574135715290236 -0.4999823745554068 0.12189823592345467 0.508029139449906 0.8601415933395614 -0.045409061230368794 -0.08214604454982802 0.10086204620567493 0.991502982168561 6.774053779160624 -2.54548065568315 -19.28759923752625 PINHOLE 1280 1024 1024.0877685546875 1023.894775390625 601.8067016601562 508.1316833496094
dataset_8_undistorted/keyframe_0_frame_000227.png 0.8589551975325388 -0.4977595684304968 0.12013330721016689 0.5054844977751852 0.8617259270114274 -0.04375719506781966 -0.08174149577257318 0.09831101772144266 0.9917933140412659 6.6832717138163105 -2.444750968497374 -19.296935341324343 PINHOLE 1280 1024 1024.0877685546875 1023.894775390625 601.8067016601562 508.1316833496094
dataset_8_undistorted/keyframe_0_frame_000228.png 0.8603981575721816 -0.4955074228343509 0.11911226709789557 0.5030328622632103 0.8632146005387081 -0.04264481576012367 -0.08168871689640164 0.09660888231325122 0.9919646638933947 6.626182044491273 -2.3823252430579487 -19.33029301254669 PINHOLE 1280 1024 1024.0877685546875 1023.894775390625 601.8067016601562 508.1316833496094
dataset_8_undistorted/keyframe_0_frame_000229.png 0.8625319888678555 -0.491885013280196 0.11869311597147951 0.4992635122530822 0.8654556498757473 -0.04150331206056324 -0.08230890241426321 0.09505712355907417 0.9920633274000459 6.600083152302915 -2.3211012290789768 -19.398708381236702 PINHOLE 1280 1024 1024.0877685546875 1023.894775390625 601.8067016601562 508.1316833496094
dataset_8_undistorted/keyframe_0_frame_000230.png 0.8642964352710729 -0.4888130171458603 0.11854832014993044 0.4960864669875982 0.8673263111150277 -0.040537351954695135 -0.08300507347247907 0.09384646792274762 0.9921208171549972 6.592000255195359 -2.2668984804317915 -19.449398858405857 PINHOLE 1280 1024 1024.0877685546875 1023.894775390625 601.8067016601562 508.1316833496094
dataset_8_undistorted/keyframe_0_frame_000231.png 0.8648519245379934 -0.488400713178868 0.11617147056100365 0.49536053888817017 0.8677904300124458 -0.039457607092141606 -0.08154150453199481 0.09167161827176284 0.9924446997416284 6.418376281321628 -2.211741779486374 -19.450253953542415 PINHOLE 1280 1024 1024.0877685546875 1023.894775390625 601.8067016601562 508.1316833496094
dataset_8_undistorted/keyframe_0_frame_000232.png 0.866111109880231 -0.48678952187485547 0.11352211648438333 0.49351032677124856 0.868838552765913 -0.03958020222846067 -0.07936533880850923 0.09030537727955525 0.9927465941924226 6.305643612653228 -2.218862427439035 -19.463173602758275 PINHOLE 1280 1024 1024.0877685546875 1023.894775390625 601.8067016601562 508.1316833496094
dataset_8_undistorted/keyframe_0_frame_000236.png 0.8723720735271768 -0.47778246165043725 0.10339829164096406 0.48356887312398883 0.8744212465705119 -0.03935083955617212 -0.07161266447188043 0.08432871705606847 0.9938611046801568 5.70621985079849 -2.2018148042714074 -19.151794439301284 PINHOLE 1280 1024 1024.0877685546875 1023.894775390625 601.8067016601562 508.1316833496094
dataset_8_undistorted/keyframe_0_frame_000238.png 0.8765264231375856 -0.4709947765248272 0.09932773378090778 0.47645979621274476 0.8782928224558265 -0.03985505559833477 -0.06846740207501328 0.08225968837261424 0.9942566941678264 5.555352226544088 -2.2262665136411215 -18.911812116483702 PINHOLE 1280 1024 1024.0877685546875 1023.894775390625 601.8067016601562 508.1316833496094
dataset_8_undistorted/keyframe_0_frame_000239.png 0.8786355038766082 -0.46744166540324833 0.09745889760883025 0.47277350440460675 0.8802638960620448 -0.040260453789467486 -0.0669701854803949 0.08145003304985513 0.9944249818429903 5.407323209818244 -2.25588659878872 -18.738442741955282 PINHOLE 1280 1024 1024.0877685546875 1023.894775390625 601.8067016601562 508.1316833496094
dataset_8_undistorted/keyframe_0_frame_000240.png 0.8806814565018852 -0.4639582138898917 0.0956211527324366 0.4691537700279529 0.8821847103722631 -0.04055658656526473 -0.06553904352646592 0.08057854015774385 0.994591033522451 5.31712732133839 -2.258325890949436 -18.52661031646778 PINHOLE 1280 1024 1024.0877685546875 1023.894775390625 601.8067016601562 508.1316833496094
dataset_8_undistorted/keyframe_0_frame_000243.png 0.8868317792092837 -0.4529674484319658 0.0913821899185564 0.45790157810128856 0.8880077667413567 -0.04205636959418696 -0.062098036799640835 0.07914084216872909 0.9949275888591409 5.141328575008174 -2.322723087366967 -17.986598722983672 PINHOLE 1280 1024 1024.0877685546875 1023.894775390625 601.8067016601562 508.1316833496094
dataset_8_undistorted/keyframe_0_frame_000245.png 0.8905871556828114 -0.44599940830716034 0.08910282341877575 0.45079865447906853 0.8915923397313545 -0.04293835966477799 -0.060292943462680416 0.07840762901061148 0.9950964595699908 4.945005529787096 -2.39905833341777 -17.629641769442173 PINHOLE 1280 1024 1024.0877685546875 1023.894775390625 601.8067016601562 508.1316833496094
dataset_8_undistorted/keyframe_0_frame_000250.png 0.9015418871004178 -0.4247259140357259 0.08264432894798328 0.4291543015111621 0.9020829447982666 -0.04552985060420848 -0.05521443271543822 0.07651429819727845 0.9955387096802083 4.581314126909518 -2.5455200597355088 -16.92941163416208 PINHOLE 1280 1024 1024.0877685546875 1023.894775390625 601.8067016601562 508.1316833496094
dataset_8_undistorted/keyframe_0_frame_000254.png 0.909235880406241 -0.40891234449113095 0.07797792986315315 0.4130630620448308 0.9094834406955756 -0.047103799787255145 -0.0516583606341958 0.07503830019560656 0.9958418950505351 4.361854804339025 -2.6316211602436397 -16.45543795581341 PINHOLE 1280 1024 1024.0877685546875 1023.894775390625 601.8067016601562 508.1316833496094
dataset_8_undistorted/keyframe_0_frame_000255.png 0.9106016223797311 -0.4060198821040412 0.07715574257128709 0.41012207164432707 0.9107993995024165 -0.04737202582599376 -0.0510395605581339 0.07478037579102438 0.9958928835079374 4.243266660335436 -2.638775791216858 -16.304234662485328 PINHOLE 1280 1024 1024.0877685546875 1023.894775390625 601.8067016601562 508.1316833496094
dataset_8_undistorted/keyframe_0_frame_000257.png 0.914427042592471 -0.3977416120209886 0.07500309502331692 0.4017243841105252 0.914490225089437 -0.04822762168644253 -0.049407536277084434 0.07423118330595577 0.9960168254602214 4.219711177991787 -2.677444883112912 -16.162235906465867 PINHOLE 1280 1024 1024.0877685546875 1023.894775390625 601.8067016601562 508.1316833496094
dataset_8_undistorted/keyframe_0_frame_000260.png 0.9202935664614604 -0.38464047052386413 0.07149852498845756 0.3884245834647067 0.9201519766473027 -0.04947205665942722 -0.046760552497065705 0.07330059236744821 0.9962133294793506 3.960693769998685 -2.76174114282594 -15.745763504329943 PINHOLE 1280 1024 1024.0877685546875 1023.894775390625 601.8067016601562 508.1316833496094
dataset_8_undistorted/keyframe_0_frame_000264.png 0.9261416958952516 -0.37094425715707746 0.06828056036179772 0.3745822533306766 0.9257701076420612 -0.051368453197130695 -0.04415727944006607 0.07315124044601069 0.9963432004150634 3.7755389974126423 -2.8721848453321854 -15.554072557236168 PINHOLE 1280 1024 1024.0877685546875 1023.894775390625 601.8067016601562 508.1316833496094
dataset_8_undistorted/keyframe_0_frame_000271.png 0.934602695983989 -0.35000376857895465 0.06336843557604999 0.35343931682690777 0.9338492968116994 -0.05483795235665988 -0.03998304115149624 0.07364872448936041 0.9964828394119054 3.506204400863119 -3.0603583472086484 -15.472877115879783 PINHOLE 1280 1024 1024.0877685546875 1023.894775390625 601.8067016601562 508.1316833496094
dataset_8_undistorted/keyframe_0_frame_000273.png 0.9371211139054257 -0.3434688789585601 0.06191432713100219 0.3468513915026099 0.9362425420040341 -0.056074917592741365 -0.03870685096779116 0.07402387943167085 0.9965051249029394 3.422230675118179 -3.131676308519218 -15.495667973967784 PINHOLE 1280 1024 1024.0877685546875 1023.894775390625 601.8067016601562 508.1316833496094
dataset_8_undistorted/keyframe_0_frame_000275.png 0.9394996662148352 -0.337146889780245 0.060605588553909594 0.3404981041350849 0.9384769771733885 -0.057634343537457215 -0.03744576079721934 0.07478364674556737 0.996496083726307 3.3933256268961713 -3.21790773342218 -15.533458561123325 PINHOLE 1280 1024 1024.0877685546875 1023.894775390625 601.8067016601562 508.1316833496094
dataset_8_undistorted/keyframe_0_frame_000277.png 0.9423840267924875 -0.32929226849897714 0.0589861153231903 0.33261120309004744 0.9411640388146362 -0.05983900967317417 -0.035811137985674424 0.07601073685779754 0.9964640800262022 3.25593764618111 -3.34392451489839 -15.590190701622305 PINHOLE 1280 1024 1024.0877685546875 1023.894775390625 601.8067016601562 508.1316833496094
dataset_8_undistorted/keyframe_0_frame_000278.png 0.9445282635134149 -0.32330815237274974 0.05777370736068545 0.3266083081161137 0.943143291513112 -0.061709620468027006 -0.034537589625938676 0.07715575708797871 0.9964210057408972 3.1935116524706473 -3.4436639826490136 -15.635799927649373 PINHOLE 1280 1024 1024.0877685546875 1023.894775390625 601.8067016601562 508.1316833496094
dataset_8_undistorted/keyframe_0_frame_000279.png 0.9455804122274996 -0.3203300694089344 0.05715655541127865 0.3236175468815769 0.9441151179163598 -0.06260063955503953 -0.033909632378593825 0.07769063220454209 0.9964008477225901 3.112066654215667 -3.4953689611625123 -15.666180397025641 PINHOLE 1280 1024 1024.0877685546875 1023.894775390625 601.8067016601562 508.1316833496094
dataset_8_undistorted/keyframe_0_frame_000280.png 0.9465621298465947 -0.31750824531722754 0.05664492352012767 0.32079278885733037 0.945013936977191 -0.06356288863429266 -0.033348526735074956 0.07833754662971829 0.9963686860775237 3.1303617193496933 -3.546889250645563 -15.689312352986235 PINHOLE 1280 1024 1024.0877685546875 1023.894775390625 601.8067016601562 508.1316833496094
dataset_8_undistorted/keyframe_0_frame_000283.png 0.9503274524263937 -0.30641990826631454 0.05462768982122968 0.30968910261467614 0.9484424311126078 -0.0674513210442639 -0.031142815676905706 0.0810183360816035 0.9962262832104487 3.02035676598571 -3.7619232076333446 -15.868943159618993 PINHOLE 1280 1024 1024.0877685546875 1023.894775390625 601.8067016601562 508.1316833496094
dataset_8_undistorted/keyframe_0_frame_000284.png 0.9521015503410515 -0.30102473888152326 0.053729005614358796 0.304281455564693 0.9500754199258239 -0.06906637585998386 -0.030256008162752 0.08210682849229262 0.9961642951381827 2.9620500787919752 -3.8585263128311453 -16.03492000615779 PINHOLE 1280 1024 1024.0877685546875 1023.894775390625 601.8067016601562 508.1316833496094
dataset_8_undistorted/keyframe_0_frame_000285.png 0.9537324213587366 -0.29596930203649 0.05288208795954217 0.2992092671466548 0.951581106763024 -0.07047531404326639 -0.02946307329425474 0.08303734313398559 0.9961106559930045 2.9850845452495633 -3.9517220262628143 -16.22680831216121 PINHOLE 1280 1024 1024.0877685546875 1023.894775390625 601.8067016601562 508.1316833496094
dataset_8_undistorted/keyframe_0_frame_000286.png 0.9550879712080224 -0.2916999450105504 0.052137227029270705 0.2949231912549737 0.9528273508163044 -0.07169963322364578 -0.02876295992069459 0.08385580323268015 0.9960629984805652 2.948867354685021 -4.016202252303401 -16.406205826328573 PINHOLE 1280 1024 1024.0877685546875 1023.894775390625 601.8067016601562 508.1316833496094
dataset_8_undistorted/keyframe_0_frame_000288.png 0.9573527845328793 -0.28443828772702195 0.05069988133703282 0.2876181609101288 0.9548944925539476 -0.07383970460196385 -0.027410196439960306 0.08527290237491764 0.9959806535914676 2.863048400114991 -4.140242614338604 -16.959170292519957 PINHOLE 1280 1024 1024.0877685546875 1023.894775390625 601.8067016601562 508.1316833496094
dataset_8_undistorted/keyframe_0_frame_000289.png 0.9584095251400753 -0.28096652320854126 0.05008832492828013 0.2841333620695857 0.9558505813084228 -0.07495374034117966 -0.026817456008585767 0.0860680799701471 0.9959286036857957 2.8730842486818347 -4.204788038710149 -17.25092089328814 PINHOLE 1280 1024 1024.0877685546875 1023.894775390625 601.8067016601562 508.1316833496094
dataset_8_undistorted/keyframe_0_frame_000292.png 0.9618761357632439 -0.26921930390592985 0.048113351324493875 0.27232073440022625 0.9590578874616454 -0.07777661996138527 -0.025204484847573518 0.08791366920092716 0.995809176180542 2.656610133564328 -4.338152056747504 -18.17669609324048 PINHOLE 1280 1024 1024.0877685546875 1023.894775390625 601.8067016601562 508.1316833496094
dataset_8_undistorted/keyframe_0_frame_000294.png 0.9647788619848313 -0.2588485323592535 0.046896349477911436 0.26192297365635786 0.9617867041482718 -0.07976860802748897 -0.024456376472593293 0.08924228343774857 0.9957097957995025 2.583023827867862 -4.4531842204846726 -18.886178335599084 PINHOLE 1280 1024 1024.0877685546875 1023.894775390625 601.8067016601562 508.1316833496094
dataset_8_undistorted/keyframe_0_frame_000295.png 0.9655041636134533 -0.2561766464812699 0.04663644138457201 0.2592478112428334 0.9624717191642765 -0.08023732696187688 -0.02433136459081546 0.08955982144401327 0.9956838890785892 2.571258819155105 -4.477127367569665 -19.0773470287005 PINHOLE 1280 1024 1024.0877685546875 1023.894775390625 601.8067016601562 508.1316833496094
dataset_8_undistorted/keyframe_0_frame_000297.png 0.968236587338976 -0.2458223146931157 0.04571469007425636 0.24888679777709785 0.9650532581865078 -0.08202636877841375 -0.023953221184732705 0.09079869554316514 0.9955812772597515 2.5557190742007094 -4.586395649269662 -19.9017803552141 PINHOLE 1280 1024 1024.0877685546875 1023.894775390625 601.8067016601562 508.1316833496094
dataset_8_undistorted/keyframe_0_frame_000300.png 0.9716410363239097 -0.23219888964544738 0.04469253086403938 0.2352642988999047 0.9682897773998178 -0.08405958286801984 -0.023756801879040713 0.09219029830713676 0.9954583817296745 2.504180936200669 -4.696359479942657 -21.001777888129368 PINHOLE 1280 1024 1024.0877685546875 1023.894775390625 601.8067016601562 508.1316833496094
dataset_8_undistorted/keyframe_0_frame_000301.png 0.9723672036305909 -0.2291829936647421 0.044463085751371666 0.23224593122131615 0.9689881687249485 -0.08440108811215383 -0.023740923206634987 0.09239528191265793 0.9954393769217524 2.447220835274635 -4.710892900722911 -21.2348856868075 PINHOLE 1280 1024 1024.0877685546875 1023.894775390625 601.8067016601562 508.1316833496094
dataset_8_undistorted/keyframe_0_frame_000302.png 0.9730173108597414 -0.22643563876987752 0.04432183776157708 0.22950538407528728 0.9696034234130443 -0.08483330880734287 -0.02376546311782192 0.09271625982709611 0.9954087304737153 2.5578675597070912 -4.72923928524915 -21.510866339315953 PINHOLE 1280 1024 1024.0877685546875 1023.894775390625 601.8067016601562 508.1316833496094
dataset_8_undistorted/keyframe_0_frame_000303.png 0.9737182852258268 -0.22344791681779796 0.044090596396447364 0.22651490117527867 0.9702759460258089 -0.08517661950044181 -0.02374756397912806 0.09292518960999875 0.9953895904212082 2.429245801237613 -4.752227106263945 -21.70157846961979 PINHOLE 1280 1024 1024.0877685546875 1023.894775390625 601.8067016601562 508.1316833496094
dataset_8_undistorted/keyframe_0_frame_000307.png 0.9763731437322848 -0.21166425448706652 0.0435212776166825 0.2147577388696033 0.9728080168632093 -0.08674233117925745 -0.023977626442193704 0.09403934326985304 0.9952798800356835 2.4330238714877055 -4.85013949681661 -22.675932612047973 PINHOLE 1280 1024 1024.0877685546875 1023.894775390625 601.8067016601562 508.1316833496094
dataset_8_undistorted/keyframe_0_frame_000308.png 0.9770486011210008 -0.20855280112446675 0.043384034697241114 0.21165343298167116 0.973456141194455 -0.08709715547537994 -0.024068085252363897 0.0942806549692018 0.9952543588358492 2.3956477549443775 -4.8556731920787115 -22.867372779026482 PINHOLE 1280 1024 1024.0877685546875 1023.894775390625 601.8067016601562 508.1316833496094
dataset_8_undistorted/keyframe_0_frame_000311.png 0.9802719700618703 -0.1929548711877392 0.04284126205500995 0.19610953614569743 0.9765319255882657 -0.08902903885927764 -0.02465726440094696 0.09567421599358068 0.99510714209904 2.3597693152551926 -4.96681237865414 -24.103308637890223 PINHOLE 1280 1024 1024.0877685546875 1023.894775390625 601.8067016601562 508.1316833496094
dataset_8_undistorted/keyframe_0_frame_000314.png 0.9828565786726028 -0.17943448445457982 0.042382047502146934 0.18262779548046004 0.979031163308929 -0.09025314077937534 -0.02529879144123247 0.09644576137659454 0.9950167956314036 2.334317520737102 -5.034610979905665 -25.309022116493907 PINHOLE 1280 1024 1024.0877685546875 1023.894775390625 601.8067016601562 508.1316833496094
dataset_8_undistorted/keyframe_0_frame_000315.png 0.9835274036867995 -0.17574456301936392 0.042284332838842156 0.17894605524069793 0.9796992244504314 -0.09038030629003625 -0.02554209723891552 0.09645828642570112 0.9950095653133075 2.3288469839013146 -5.041691817169067 -25.661646670317964 PINHOLE 1280 1024 1024.0877685546875 1023.894775390625 601.8067016601562 508.1316833496094
dataset_8_undistorted/keyframe_0_frame_000316.png 0.9842248956890962 -0.1718117834515422 0.042213678764198535 0.17502543061073228 0.9803938861024575 -0.09052445390836088 -0.025832938862420347 0.09648486878245889 0.9949995875827532 2.3249925863640897 -5.049730635231299 -26.03071786296016 PINHOLE 1280 1024 1024.0877685546875 1023.894775390625 601.8067016601562 508.1316833496094
dataset_8_undistorted/keyframe_0_frame_000319.png 0.986065651221919 -0.16090795288102247 0.04222960119927225 0.16417899401025007 0.9822217617777614 -0.09102884027582094 -0.026831686533265706 0.09669357171053955 0.9949527059630486 2.282350456635527 -5.0699992623506205 -27.025581309315726 PINHOLE 1280 1024 1024.0877685546875 1023.894775390625 601.8067016601562 508.1316833496094
dataset_8_undistorted/keyframe_0_frame_000320.png 0.9866606738717231 -0.15722135294053738 0.042216579746507485 0.16051170674549406 0.9828062934353662 -0.09125642298194617 -0.027143324994714873 0.09681518555558065 0.9949322075807464 2.328317691322411 -5.0883436766457635 -27.351316901693735 PINHOLE 1280 1024 1024.0877685546875 1023.894775390625 601.8067016601562 508.1316833496094
dataset_8_undistorted/keyframe_0_frame_000322.png 0.987784503561342 -0.15000147215563392 0.0422049350378742 0.15332750362985909 0.9839237390466515 -0.09156466451453904 -0.02779167965973445 0.09691717130642542 0.9949038503196068 2.3217722989057847 -5.108466382778261 -27.96634029555821 PINHOLE 1280 1024 1024.0877685546875 1023.894775390625 601.8067016601562 508.1316833496094
dataset_8_undistorted/keyframe_0_frame_000326.png 0.9898214806886014 -0.13598625007588688 0.0419684501417617 0.13936146024249269 0.9859421650346697 -0.09217150141268735 -0.028844473111308087 0.09708202301337042 0.9948578097845221 2.314818365383985 -5.138770760396028 -29.036276053649658 PINHOLE 1280 1024 1024.0877685546875 1023.894775390625 601.8067016601562 508.1316833496094
dataset_8_undistorted/keyframe_0_frame_000328.png 0.9907757760202479 -0.12894635585221478 0.04166662201236588 0.13232253724276555 0.9869026884814295 -0.09226330728473724 -0.029223954038659287 0.09692592232667795 0.9948618247870061 2.2980765031626333 -5.1435616520345775 -29.569405449381748 PINHOLE 1280 1024 1024.0877685546875 1023.894775390625 601.8067016601562 508.1316833496094
dataset_8_undistorted/keyframe_0_frame_000334.png 0.9939763744761123 -0.1022810825261485 0.03936092963726925 0.10545735114422389 0.9903839657657786 -0.08954780092838745 -0.029823421630601702 0.09315921927934946 0.9952048216294643 2.1633677249427024 -4.99379690618639 -30.95437650367785 PINHOLE 1280 1024 1024.0877685546875 1023.894775390625 601.8067016601562 508.1316833496094
dataset_8_undistorted/keyframe_0_frame_000335.png 0.9943963235970571 -0.09829049367683594 0.038928133152300703 0.10141719530626903 0.9908767784164602 -0.0887565870495337 -0.029849056087262026 0.09220718051134925 0.9952921318090139 2.145422554807908 -4.946411927231566 -31.187801882192502 PINHOLE 1280 1024 1024.0877685546875 1023.894775390625 601.8067016601562 508.1316833496094
dataset_8_undistorted/keyframe_0_frame_000337.png 0.9951560565914782 -0.09064442715614364 0.038056907306166045 0.09366395835746391 0.9917993549682568 -0.08696116023273343 -0.029862273037108193 0.09010453039100562 0.9954851208452752 2.1563710805503433 -4.877605905383916 -31.64724272580804 PINHOLE 1280 1024 1024.0877685546875 1023.894775390625 601.8067016601562 508.1316833496094
dataset_8_undistorted/keyframe_0_frame_000340.png 0.9963562803999656 -0.07726002562147179 0.036118616221945364 0.08003205271714703 0.9933367076240643 -0.08293147069297356 -0.029470595793455956 0.08551992190520076 0.9959010245503406 2.0285251023110504 -4.632500518571078 -32.41139831005228 PINHOLE 1280 1024 1024.0877685546875 1023.894775390625 601.8067016601562 508.1316833496094
dataset_8_undistorted/keyframe_0_frame_000341.png 0.9967171770328203 -0.07287489841059729 0.03527313754989317 0.0755419662092314 0.9938185700393874 -0.08135544459656584 -0.029126391195168834 0.0837529606872368 0.9960610155064944 1.9351919362737249 -4.534671359818049 -32.67722820608401 PINHOLE 1280 1024 1024.0877685546875 1023.894775390625 601.8067016601562 508.1316833496094
dataset_8_undistorted/keyframe_0_frame_000342.png 0.9970082048817529 -0.0691703902938459 0.034489255202082514 0.0717411389956595 0.9942161388114386 -0.07992029479071623 -0.02876164300838321 0.0821553683626425 0.9962045026919244 1.953334897692855 -4.486097130229609 -32.94905923175861 PINHOLE 1280 1024 1024.0877685546875 1023.894775390625 601.8067016601562 508.1316833496094
dataset_8_undistorted/keyframe_0_frame_000344.png 0.9974456161173905 -0.06338833209023666 0.03292737781406274 0.06576179492850937 0.994870539803797 -0.07685754615770542 -0.027886774578295408 0.07882627522956659 0.9964977213472337 1.921825922487642 -4.296705517746659 -33.458124854713446 PINHOLE 1280 1024 1024.0877685546875 1023.894775390625 601.8067016601562 508.1316833496094
dataset_8_undistorted/keyframe_0_frame_000349.png 0.9983818816881077 -0.04956476987996432 0.027880548036776847 0.0514125484868124 0.9962202321187192 -0.07001178684250563 -0.024305100087823057 0.07133181858344553 0.9971561035015626 1.5252517445133549 -3.8975389467789228 -34.82408541452173 PINHOLE 1280 1024 1024.0877685546875 1023.894775390625 601.8067016601562 508.1316833496094
dataset_8_undistorted/keyframe_0_frame_000350.png 0.9984830076100002 -0.048123065684816536 0.026763257058330714 0.0498705335662149 0.996369667940399 -0.0689973100258711 -0.023345743378157032 0.0702274952482248 0.997257822345459 1.4627288050286325 -3.840902177343878 -35.11398128558369 PINHOLE 1280 1024 1024.0877685546875 1023.894775390625 601.8067016601562 508.1316833496094
dataset_8_undistorted/keyframe_0_frame_000351.png 0.998568416836249 -0.047007911790076684 0.02552573721811385 0.048650765603374675 0.9964921309192579 -0.06809666826843437 -0.022235129561669877 0.0692408514991722 0.9973523592165161 1.433061165643437 -3.804504895976379 -35.41544283069595 PINHOLE 1280 1024 1024.0877685546875 1023.894775390625 601.8067016601562 508.1316833496094
dataset_8_undistorted/keyframe_0_frame_000352.png 0.9986451443091177 -0.046016926170130555 0.024292930469058605 0.047557754315854475 0.9966049989602076 -0.06720692588077068 -0.021117795560423716 0.06827097827510531 0.9974432827727514 1.3216142352804354 -3.7421135580884766 -35.685962431120174 PINHOLE 1280 1024 1024.0877685546875 1023.894775390625 601.8067016601562 508.1316833496094
dataset_8_undistorted/keyframe_0_frame_000353.png 0.9987165763908741 -0.04515076894664505 0.022948357032308936 0.04658635669835077 0.9967020346469712 -0.06644171625276858 -0.019872832928373222 0.06742553115760597 0.9975263007116952 1.2494317753700557 -3.6977947361001497 -35.932373272611244 PINHOLE 1280 1024 1024.0877685546875 1023.894775390625 601.8067016601562 508.1316833496094
dataset_8_undistorted/keyframe_0_frame_000355.png 0.9988610429932966 -0.04329316077333886 0.02005768887986881 0.04450980589461131 0.9969041435717811 -0.06481289404971036 -0.017189664746155096 0.06563181701730608 0.9976957895146794 1.0878390774130935 -3.606677352094948 -36.4423971751296 PINHOLE 1280 1024 1024.0877685546875 1023.894775390625 601.8067016601562 508.1316833496094
dataset_8_undistorted/keyframe_0_frame_000360.png 0.9992976197600799 -0.03616111387751198 0.009846330279144864 0.03668171850835699 0.9975737892106373 -0.05917801946565494 -0.007682532862634731 0.059497750065426604 0.9981993875537928 0.5813918977012236 -3.3244111811720813 -37.6474135566059 PINHOLE 1280 1024 1024.0877685546875 1023.894775390625 601.8067016601562 508.1316833496094
dataset_8_undistorted/keyframe_0_frame_000361.png 0.9993834402829098 -0.03422150138916603 0.007852026005688077 0.03462135470891982 0.9977039355072567 -0.05821460674313245 -0.005841763487356888 0.05845046388906273 0.9982734938430042 0.4024643783462807 -3.238744460922817 -37.82215494526622 PINHOLE 1280 1024 1024.0877685546875 1023.894775390625 601.8067016601562 508.1316833496094
dataset_8_undistorted/keyframe_0_frame_000362.png 0.999479482787531 -0.03183925271313959 0.0052035542289147665 0.03208337696746803 0.9978762318511719 -0.05669710248011401 -0.0033873071815839375 0.05683443950090645 0.9983782969312802 0.25438502901573656 -3.1538078849780504 -38.054794212534034 PINHOLE 1280 1024 1024.0877685546875 1023.894775390625 601.8067016601562 508.1316833496094
dataset_8_undistorted/keyframe_0_frame_000363.png 0.9995807264900939 -0.02883788070043108 0.002537988209587924 0.028934011477432162 0.9980591314714853 -0.05514281894375942 -0.0009428511663024236 0.05519297469961073 0.9984753834290188 0.105327835164303 -3.0667506225988745 -38.30582370352772 PINHOLE 1280 1024 1024.0877685546875 1023.894775390625 601.8067016601562 508.1316833496094
dataset_8_undistorted/keyframe_0_frame_000368.png 0.9998105418114813 -0.01664961727344155 -0.010092918712558366 0.016144158887092953 0.9987053097737008 -0.04824358988225983 0.010883122992910874 0.04807139329140041 0.998784658716396 -0.5366613675737426 -2.7149604219416688 -39.379400932625 PINHOLE 1280 1024 1024.0877685546875 1023.894775390625 601.8067016601562 508.1316833496094
dataset_8_undistorted/keyframe_0_frame_000370.png 0.9997922448130281 -0.013852886555162893 -0.014960156121559728 0.013154039924005077 0.9988621496970059 -0.045846727152264025 0.015578238096678644 0.04564030055760651 0.9988365839225606 -0.8727296816843477 -2.5460226408220024 -39.66834707077135 PINHOLE 1280 1024 1024.0877685546875 1023.894775390625 601.8067016601562 508.1316833496094
dataset_8_undistorted/keyframe_0_frame_000372.png 0.9996914580256508 -0.013852953148990365 -0.02061836119801346 0.01294736450995751 0.9989724510280589 -0.043420754554402245 0.021198663050273063 0.04314047281553707 0.9988436343172583 -1.146929375611876 -2.4244235366700195 -40.0491500763103 PINHOLE 1280 1024 1024.0877685546875 1023.894775390625 601.8067016601562 508.1316833496094
dataset_8_undistorted/keyframe_0_frame_000375.png 0.9995299661842945 -0.00944967506641789 -0.02915694606293549 0.008243721252155663 0.9991166014132303 -0.04121242814150853 0.029520584830061192 0.04095253649726573 0.9987250001011336 -1.6638402819770022 -2.285227939063134 -40.68007151248037 PINHOLE 1280 1024 1024.0877685546875 1023.894775390625 601.8067016601562 508.1316833496094
dataset_8_undistorted/keyframe_0_frame_000377.png 0.9993822011214373 -0.006399154944546351 -0.03455388211279641 0.005008296478556384 0.9991791652210605 -0.04018783282039547 0.03478277896133118 0.03998974701356124 0.9985942267513646 -1.920663427235695 -2.2406031291836825 -41.12866413578092 PINHOLE 1280 1024 1024.0877685546875 1023.894775390625 601.8067016601562 508.1316833496094
dataset_8_undistorted/keyframe_0_frame_000379.png 0.9992200994485322 -0.003655725898204587 -0.039314769684266136 0.0021111095087194215 0.9992268887740385 -0.039260476908393564 0.0394279591385581 0.039146759783206427 0.9984555496234293 -2.197595801005832 -2.1951778964221376 -41.57486753686328 PINHOLE 1280 1024 1024.0877685546875 1023.894775390625 601.8067016601562 508.1316833496094
dataset_8_undistorted/keyframe_0_frame_000380.png 0.9991212814851043 -0.0022689456578581053 -0.04184782119265546 0.0006448494432107385 0.9992472807597875 -0.038782551912584735 0.041904343367517714 0.03872123165510931 0.9983709281153905 -2.252161472355681 -2.1702005595936953 -41.75805216285619 PINHOLE 1280 1024 1024.0877685546875 1023.894775390625 601.8067016601562 508.1316833496094
dataset_8_undistorted/keyframe_0_frame_000381.png 0.9989732398985699 -0.00028553730677570503 -0.04530460156786034 -0.0014441552038891383 0.9992711516868616 -0.03814281805375012 0.045282567349782026 0.038169053982326104 0.9982448450591688 -2.527155490516577 -2.129388024998889 -41.995531430991605 PINHOLE 1280 1024 1024.0877685546875 1023.894775390625 601.8067016601562 508.1316833496094
dataset_8_undistorted/keyframe_0_frame_000382.png 0.9988362181283904 0.0016419028769918144 -0.04819949829766446 -0.0034579264485449725 0.9992861871595863 -0.037622436004596284 0.04810337924239959 0.0377452159805946 0.9981291276490557 -2.7258376649996308 -2.0822306586519517 -42.17613279698219 PINHOLE 1280 1024 1024.0877685546875 1023.894775390625 601.8067016601562 508.1316833496094
dataset_8_undistorted/keyframe_0_frame_000385.png 0.9983447870214424 0.00623990353863135 -0.05717222669777423 -0.008328089434399616 0.9993040909899908 -0.03636250650826831 0.05690565584855295 0.0367784908467328 0.9977021653989618 -3.1958304315785426 -2.033154934408685 -42.79017239293762 PINHOLE 1280 1024 1024.0877685546875 1023.894775390625 601.8067016601562 508.1316833496094
dataset_8_undistorted/keyframe_0_frame_000396.png 0.9973743077304054 -0.003039954549999224 -0.07235322583994047 -0.00020306901125552728 0.9989965121581972 -0.0447716625845647 0.07241678170020112 0.0446685858358937 0.9963729534071781 -4.034812553032566 -2.496959956285764 -45.14728231331935 PINHOLE 1280 1024 1024.0877685546875 1023.894775390625 601.8067016601562 508.1316833496094
dataset_8_undistorted/keyframe_0_frame_000398.png 0.9973361136630616 -0.011380538982722855 -0.07205098891519865 0.007850148253113188 0.9987635736885377 -0.04909701863258455 0.07252078633627651 0.048400692587530984 0.9961922282177941 -4.022789579139953 -2.741988170376544 -45.45353548250398 PINHOLE 1280 1024 1024.0877685546875 1023.894775390625 601.8067016601562 508.1316833496094
dataset_8_undistorted/keyframe_0_frame_000402.png 0.9971028050024238 -0.022865628487065477 -0.0725482260765482 0.01850155940361101 0.9980108393472513 -0.060268626676074764 0.07378208408084655 0.058751712411971316 0.995542439846432 -4.052954850788126 -3.3681796860619215 -46.2623952267287 PINHOLE 1280 1024 1024.0877685546875 1023.894775390625 601.8067016601562 508.1316833496094
dataset_8_undistorted/keyframe_0_frame_000403.png 0.9970174910207523 -0.024995516923627743 -0.07301700434009431 0.02040251001431029 0.9978054476604071 -0.06298557493732329 0.07443114693746085 0.06130786064366307 0.9953392329829571 -4.114503763665141 -3.5018098889206613 -46.49659732723899 PINHOLE 1280 1024 1024.0877685546875 1023.894775390625 601.8067016601562 508.1316833496094
dataset_8_undistorted/keyframe_0_frame_000405.png 0.9968469328263345 -0.027955277203262924 -0.07426145032611205 0.022971568413118985 0.9974793242141387 -0.06713884187120928 0.0759512365322605 0.06522115129791808 0.9949763764666757 -4.146452593327979 -3.750925997463355 -46.96483313450301 PINHOLE 1280 1024 1024.0877685546875 1023.894775390625 601.8067016601562 508.1316833496094
dataset_8_undistorted/keyframe_0_frame_000406.png 0.9967448744141525 -0.029484327732957904 -0.07503519555430935 0.02430507486332303 0.997318566654417 -0.06902671342038563 0.07686928116346375 0.06697814295073866 0.9947887728068324 -4.232187493782874 -3.8429038404512994 -47.131388675470475 PINHOLE 1280 1024 1024.0877685546875 1023.894775390625 601.8067016601562 508.1316833496094
dataset_8_undistorted/keyframe_0_frame_000407.png 0.9966383118226312 -0.031231781848322194 -0.07574207385257233 0.025869457092014225 0.9971567255364272 -0.07077389363628 0.07773716642827298 0.06857651739971508 0.9946123530300438 -4.233869400673257 -3.9570633250225455 -47.359252320007386 PINHOLE 1280 1024 1024.0877685546875 1023.894775390625 601.8067016601562 508.1316833496094
dataset_8_undistorted/keyframe_0_frame_000409.png 0.9963835723320189 -0.03591406400182423 -0.07700138283824454 0.030168412712865106 0.9967622950295889 -0.07452582238757159 0.07942864147448611 0.07193307970661551 0.9942416620998854 -4.301954016338243 -4.165368463442974 -47.715835732919686 PINHOLE 1280 1024 1024.0877685546875 1023.894775390625 601.8067016601562 508.1316833496094
dataset_8_undistorted/keyframe_0_frame_000410.png 0.9962513815283814 -0.038311162586174605 -0.07755844735115093 0.032364973432772746 0.9965425104536723 -0.07652654730226295 0.08022219673653422 0.07372942279459058 0.9940469888385924 -4.335375461146839 -4.278667339046706 -47.87958140909609 PINHOLE 1280 1024 1024.0877685546875 1023.894775390625 601.8067016601562 508.1316833496094
dataset_8_undistorted/keyframe_0_frame_000412.png 0.9959663383767122 -0.043830401397150644 -0.07829345976153805 0.037468809441090496 0.9960130083722295 -0.08095176643415533 0.08152961979487268 0.07769180076120388 0.9936380624088456 -4.369598685801748 -4.521820296191436 -48.14382346858861 PINHOLE 1280 1024 1024.0877685546875 1023.894775390625 601.8067016601562 508.1316833496094
dataset_8_undistorted/keyframe_0_frame_000414.png 0.9956383985292554 -0.05000865532200087 -0.07876237001162173 0.043159912475004635 0.9953272037633905 -0.0863802266631375 0.08271417702881544 0.08260393732218056 0.9931440890416791 -4.402709038377338 -4.829581911782043 -48.50945152529562 PINHOLE 1280 1024 1024.0877685546875 1023.894775390625 601.8067016601562 508.1316833496094
dataset_8_undistorted/keyframe_0_frame_000415.png 0.9955132180491744 -0.05205596282238829 -0.0790147152759461 0.044970120411122964 0.9950198736081028 -0.08895073108428493 0.08325170156271705 0.08499809332326362 0.9928964324724547 -4.45057457440987 -4.955286772575619 -48.616821434407484 PINHOLE 1280 1024 1024.0877685546875 1023.894775390625 601.8067016601562 508.1316833496094
dataset_8_undistorted/keyframe_0_frame_000419.png 0.9946729384323284 -0.06547118543914289 -0.079621617774621 0.05770951264684935 0.9936917510128352 -0.0961569876226198 0.08541485590970638 0.0910495975565661 0.992176157398502 -4.446334180882047 -5.373523540917404 -49.010478781522124 PINHOLE 1280 1024 1024.0877685546875 1023.894775390625 601.8067016601562 508.1316833496094
dataset_8_undistorted/keyframe_0_frame_000420.png 0.9944027590218936 -0.06968965677203218 -0.0794131985584278 0.06177624314327027 0.993258217871091 -0.09808791105764163 0.08571361353965246 0.09263291208710941 0.9920039376338768 -4.436865961280716 -5.482734232232588 -49.11343169137092 PINHOLE 1280 1024 1024.0877685546875 1023.894775390625 601.8067016601562 508.1316833496094
dataset_8_undistorted/keyframe_0_frame_000421.png 0.9941680622500634 -0.07316020370001029 -0.07923262156647615 0.06510182762357346 0.9928645690935723 -0.0999105903383048 0.08597683855702787 0.09416958308497203 0.9918367136811875 -4.426811143252223 -5.584867505097463 -49.2022734248975 PINHOLE 1280 1024 1024.0877685546875 1023.894775390625 601.8067016601562 508.1316833496094
dataset_8_undistorted/keyframe_0_frame_000424.png 0.9934892814248572 -0.0822221770707528 -0.07885833598931137 0.07363117699850773 0.991607021339817 -0.10627154417136765 0.08693444312815761 0.09977310415340818 0.9912048951325734 -4.399297198064119 -5.936553919758353 -49.297905274952996 PINHOLE 1280 1024 1024.0877685546875 1023.894775390625 601.8067016601562 508.1316833496094
dataset_8_undistorted/keyframe_0_frame_000425.png 0.9932658592220598 -0.08491537865616232 -0.07881716636230163 0.07604512135280803 0.9910809254858587 -0.10943198822517224 0.08740676298650224 0.10270133409876835 0.9908644053910911 -4.401383690065757 -6.115981133165633 -49.33276012230999 PINHOLE 1280 1024 1024.0877685546875 1023.894775390625 601.8067016601562 508.1316833496094
dataset_8_undistorted/keyframe_0_frame_000427.png 0.9930201081409448 -0.08803540732108792 -0.07849180751707084 0.07874593567346236 0.9903000316729123 -0.11447370107407402 0.08780828915463183 0.10749374684180817 0.9903200748112373 -4.430750374101876 -6.389061521844951 -49.3448430859703 PINHOLE 1280 1024 1024.0877685546875 1023.894775390625 601.8067016601562 508.1316833496094
dataset_8_undistorted/keyframe_0_frame_000429.png 0.9926945493126254 -0.09292195291953438 -0.07696055894109106 0.08333065348130925 0.9893143753033945 -0.11963644475737206 0.08725515305702465 0.1123493291042171 0.9898302060431332 -4.338649389452087 -6.674423420386802 -49.32602126056054 PINHOLE 1280 1024 1024.0877685546875 1023.894775390625 601.8067016601562 508.1316833496094
dataset_8_undistorted/keyframe_0_frame_000430.png 0.992450940919566 -0.09646563042261035 -0.07573528195718476 0.08684468949740863 0.9887948147073744 -0.12141931734282645 0.08659951600255816 0.1139254870446399 0.989707604346513 -4.233479617576961 -6.788462641944989 -49.35554245828246 PINHOLE 1280 1024 1024.0877685546875 1023.894775390625 601.8067016601562 508.1316833496094
dataset_8_undistorted/keyframe_0_frame_000433.png 0.9916413124430074 -0.10726279920955809 -0.07171009586218088 0.09781822703590949 0.9874138338370617 -0.12428316765983595 0.08413862864091205 0.11622975917031522 0.9896525007636586 -4.043091232980942 -6.933843910879432 -49.32422714253789 PINHOLE 1280 1024 1024.0877685546875 1023.894775390625 601.8067016601562 508.1316833496094
dataset_8_undistorted/keyframe_0_frame_000434.png 0.991298759116848 -0.11131531157310245 -0.07025313236721738 0.10197209105519552 0.9869160295325974 -0.12489452215072262 0.08323671447157792 0.11664372169701163 0.9896798033570425 -3.9226837752999018 -6.980592534289826 -49.34033133912669 PINHOLE 1280 1024 1024.0877685546875 1023.894775390625 601.8067016601562 508.1316833496094
dataset_8_undistorted/keyframe_0_frame_000438.png 0.9895490629769594 -0.12938257717417453 -0.06365759321013749 0.12052038856113392 0.9844910287519439 -0.1274840461853661 0.07916466652027737 0.11847965276529356 0.9897958881642959 -3.5975129066639795 -7.116027669403593 -49.30741161902631 PINHOLE 1280 1024 1024.0877685546875 1023.894775390625 601.8067016601562 508.1316833496094
dataset_8_undistorted/keyframe_0_frame_000439.png 0.9890768035022197 -0.13393326152929982 -0.06155655629868756 0.12524966117743574 0.9838211396854463 -0.12809297318153254 0.07771663154229258 0.11898376414161335 0.9898496073318738 -3.471291138131704 -7.14538606455767 -49.257671609608565 PINHOLE 1280 1024 1024.0877685546875 1023.894775390625 601.8067016601562 508.1316833496094
dataset_8_undistorted/keyframe_0_frame_000442.png 0.9875181464300381 -0.14774633697114595 -0.05458117650769586 0.13970928064186547 0.981675429781404 -0.1295975592574727 0.07272859476515575 0.12035429693999344 0.9900636958306251 -2.969194347306427 -7.238761052846485 -49.24043067845582 PINHOLE 1280 1024 1024.0877685546875 1023.894775390625 601.8067016601562 508.1316833496094
dataset_8_undistorted/keyframe_0_frame_000444.png 0.9866115872277695 -0.15493774558484746 -0.050910552383036184 0.1472669866303249 0.980506232696371 -0.13007589202346861 0.07007184449519084 0.12083699718343438 0.9901961606492613 -2.838933542835207 -7.268728302320596 -49.17596983298699 PINHOLE 1280 1024 1024.0877685546875 1023.894775390625 601.8067016601562 508.1316833496094
dataset_8_undistorted/keyframe_0_frame_000445.png 0.9862583193213427 -0.1575850883173994 -0.049615673957337576 0.15004129033874922 0.9800594931903399 -0.13026998327120437 0.06915496183190635 0.1210353390601139 0.9902358633110608 -2.7688370482783 -7.280897100485163 -49.1717921439332 PINHOLE 1280 1024 1024.0877685546875 1023.894775390625 601.8067016601562 508.1316833496094
dataset_8_undistorted/keyframe_0_frame_000447.png 0.9849295246538385 -0.1670076820709523 -0.04496676399427764 0.15991017836764485 0.9783818007187518 -0.131143152779906 0.06589663808716494 0.12197587704118293 0.9903434039391927 -2.513411108496939 -7.332283146265809 -49.143227137093845 PINHOLE 1280 1024 1024.0877685546875 1023.894775390625 601.8067016601562 508.1316833496094
dataset_8_undistorted/keyframe_0_frame_000449.png 0.9835452243274437 -0.17627096597073946 -0.039594592752745524 0.16968237642736295 0.9765489102191179 -0.1325184966015596 0.06202523855837267 0.12361935020643444 0.9903896861275825 -2.247964312505644 -7.3970578354344525 -49.0560297308316 PINHOLE 1280 1024 1024.0877685546875 1023.894775390625 601.8067016601562 508.1316833496094
dataset_8_undistorted/keyframe_0_frame_000450.png 0.9830722898277371 -0.1793196979283433 -0.03759653327281132 0.1729257757819445 0.9759097440638045 -0.13302812525381674 0.06054539477969079 0.12427465603209885 0.9903988231803912 -2.182548893165091 -7.419945723402179 -49.04888158476001 PINHOLE 1280 1024 1024.0877685546875 1023.894775390625 601.8067016601562 508.1316833496094
dataset_8_undistorted/keyframe_0_frame_000451.png 0.9824489431630798 -0.1832382290588304 -0.03489859545271384 0.17711270436448548 0.9750682020567382 -0.13369229422194026 0.058526146090390516 0.12516494995564045 0.9904084661207072 -1.948273052685522 -7.473568642393275 -49.051450747037734 PINHOLE 1280 1024 1024.0877685546875 1023.894775390625 601.8067016601562 508.1316833496094
dataset_8_undistorted/keyframe_0_frame_000452.png 0.981933284168455 -0.18643465722316033 -0.03238678752402855 0.18057296602122722 0.9743674444155666 -0.13417052278086558 0.056570723127595555 0.12589832311432295 0.9904289679913063 -1.8472967148092607 -7.490987045149268 -49.02370180038338 PINHOLE 1280 1024 1024.0877685546875 1023.894775390625 601.8067016601562 508.1316833496094
dataset_8_undistorted/keyframe_0_frame_000453.png 0.981416904248607 -0.18954362290093715 -0.029888500214713534 0.18394535171086007 0.9736667164956729 -0.13467514790046872 0.054628333955694386 0.12667456309730094 0.9904391811200786 -1.7123094093730913 -7.522028921549008 -49.03400000710985 PINHOLE 1280 1024 1024.0877685546875 1023.894775390625 601.8067016601562 508.1316833496094
dataset_8_undistorted/keyframe_0_frame_000454.png 0.9808547335679435 -0.1928086089465986 -0.027363703883586186 0.18747725834118836 0.9729204476630108 -0.1351976258016586 0.05269004735724758 0.12747905005856713 0.9904409788395592 -1.5664368278182792 -7.548892129044134 -49.016655462876656 PINHOLE 1280 1024 1024.0877685546875 1023.894775390625 601.8067016601562 508.1316833496094
dataset_8_undistorted/keyframe_0_frame_000455.png 0.9803636542667512 -0.19561533991202223 -0.0249296967021346 0.19055091855601367 0.9722649604237974 -0.1356132840230273 0.05076641298663419 0.1281999913564958 0.9904481659755215 -1.4279786653236783 -7.570750840475284 -49.007675478885176 PINHOLE 1280 1024 1024.0877685546875 1023.894775390625 601.8067016601562 508.1316833496094
dataset_8_undistorted/keyframe_0_frame_000456.png 0.979957973481808 -0.19791970108504042 -0.022589371338108677 0.19312407589366085 0.9717212756416197 -0.13587453467291533 0.04884290528339321 0.12878861872882566 0.9904688833664389 -1.2529949305026093 -7.591611119296431 -49.00849494634963 PINHOLE 1280 1024 1024.0877685546875 1023.894775390625 601.8067016601562 508.1316833496094
dataset_8_undistorted/keyframe_0_frame_000457.png 0.9795036201749803 -0.20041012327006968 -0.020201861665263398 0.19589272191075754 0.9711401285167673 -0.136062314179464 0.046887182842870995 0.12931608075810766 0.9904944864103451 -1.1290130378005756 -7.607323345259374 -49.040033773102664 PINHOLE 1280 1024 1024.0877685546875 1023.894775390625 601.8067016601562 508.1316833496094
dataset_8_undistorted/keyframe_0_frame_000460.png 0.9776465142187027 -0.20984888145090505 -0.013045010527551621 0.20615585806314105 0.968934157836421 -0.1366234081915797 0.04131008154805954 0.13088011370880978 0.9905372387487563 -0.7659153598436887 -7.629217141180106 -48.918536336802845 PINHOLE 1280 1024 1024.0877685546875 1023.894775390625 601.8067016601562 508.1316833496094
dataset_8_undistorted/keyframe_0_frame_000463.png 0.9748405344595982 -0.22282394772000053 -0.005942119832762468 0.21994887990443063 0.9659040070165067 -0.13657218004937036 0.03617110880606412 0.13182898944469437 0.9906123475963825 -0.37373797138974396 -7.629621666151024 -48.80915269314539 PINHOLE 1280 1024 1024.0877685546875 1023.894775390625 601.8067016601562 508.1316833496094
dataset_8_undistorted/keyframe_0_frame_000469.png 0.9691258536357473 -0.2464823584962308 0.006422768467303052 0.24509383312780786 0.9601698723010383 -0.13417263533080911 0.02690424629818449 0.1316041486244506 0.990936795553394 0.32994748294564147 -7.489273499840692 -48.63842379572327 PINHOLE 1280 1024 1024.0877685546875 1023.894775390625 601.8067016601562 508.1316833496094
dataset_8_undistorted/keyframe_0_frame_000470.png 0.9684013215368951 -0.2492772760960649 0.007736684230037196 0.2480503761510483 0.9594875080323821 -0.13362102655613942 0.025885492515378267 0.13131777354142268 0.9910020330955975 0.3934199668448741 -7.464352740070126 -48.6584340552605 PINHOLE 1280 1024 1024.0877685546875 1023.894775390625 601.8067016601562 508.1316833496094
dataset_8_undistorted/keyframe_0_frame_000473.png 0.9660144096314608 -0.2582179951505548 0.011835360947544735 0.25748968236063874 0.9572483395023963 -0.13181663920751946 0.022708019966866774 0.13038415133127346 0.9912038385969711 0.6644271414384093 -7.368605599807097 -48.624923830127955 PINHOLE 1280 1024 1024.0877685546875 1023.894775390625 601.8067016601562 508.1316833496094
dataset_8_undistorted/keyframe_0_frame_000476.png 0.9635104960332845 -0.26720222128352206 0.015825600161057756 0.26695517108113587 0.954935766913042 -0.12974231274109518 0.019555025735043897 0.12923278348249706 0.9914217255704617 0.8456088987862387 -7.2482693506426585 -48.564557614893374 PINHOLE 1280 1024 1024.0877685546875 1023.894775390625 601.8067016601562 508.1316833496094
dataset_8_undistorted/keyframe_0_frame_000484.png 0.9557590604139061 -0.2928334371509367 0.02781791873145916 0.2939895252329378 0.947811623843421 -0.12338744987275686 0.009765811293913245 0.12610670671602836 0.9919690131448766 1.563016270978764 -6.893712763296435 -48.436843756489225 PINHOLE 1280 1024 1024.0877685546875 1023.894775390625 601.8067016601562 508.1316833496094
dataset_8_undistorted/keyframe_0_frame_000486.png 0.9531057597413838 -0.30096171295347646 0.03179810546203792 0.3025665325687968 0.945346494029813 -0.12154609036912375 0.00652053480858326 0.12546713057478445 0.9920764126702409 1.7385376927367275 -6.7913171305442575 -48.41330073593565 PINHOLE 1280 1024 1024.0877685546875 1023.894775390625 601.8067016601562 508.1316833496094
dataset_8_undistorted/keyframe_0_frame_000487.png 0.9521343673390261 -0.3038765986288674 0.03315517851654291 0.30563143598724735 0.9444346265844578 -0.12096814076626321 0.005446544544791212 0.1253111199432535 0.9921028564989383 1.8170032174163282 -6.7574495808571555 -48.395510490069455 PINHOLE 1280 1024 1024.0877685546875 1023.894775390625 601.8067016601562 508.1316833496094
dataset_8_undistorted/keyframe_0_frame_000490.png 0.9493398843157917 -0.3120515817160087 0.03711083321619554 0.3142424483998643 0.9418187393470661 -0.11928120746954453 0.002270189149664844 0.12490018177222191 0.9921661523406771 2.040650134782112 -6.661482578577079 -48.358539916674204 PINHOLE 1280 1024 1024.0877685546875 1023.894775390625 601.8067016601562 508.1316833496094
dataset_8_undistorted/keyframe_0_frame_000493.png 0.9464403706428628 -0.3202513690982749 0.04110339891858647 0.322876994935251 0.939109504510132 -0.11757239037199325 -0.0009478648381946233 0.12454677546220698 0.992213061253304 2.266430064061396 -6.564443999478954 -48.32096250510074 PINHOLE 1280 1024 1024.0877685546875 1023.894775390625 601.8067016601562 508.1316833496094
dataset_8_undistorted/keyframe_0_frame_000494.png 0.945005791635789 -0.32421223043129005 0.04301250506859711 0.32704344141153024 0.9377730923746347 -0.11672150481376642 -0.002493413355079928 0.12436927679310417 0.9922328269922206 2.3732606680499657 -6.517128952604935 -48.302327086660966 PINHOLE 1280 1024 1024.0877685546875 1023.894775390625 601.8067016601562 508.1316833496094
dataset_8_undistorted/keyframe_0_frame_000495.png 0.943639036798798 -0.3279173201066243 0.04489896655562124 0.3309520921241554 0.9365060452256242 -0.11587655616926813 -0.00405023018394361 0.12420502077876439 0.9922484063459324 2.515391325634347 -6.4753439733287905 -48.30814152179471 PINHOLE 1280 1024 1024.0877685546875 1023.894775390625 601.8067016601562 508.1316833496094
dataset_8_undistorted/keyframe_0_frame_000497.png 0.9396412743556011 -0.3384681104733756 0.050139184754155935 0.3420571497983726 0.932834342923912 -0.11321510308110483 -0.008451849485940001 0.12353199763167222 0.9923048717651514 2.8032401057991265 -6.330181329074776 -48.23073582048528 PINHOLE 1280 1024 1024.0877685546875 1023.894775390625 601.8067016601562 508.1316833496094
dataset_8_undistorted/keyframe_0_frame_000499.png 0.936723951480374 -0.34598764308334573 0.05330251436589498 0.34989335948335165 0.9301651618998482 -0.11120968432052065 -0.011102995987445307 0.1228230338501439 0.9923663681371853 2.940833994086553 -6.2151985193595465 -48.11714547523832 PINHOLE 1280 1024 1024.0877685546875 1023.894775390625 601.8067016601562 508.1316833496094
dataset_8_undistorted/keyframe_0_frame_000500.png 0.9355383600476455 -0.34902421695801333 0.05431847414110679 0.35302537794564065 0.9290649625936382 -0.11050389546681232 -0.011896915224759459 0.12255636720812192 0.9923897759677259 2.997572214326631 -6.175918999510259 -48.08812052878261 PINHOLE 1280 1024 1024.0877685546875 1023.894775390625 601.8067016601562 508.1316833496094
dataset_8_undistorted/keyframe_0_frame_000501.png 0.9342720306718325 -0.3522469895294636 0.055301617012696556 0.3563370681412395 0.9278887996424527 -0.10975781893681162 -0.012651960587490739 0.12224969455670377 0.9924187621705178 3.052632741747523 -6.134537691272499 -48.06428846338747 PINHOLE 1280 1024 1024.0877685546875 1023.894775390625 601.8067016601562 508.1316833496094
dataset_8_undistorted/keyframe_0_frame_000507.png 0.9267591094049692 -0.3706838075548678 0.06091621611942461 0.37526611481685174 0.9209281544582736 -0.1051985159024383 -0.01710407613399443 0.12035336238906906 0.9925838641989411 3.361406733832929 -5.884416555791859 -47.91386103543027 PINHOLE 1280 1024 1024.0877685546875 1023.894775390625 601.8067016601562 508.1316833496094
dataset_8_undistorted/keyframe_0_frame_000510.png 0.9223498816914242 -0.38094220683862823 0.06444707768516228 0.3858339896082307 0.9168618643050442 -0.10244939425677249 -0.02006180794875001 0.119360100371301 0.9926484066237244 3.5664240816864785 -5.7248574106852175 -47.75837239535838 PINHOLE 1280 1024 1024.0877685546875 1023.894775390625 601.8067016601562 508.1316833496094
dataset_8_undistorted/keyframe_0_frame_000512.png 0.918326589592068 -0.3899679389695711 0.067833577027513 0.3951546681611639 0.9131712413698438 -0.09985489086039759 -0.023003453666162427 0.1185041977879454 0.9926871141385718 3.7507496239589546 -5.58446839107296 -47.59970632243244 PINHOLE 1280 1024 1024.0877685546875 1023.894775390625 601.8067016601562 508.1316833496094
dataset_8_undistorted/keyframe_0_frame_000514.png 0.9146708281822136 -0.39802418378540066 0.07038277103895527 0.4034120657973445 0.9098047648206649 -0.09754079198506492 -0.02521096360303973 0.11761085685034206 0.992739892727247 3.9060376276264606 -5.4446037558172975 -47.42421288143146 PINHOLE 1280 1024 1024.0877685546875 1023.894775390625 601.8067016601562 508.1316833496094
dataset_8_undistorted/keyframe_0_frame_000515.png 0.9133388971799216 -0.4009189769389577 0.07124203402520198 0.4063718330677714 0.9085733124121479 -0.09672503280397737 -0.025949678621134942 0.117293419630195 0.9927581188396271 3.9853844032383634 -5.405965109629278 -47.42398975258982 PINHOLE 1280 1024 1024.0877685546875 1023.894775390625 601.8067016601562 508.1316833496094
dataset_8_undistorted/keyframe_0_frame_000516.png 0.9120597101709379 -0.4036830604556825 0.07202391393780894 0.40918968111872117 0.9074030633715725 -0.0958292620894817 -0.026670165981368756 0.11687340170846441 0.9927883826099254 3.9460333912684646 -5.359547996166839 -47.357137225194265 PINHOLE 1280 1024 1024.0877685546875 1023.894775390625 601.8067016601562 508.1316833496094
dataset_8_undistorted/keyframe_0_frame_000517.png 0.9105801238203588 -0.40685833143792133 0.07287293078247371 0.41242387165971145 0.9060316828277852 -0.09493892750497879 -0.02739859735858227 0.1165041862539318 0.9928122982941628 4.034985122945432 -5.3079860454993195 -47.33306771890841 PINHOLE 1280 1024 1024.0877685546875 1023.894775390625 601.8067016601562 508.1316833496094
dataset_8_undistorted/keyframe_0_frame_000521.png 0.9043807171857376 -0.4198874784939561 0.07609068274133828 0.425643801074325 0.9003218107195654 -0.09081955668902834 -0.030372105870768336 0.11452287707999996 0.9929565066392758 4.2225824288792495 -5.071549095544015 -47.17600015856556 PINHOLE 1280 1024 1024.0877685546875 1023.894775390625 601.8067016601562 508.1316833496094
dataset_8_undistorted/keyframe_0_frame_000525.png 0.8972955560959417 -0.43418866894660946 0.0796300833155648 0.44014067087592673 0.8937754903359195 -0.08626487992554484 -0.03371618880377434 0.11245352943758033 0.9930850862140547 4.461953093003402 -4.814269232236256 -47.074836966867906 PINHOLE 1280 1024 1024.0877685546875 1023.894775390625 601.8067016601562 508.1316833496094
dataset_8_undistorted/keyframe_0_frame_000527.png 0.8934364804072676 -0.4417238255158427 0.08155752506064064 0.4477807410502771 0.8902004456902194 -0.08387826614252121 -0.035551505945010005 0.11145978051704024 0.993132694204901 4.525688406376418 -4.686389503569444 -47.02112988240492 PINHOLE 1280 1024 1024.0877685546875 1023.894775390625 601.8067016601562 508.1316833496094
dataset_8_undistorted/keyframe_0_frame_000529.png 0.8894287891490796 -0.44936178484758227 0.08360916356667672 0.4555253187129769 0.8865035492270219 -0.08129151394953997 -0.037590514604644555 0.11038900343163943 0.9931775250073236 4.6403956898154775 -4.541980851931385 -46.981214107221035 PINHOLE 1280 1024 1024.0877685546875 1023.894775390625 601.8067016601562 508.1316833496094
dataset_8_undistorted/keyframe_0_frame_000539.png 0.8646226248254015 -0.49285320579339403 0.09758808119110012 0.4997863204750241 0.8635752352117909 -0.06671698127440309 -0.05139304118128683 0.10645812713051676 0.9929881647486992 5.419703244014187 -3.731205609943345 -46.72894093110517 PINHOLE 1280 1024 1024.0877685546875 1023.894775390625 601.8067016601562 508.1316833496094
dataset_8_undistorted/keyframe_0_frame_000540.png 0.8626411393005506 -0.4960964367821525 0.0986838148477295 0.5030924432744731 0.8617274473980829 -0.06575137442377782 -0.05241952975810486 0.10636691687265608 0.9929444335469061 5.549789355619737 -3.678660947580056 -46.731872320367984 PINHOLE 1280 1024 1024.0877685546875 1023.894775390625 601.8067016601562 508.1316833496094
dataset_8_undistorted/keyframe_0_frame_000543.png 0.8573731954031422 -0.5045691694212848 0.10159416143402158 0.5117185239337773 0.8568420366577325 -0.06297560399083463 -0.055274736735484935 0.1059810358853866 0.9928306230080315 5.6511107175091695 -3.514571952103097 -46.616215188664796 PINHOLE 1280 1024 1024.0877685546875 1023.894775390625 601.8067016601562 508.1316833496094
dataset_8_undistorted/keyframe_0_frame_000545.png 0.853929099538697 -0.5099988242456748 0.10346951174620017 0.5172482635171596 0.8536402375493777 -0.06125572065662488 -0.057085434141785935 0.10582721165302172 0.9927447014809315 5.784528690338078 -3.425371242620031 -46.64462303310552 PINHOLE 1280 1024 1024.0877685546875 1023.894775390625 601.8067016601562 508.1316833496094
dataset_8_undistorted/keyframe_0_frame_000546.png 0.8523317486457308 -0.512496222620752 0.1042977951048222 0.5197875086795485 0.8521527392318383 -0.060466749969025894 -0.05788875625135808 0.10575023479344792 0.9927063124496233 5.802244638147982 -3.3745579261383227 -46.57602325334949 PINHOLE 1280 1024 1024.0877685546875 1023.894775390625 601.8067016601562 508.1316833496094
dataset_8_undistorted/keyframe_0_frame_000547.png 0.8507695199633161 -0.5149039971227547 0.10518984021048966 0.5222463930816822 0.8507005794391725 -0.05972147683163917 -0.058734294641892074 0.10574400542279724 0.9926569637735114 5.847253357747007 -3.3382945416813072 -46.58273895304001 PINHOLE 1280 1024 1024.0877685546875 1023.894775390625 601.8067016601562 508.1316833496094
dataset_8_undistorted/keyframe_0_frame_000549.png 0.8460564882944933 -0.522067547483156 0.10786165494096915 0.5295727268825985 0.8463005191981549 -0.05768984550418513 -0.06116548382901156 0.10592935011350026 0.9924908070120116 6.055473594031582 -3.199790724348304 -46.62159990782868 PINHOLE 1280 1024 1024.0877685546875 1023.894775390625 601.8067016601562 508.1316833496094
dataset_8_undistorted/keyframe_0_frame_000550.png 0.8432774023922222 -0.5261938262404442 0.1095607626984325 0.5338038567511889 0.843723163790126 -0.05643518898109491 -0.06274316785870386 0.10607458370738884 0.9923769115957023 6.086923023790121 -3.1605268721557422 -46.58433479877033 PINHOLE 1280 1024 1024.0877685546875 1023.894775390625 601.8067016601562 508.1316833496094
dataset_8_undistorted/keyframe_0_frame_000552.png 0.8379241130376514 -0.5339660223615471 0.1129758845818931 0.5417940164710857 0.8387710936268087 -0.05405206359985742 -0.06589910592892563 0.10650101353606967 0.9921259446463424 6.23996246283636 -3.0325937065642847 -46.588588639017075 PINHOLE 1280 1024 1024.0877685546875 1023.894775390625 601.8067016601562 508.1316833496094
dataset_8_undistorted/keyframe_0_frame_000553.png 0.8353256838778127 -0.537653660393019 0.1147142263831439 0.5455972602857022 0.8363740025532337 -0.05293320778684086 -0.06748432795947182 0.10680406492381359 0.991987387869503 6.375283091355584 -2.965331675924972 -46.653270420457375 PINHOLE 1280 1024 1024.0877685546875 1023.894775390625 601.8067016601562 508.1316833496094
dataset_8_undistorted/keyframe_0_frame_000554.png 0.8326779166640271 -0.5413672349904758 0.11648797064997791 0.5494304165532067 0.8339316364335385 -0.05181247768328333 -0.06909345709789604 0.10714509577178359 0.991839839707888 6.476829403561226 -2.899971570924208 -46.70110974649765 PINHOLE 1280 1024 1024.0877685546875 1023.894775390625 601.8067016601562 508.1316833496094
dataset_8_undistorted/keyframe_0_frame_000557.png 0.824726301066292 -0.5523433475836573 0.12142470098694438 0.5607166358027698 0.826593318563726 -0.04838058955137899 -0.07364616474895791 0.10798558819317305 0.9914210082555618 6.75066522409827 -2.71148241105584 -46.90795935304038 PINHOLE 1280 1024 1024.0877685546875 1023.894775390625 601.8067016601562 508.1316833496094
dataset_8_undistorted/keyframe_0_frame_000558.png 0.8217954998769034 -0.5563439154949618 0.12301910025327056 0.5648130637765066 0.8238677482839379 -0.04720129946823514 -0.07509132424306798 0.10827242864285881 0.991280871500524 6.842114343698199 -2.6427141499964364 -46.96106464604338 PINHOLE 1280 1024 1024.0877685546875 1023.894775390625 601.8067016601562 508.1316833496094
dataset_8_undistorted/keyframe_0_frame_000559.png 0.8189489877491228 -0.560184873920663 0.1245640280722697 0.5687521427697244 0.8212140186363395 -0.04614382949507652 -0.0764446836023728 0.10863535095081726 0.9911385233702077 6.928610970398779 -2.583908069992958 -47.01019595058051 PINHOLE 1280 1024 1024.0877685546875 1023.894775390625 601.8067016601562 508.1316833496094
dataset_8_undistorted/keyframe_0_frame_000561.png 0.8142446689329379 -0.5663950303349607 0.12728906587972755 0.5752129353788372 0.8167507615441061 -0.04525871513122238 -0.07832921305222691 0.11006989971276186 0.9908328634726448 7.078674257459511 -2.537546295955508 -47.07606521863613 PINHOLE 1280 1024 1024.0877685546875 1023.894775390625 601.8067016601562 508.1316833496094
dataset_8_undistorted/keyframe_0_frame_000564.png 0.8102306729011776 -0.5711532071738812 0.13157092523351843 0.5807394542599252 0.8126388371593197 -0.04858073416380996 -0.07917267438694285 0.1157700829842912 0.9901158670929804 7.320633453973841 -2.7208413347709666 -47.11056823985905 PINHOLE 1280 1024 1024.0877685546875 1023.894775390625 601.8067016601562 508.1316833496094
dataset_8_undistorted/keyframe_0_frame_000565.png 0.8104120900590037 -0.5706176670692356 0.13277289547940518 0.5805718587167243 0.8125837709043756 -0.051426765334831204 -0.0785442683645913 0.118761038154285 0.9898117454328492 7.348160705267134 -2.8895539718482723 -47.11226186413046 PINHOLE 1280 1024 1024.0877685546875 1023.894775390625 601.8067016601562 508.1316833496094
dataset_8_undistorted/keyframe_0_frame_000566.png 0.811147969492224 -0.5692922034343602 0.1339586359778696 0.5795946567127004 0.8131105962682479 -0.054039682361822994 -0.07815887346620871 0.12147606394559642 0.9895120117213656 7.451716539968231 -3.0288104184912754 -47.15341422055997 PINHOLE 1280 1024 1024.0877685546875 1023.894775390625 601.8067016601562 508.1316833496094
dataset_8_undistorted/keyframe_0_frame_000568.png 0.8148259313966939 -0.5634973198824121 0.1361234819665801 0.5744819826844133 0.816358126827404 -0.05941305293082515 -0.07764654840679594 0.12661170864774002 0.9889090410302412 7.575312096946789 -3.326526777569825 -47.16596565923612 PINHOLE 1280 1024 1024.0877685546875 1023.894775390625 601.8067016601562 508.1316833496094
dataset_8_undistorted/keyframe_0_frame_000569.png 0.8171148087662325 -0.559948580918993 0.13704338609812305 0.5712494466321423 0.818431028653899 -0.0620019449902062 -0.0774428779886342 0.12894870484789359 0.9886227940629018 7.58447572814157 -3.4831746565857884 -47.14793490487841 PINHOLE 1280 1024 1024.0877685546875 1023.894775390625 601.8067016601562 508.1316833496094
dataset_8_undistorted/keyframe_0_frame_000570.png 0.8194058092540014 -0.5563683762628603 0.13794235472610275 0.5679902844424496 0.8204910876200538 -0.06466156122699385 -0.07720490546441837 0.13133375651516435 0.9883273303617233 7.6745121996159185 -3.6224542787631435 -47.14769073409309 PINHOLE 1280 1024 1024.0877685546875 1023.894775390625 601.8067016601562 508.1316833496094
dataset_8_undistorted/keyframe_0_frame_000572.png 0.8245216029906975 -0.5483597631652835 0.1395183222260332 0.5606303618959074 0.8250715165726032 -0.07035614845978272 -0.07653213491539178 0.13622815557126153 0.9877170218112251 7.765232509545143 -3.9378575965918117 -47.07445005910574 PINHOLE 1280 1024 1024.0877685546875 1023.894775390625 601.8067016601562 508.1316833496094
dataset_8_undistorted/keyframe_0_frame_000576.png 0.8332425635091723 -0.5346835500883547 0.1407866470918192 0.5477421633311149 0.8329749822893444 -0.0783043115302401 -0.07540382067487165 0.14236127563911266 0.9869385852120551 7.841350157069769 -4.376523199092389 -46.9574707805981 PINHOLE 1280 1024 1024.0877685546875 1023.894775390625 601.8067016601562 508.1316833496094
dataset_8_undistorted/keyframe_0_frame_000577.png 0.8353273668025755 -0.5313917933054263 0.14089329016470267 0.5445936362273822 0.8348794084014072 -0.0799608641291637 -0.07513848842713311 0.14352277076149902 0.9867902864274783 7.8022184665139775 -4.4825229511204725 -46.94162946398046 PINHOLE 1280 1024 1024.0877685546875 1023.894775390625 601.8067016601562 508.1316833496094
dataset_8_undistorted/keyframe_0_frame_000579.png 0.8392503051725838 -0.5250981980082022 0.14117633692443576 0.538597897907134 0.83843723313191 -0.08327701066777997 -0.07463907707081818 0.14592754045909823 0.986475762278059 7.85799171575178 -4.659642978526563 -46.928745831306514 PINHOLE 1280 1024 1024.0877685546875 1023.894775390625 601.8067016601562 508.1316833496094
dataset_8_undistorted/keyframe_0_frame_000587.png 0.8565944491132663 -0.4963729143530841 0.14092616637896385 0.5108397172744829 0.8542953046696474 -0.09603194068544448 -0.07272499429360126 0.15425099575307877 0.985351568949038 7.803818266663001 -5.378480251156589 -46.834893722880565 PINHOLE 1280 1024 1024.0877685546875 1023.894775390625 601.8067016601562 508.1316833496094
dataset_8_undistorted/keyframe_0_frame_000589.png 0.8606814228097066 -0.4892994839652066 0.14076051365892173 0.503993530154327 0.8579920060502 -0.09919664078318277 -0.07223467467765746 0.15631894482942763 0.9850616153266365 7.829123175767307 -5.553151725756379 -46.84384443873262 PINHOLE 1280 1024 1024.0877685546875 1023.894775390625 601.8067016601562 508.1316833496094
dataset_8_undistorted/keyframe_0_frame_000593.png 0.8693940274524279 -0.47402463080667856 0.13947970279143723 0.4889935599778083 0.8659389459948698 -0.10504735314291978 -0.07098597096645008 0.15953223048315268 0.9846373778308715 7.75740611370955 -5.879570112570491 -46.80808673609374 PINHOLE 1280 1024 1024.0877685546875 1023.894775390625 601.8067016601562 508.1316833496094
dataset_8_undistorted/keyframe_0_frame_000594.png 0.8730248232601359 -0.4675526629166593 0.13864334069084694 0.482589917857319 0.8692226693678522 -0.10750968594195717 -0.07024553732887488 0.1607664174564415 0.9844892679363604 7.716238706639729 -6.01237130783511 -46.78826313708862 PINHOLE 1280 1024 1024.0877685546875 1023.894775390625 601.8067016601562 508.1316833496094
dataset_8_undistorted/keyframe_0_frame_000596.png 0.8764220991701656 -0.46147227562949894 0.1375786361655272 0.4765213468235099 0.8722871941381353 -0.10973979074582864 -0.06936627391906551 0.1617373237203761 0.984393252019328 7.653970594454826 -6.139282315846003 -46.79932849614124 PINHOLE 1280 1024 1024.0877685546875 1023.894775390625 601.8067016601562 508.1316833496094
dataset_8_undistorted/keyframe_0_frame_000598.png 0.8802013569218691 -0.45461323663307934 0.13628018969612346 0.4696405273746237 0.8757263260516125 -0.11198470622181915 -0.06843453236762824 0.16257179791364149 0.9843203673918132 7.578356316036057 -6.266543845458273 -46.8140571079922 PINHOLE 1280 1024 1024.0877685546875 1023.894775390625 601.8067016601562 508.1316833496094
dataset_8_undistorted/keyframe_0_frame_000616.png 0.9131992701206116 -0.388697657488642 0.12239538490350092 0.4032428346043801 0.9052741065323919 -0.13368812167958324 -0.058837218673281705 0.17143893999705273 0.9834356779585055 6.807721732446147 -7.473259354361289 -47.095939995816025 PINHOLE 1280 1024 1024.0877685546875 1023.894775390625 601.8067016601562 508.1316833496094
dataset_8_undistorted/keyframe_0_frame_000619.png 0.9187146545607933 -0.37623123065838315 0.1200566235396784 0.39073059823075407 0.9101178416622319 -0.13789676245912452 -0.05738471180836965 0.1735975252701917 0.9831435249741814 6.6830828787166965 -7.704791743643227 -47.09941128311209 PINHOLE 1280 1024 1024.0877685546875 1023.894775390625 601.8067016601562 508.1316833496094
dataset_8_undistorted/keyframe_0_frame_000623.png 0.9258604182405565 -0.35909822164796684 0.11760533484838205 0.3737171553745407 0.9162078725872536 -0.1445604815932145 -0.05583975201856382 0.17779378612700622 0.9824817340520872 6.50826694198922 -8.076036901402631 -47.07251954869423 PINHOLE 1280 1024 1024.0877685546875 1023.894775390625 601.8067016601562 508.1316833496094
dataset_8_undistorted/keyframe_0_frame_000624.png 0.9276534427593175 -0.3546276485321092 0.11704112200855973 0.3692896708578117 0.917729845620569 -0.14627842357082385 -0.055537948981779925 0.1789176246134041 0.9822953100642713 6.4615990915754935 -8.180297226737366 -47.10053225076945 PINHOLE 1280 1024 1024.0877685546875 1023.894775390625 601.8067016601562 508.1316833496094
dataset_8_undistorted/keyframe_0_frame_000625.png 0.9293387863171765 -0.35037352522150084 0.11648234444304013 0.3650730049103626 0.9191531955078615 -0.1479173191891989 -0.05523894519574483 0.1799898749808675 0.9821164480464081 6.477325296713701 -8.267841798745394 -47.08291510700212 PINHOLE 1280 1024 1024.0877685546875 1023.894775390625 601.8067016601562 508.1316833496094
dataset_8_undistorted/keyframe_0_frame_000627.png 0.9329940524317303 -0.34095546025097806 0.1152018282808011 0.35571540570096716 0.9222695567198047 -0.15127983206749132 -0.05466750927871933 0.18212224079999892 0.9817552161163217 6.399505388903435 -8.458750709065725 -47.06525395036374 PINHOLE 1280 1024 1024.0877685546875 1023.894775390625 601.8067016601562 508.1316833496094
dataset_8_undistorted/keyframe_0_frame_000629.png 0.9364646333292416 -0.3316782033376124 0.11412148561962451 0.3465462910463267 0.9251625036846576 -0.15485517756852893 -0.05421886283288123 0.18456462383415598 0.9813239155017497 6.34855973085395 -8.653651580248379 -47.017363481338634 PINHOLE 1280 1024 1024.0877685546875 1023.894775390625 601.8067016601562 508.1316833496094
dataset_8_undistorted/keyframe_0_frame_000631.png 0.9395996807325901 -0.3230443018986906 0.11311545075696891 0.3380137403687021 0.9277540545902497 -0.15817508510910863 -0.05384581972618435 0.18685561739785564 0.9809106550845446 6.254716051757853 -8.836984392661634 -46.98266605753622 PINHOLE 1280 1024 1024.0877685546875 1023.894775390625 601.8067016601562 508.1316833496094
dataset_8_undistorted/keyframe_0_frame_000634.png 0.9440296823746682 -0.3104332077020426 0.11153133721341722 0.32551312805033034 0.9314346750708309 -0.1626979754805423 -0.05337750771023962 0.1898966860343073 0.9803520682375901 6.156684393846945 -9.093211698382902 -47.00448630708206 PINHOLE 1280 1024 1024.0877685546875 1023.894775390625 601.8067016601562 508.1316833496094
dataset_8_undistorted/keyframe_0_frame_000637.png 0.9492332687545778 -0.2947807042295347 0.10982223471066192 0.31005887952923467 0.9356762077993356 -0.16844647843515212 -0.05310335875213012 0.1939462849167705 0.9795741797499512 6.064534067540734 -9.412230249325603 -47.00216426172187 PINHOLE 1280 1024 1024.0877685546875 1023.894775390625 601.8067016601562 508.1316833496094
dataset_8_undistorted/keyframe_0_frame_000640.png 0.9522365939934432 -0.2853374108531476 0.10875907976271729 0.30070165246015373 0.9381990755881003 -0.17135236632936193 -0.05314451765186203 0.19587192186480942 0.979188685632452 6.005171447448504 -9.573981517829452 -47.001832342407056 PINHOLE 1280 1024 1024.0877685546875 1023.894775390625 601.8067016601562 508.1316833496094
dataset_8_undistorted/keyframe_0_frame_000641.png 0.9530135064234642 -0.2828222515294233 0.10852197684491587 0.29822419564388564 0.938830701456739 -0.17221772745835662 -0.05317686645143095 0.19648971670451534 0.9790625200523383 6.032572107486004 -9.624267582259108 -47.01472528897921 PINHOLE 1280 1024 1024.0877685546875 1023.894775390625 601.8067016601562 508.1316833496094
dataset_8_undistorted/keyframe_0_frame_000644.png 0.9570588318642815 -0.26935139720302914 0.10718442621034292 0.28486508990222703 0.9423826564122104 -0.17540703966484517 -0.053762702631037974 0.19840788222001138 0.978644282386315 5.954656672752861 -9.803491295612048 -46.977265215151306 PINHOLE 1280 1024 1024.0877685546875 1023.894775390625 601.8067016601562 508.1316833496094
dataset_8_undistorted/keyframe_0_frame_000646.png 0.9593591160933734 -0.2614038212400351 0.10629264830963685 0.27693887044599896 0.9444816034504282 -0.17680131868774546 -0.05417493673481313 0.1990524099154537 0.97849003466817 5.908146708062134 -9.879773610172151 -46.94757372151457 PINHOLE 1280 1024 1024.0877685546875 1023.894775390625 601.8067016601562 508.1316833496094
dataset_8_undistorted/keyframe_0_frame_000647.png 0.9606456158039054 -0.2568600784757678 0.10574797611664805 0.2724022061618609 0.9456460963956903 -0.1776230690418841 -0.05437590217787999 0.19943865484059964 0.9784001128669076 5.887397462701301 -9.92215978924628 -46.91722623589999 PINHOLE 1280 1024 1024.0877685546875 1023.894775390625 601.8067016601562 508.1316833496094
dataset_8_undistorted/keyframe_0_frame_000648.png 0.9620592367257241 -0.2518306917958977 0.10499268577324572 0.2673447241682502 0.9469371459264727 -0.17843017736451708 -0.0544873097425174 0.19972945088729915 0.9783351157379666 5.832220879472743 -9.971874991589175 -46.950008655384636 PINHOLE 1280 1024 1024.0877685546875 1023.894775390625 601.8067016601562 508.1316833496094
dataset_8_undistorted/keyframe_0_frame_000650.png 0.9646857241894665 -0.24231568114559535 0.10326854397220148 0.25770274271547344 0.9493713939869853 -0.1796765550925339 -0.05450193714196778 0.19994378474314428 0.9782906978129163 5.698592273495706 -10.036267846968485 -46.93602268976838 PINHOLE 1280 1024 1024.0877685546875 1023.894775390625 601.8067016601562 508.1316833496094
dataset_8_undistorted/keyframe_0_frame_000654.png 0.9694447488471856 -0.22431861028055727 0.09928802889421806 0.23930294660331916 0.9538018512496746 -0.18164949418677792 -0.05395375402705261 0.19985925682285946 0.978338446467658 5.516730088829348 -10.149774522211601 -47.03933962981898 PINHOLE 1280 1024 1024.0877685546875 1023.894775390625 601.8067016601562 508.1316833496094
dataset_8_undistorted/keyframe_0_frame_000655.png 0.9707423793264583 -0.21924816155277707 0.0979279316250091 0.23405248275979063 0.9550647299867786 -0.18185358552264116 -0.05365655624582995 0.1994531052299754 0.9784370496086848 5.403525841776087 -10.154965228617812 -47.03938213638355 PINHOLE 1280 1024 1024.0877685546875 1023.894775390625 601.8067016601562 508.1316833496094
dataset_8_undistorted/keyframe_0_frame_000656.png 0.9719337648478423 -0.21452922516067033 0.09654949941977113 0.22913955260177615 0.956234757642042 -0.18196110765301934 -0.05328808541282354 0.19897734015259322 0.9785541912359695 5.360331098317317 -10.167684198234838 -47.09392243324203 PINHOLE 1280 1024 1024.0877685546875 1023.894775390625 601.8067016601562 508.1316833496094
dataset_8_undistorted/keyframe_0_frame_000658.png 0.9741988636182737 -0.20531309592364816 0.09371920059673897 0.21951005181095784 0.9584827354471748 -0.18200264048924958 -0.052460806736648304 0.19787896731546614 0.9788209679241927 5.1650366536158 -10.163030704535913 -47.08456227884972 PINHOLE 1280 1024 1024.0877685546875 1023.894775390625 601.8067016601562 508.1316833496094
dataset_8_undistorted/keyframe_0_frame_000659.png 0.9753474268227197 -0.2004379402728379 0.09231712814524519 0.21443132386632288 0.9596448837934427 -0.18193818535669662 -0.052124458612715384 0.19724849148757437 0.9789670350460883 5.090037038167964 -10.158282758486166 -47.081298464765155 PINHOLE 1280 1024 1024.0877685546875 1023.894775390625 601.8067016601562 508.1316833496094
dataset_8_undistorted/keyframe_0_frame_000661.png 0.9766545653633016 -0.1946682538273314 0.09083121384769269 0.20846607251952112 0.960937911801794 -0.1820453199295412 -0.05184484593034831 0.19673066021364333 0.9790859571007038 4.997059750981123 -10.166567021974743 -47.10602265392879 PINHOLE 1280 1024 1024.0877685546875 1023.894775390625 601.8067016601562 508.1316833496094
dataset_8_undistorted/keyframe_0_frame_000662.png 0.9782606714091522 -0.187304063751788 0.08901395787171638 0.20088017843187234 0.9624858321366594 -0.18239456354616204 -0.05151160210472091 0.19631033588051244 0.979187605931515 4.902129780292171 -10.18355219585419 -47.09017115182837 PINHOLE 1280 1024 1024.0877685546875 1023.894775390625 601.8067016601562 508.1316833496094
dataset_8_undistorted/keyframe_0_frame_000663.png 0.97954549122484 -0.1811633089853277 0.08758251086064868 0.19458027915058407 0.9636930544367227 -0.1828521351739317 -0.051276638404860776 0.1961535330009571 0.9792316938833969 4.8287718248069496 -10.206837576051157 -47.0727434647647 PINHOLE 1280 1024 1024.0877685546875 1023.894775390625 601.8067016601562 508.1316833496094
dataset_8_undistorted/keyframe_0_frame_000664.png 0.9808143582663166 -0.17487067042294907 0.08616006432376193 0.18814140430616505 0.9648545442074784 -0.18346315855989603 -0.05104971851204523 0.19615353519735834 0.9792436495225861 4.742763417806486 -10.242464121889498 -47.08837841182026 PINHOLE 1280 1024 1024.0877685546875 1023.894775390625 601.8067016601562 508.1316833496094
dataset_8_undistorted/keyframe_0_frame_000667.png 0.9826352364458056 -0.1654334545052227 0.08402412880803668 0.17849195264463588 0.9664869183503538 -0.1845102882938967 -0.05068410022051132 0.19630390199070247 0.9792323897116654 4.6636235331571925 -10.307261336836518 -47.10408257779204 PINHOLE 1280 1024 1024.0877685546875 1023.894775390625 601.8067016601562 508.1316833496094
dataset_8_undistorted/keyframe_0_frame_000668.png 0.9832807214874717 -0.1619558384476875 0.08324498998097603 0.1749401695253085 0.9670539935169076 -0.18493917996643924 -0.0505504426746755 0.1964098466295128 0.9792177494917637 4.626784411797587 -10.329425866734482 -47.08827128124301 PINHOLE 1280 1024 1024.0877685546875 1023.894775390625 601.8067016601562 508.1316833496094
dataset_8_undistorted/keyframe_0_frame_000670.png 0.9844180062050294 -0.1556425258615789 0.08183430694844689 0.16850346736401833 0.9680083002343054 -0.1859208466428216 -0.050279249928340465 0.19681280157539086 0.9791508716062839 4.49124943890024 -10.381032754162788 -47.11713700197299 PINHOLE 1280 1024 1024.0877685546875 1023.894775390625 601.8067016601562 508.1316833496094
dataset_8_undistorted/keyframe_0_frame_000671.png 0.9850054068556365 -0.15226693144331035 0.08111247126410975 0.16507237133064231 0.9684838918706544 -0.18652238607989524 -0.0501549271300649 0.19711489081391925 0.9790969020289751 4.504414230345219 -10.418613662621965 -47.10198319960125 PINHOLE 1280 1024 1024.0877685546875 1023.894775390625 601.8067016601562 508.1316833496094
dataset_8_undistorted/keyframe_0_frame_000674.png 0.9867155870111871 -0.1419732100998379 0.07897248228845574 0.15461264636878666 0.969890245159474 -0.1881714487114404 -0.04987934460488251 0.1978817708998851 0.9789562022107612 4.38136822469022 -10.51125067341286 -47.11774015303297 PINHOLE 1280 1024 1024.0877685546875 1023.894775390625 601.8067016601562 508.1316833496094
dataset_8_undistorted/keyframe_0_frame_000675.png 0.9873420819790474 -0.13799708032045513 0.07818178629913498 0.15057608004198755 0.9704148495359027 -0.1887351251065185 -0.04982394799547973 0.19811857827079432 0.9789105744828229 4.3406099127882385 -10.541817008612497 -47.11185797138262 PINHOLE 1280 1024 1024.0877685546875 1023.894775390625 601.8067016601562 508.1316833496094
dataset_8_undistorted/keyframe_0_frame_000677.png 0.9886001081621401 -0.1296268105855611 0.07659725040946062 0.14208944061124537 0.9714838979310451 -0.1898152036805308 -0.04980798471665349 0.19853498433404596 0.9788271542990963 4.248724602773393 -10.602773894196162 -47.12481075857431 PINHOLE 1280 1024 1024.0877685546875 1023.894775390625 601.8067016601562 508.1316833496094
dataset_8_undistorted/keyframe_0_frame_000678.png 0.989183026937266 -0.12556649267906286 0.07583269237119859 0.1379704633319692 0.9719878969497959 -0.19027505693711988 -0.04981630990185719 0.19867948586198256 0.9787979135677849 4.202748680223124 -10.629135811850347 -47.134416281412314 PINHOLE 1280 1024 1024.0877685546875 1023.894775390625 601.8067016601562 508.1316833496094
dataset_8_undistorted/keyframe_0_frame_000680.png 0.9903962323322648 -0.11666192827964421 0.07420134435323089 0.12893912972801028 0.9730601687603654 -0.19112645181033389 -0.049905274604516374 0.19885834687297516 0.9787569337929611 4.111625809703412 -10.676225660976115 -47.136684505930816 PINHOLE 1280 1024 1024.0877685546875 1023.894775390625 601.8067016601562 508.1316833496094
dataset_8_undistorted/keyframe_0_frame_000689.png 0.9951009026325871 -0.07318135592011588 0.06647611073125573 0.08484558906018103 0.9772815215979588 -0.1942238176716751 -0.050752323660365195 0.19891234093252882 0.97870246761045 3.6869662718435166 -10.846991348080792 -47.07917231470492 PINHOLE 1280 1024 1024.0877685546875 1023.894775390625 601.8067016601562 508.1316833496094
dataset_8_undistorted/keyframe_0_frame_000690.png 0.995483517040142 -0.0686571738845314 0.06556760931744725 0.08023335635054606 0.9776243054200513 -0.19445840779965676 -0.050749584037135226 0.19884057179935888 0.9787171060066521 3.6294164556640567 -10.860965897829146 -47.094569196203565 PINHOLE 1280 1024 1024.0877685546875 1023.894775390625 601.8067016601562 508.1316833496094
dataset_8_undistorted/keyframe_0_frame_000691.png 0.9958483545626883 -0.06410092903428426 0.06463335059550492 0.07558224322757989 0.9779576860299716 -0.19464626453146036 -0.050731759879218345 0.19872333709171427 0.9787422350345151 3.580716920167106 -10.870703638567193 -47.08512091961836 PINHOLE 1280 1024 1024.0877685546875 1023.894775390625 601.8067016601562 508.1316833496094
dataset_8_undistorted/keyframe_0_frame_000693.png 0.9964924301486413 -0.05540359226331072 0.06271857732662676 0.06667295958953805 0.9785547085920281 -0.1948982885633636 -0.0505755768239765 0.19839608545023915 0.9788159540085138 3.444846032733551 -10.871389210277357 -47.045495645937194 PINHOLE 1280 1024 1024.0877685546875 1023.894775390625 601.8067016601562 508.1316833496094
dataset_8_undistorted/keyframe_0_frame_000694.png 0.9967691129406425 -0.051384096073043777 0.061734243983104904 0.06253716293823093 0.978799964396893 -0.1950371247203792 -0.05040373780877778 0.19826738210468067 0.9788509659326355 3.3694175569330582 -10.881753068656735 -47.0995976575274 PINHOLE 1280 1024 1024.0877685546875 1023.894775390625 601.8067016601562 508.1316833496094
dataset_8_undistorted/keyframe_0_frame_000696.png 0.9972676508502659 -0.04351206592631065 0.05969997973602781 0.05441914852637524 0.979221595671652 -0.1953531926302618 -0.049959456567440955 0.19806819352693567 0.9789138678452505 3.2660019293292635 -10.89739761920191 -47.092988435169104 PINHOLE 1280 1024 1024.0877685546875 1023.894775390625 601.8067016601562 508.1316833496094
dataset_8_undistorted/keyframe_0_frame_000697.png 0.9974805760738749 -0.03985034963358533 0.058690203650043696 0.05063399965895193 0.9793826367140515 -0.19556531360912963 -0.0496868799827203 0.19804422887792822 0.9789327247838234 3.255425068994043 -10.92031581907463 -47.101704566782814 PINHOLE 1280 1024 1024.0877685546875 1023.894775390625 601.8067016601562 508.1316833496094
dataset_8_undistorted/keyframe_0_frame_000698.png 0.9976661949676074 -0.0364889113993813 0.057712012499004164 0.04714893699596759 0.9795180193979178 -0.19575748786474204 -0.04938710071920461 0.19802144924105636 0.978952429413602 3.2680284968301407 -10.932508609237402 -47.156432227463824 PINHOLE 1280 1024 1024.0877685546875 1023.894775390625 601.8067016601562 508.1316833496094
dataset_8_undistorted/keyframe_0_frame_000700.png 0.9980301398924254 -0.029254871568492193 0.05550256835529154 0.039626500448505776 0.9797787351650248 -0.19612245113394033 -0.04864278266476909 0.19793546665564551 0.9790075048426804 3.0351343616288773 -10.938789100617669 -47.10964725261226 PINHOLE 1280 1024 1024.0877685546875 1023.894775390625 601.8067016601562 508.1316833496094
dataset_8_undistorted/keyframe_0_frame_000704.png 0.9986793448596141 -0.013729763289719166 0.04951373367180024 0.023261050508353125 0.9800448790147683 -0.19741281222424767 -0.04581533677992353 0.19830381244424575 0.9790693625356142 2.7324382467982673 -11.024040165561019 -47.12143849505162 PINHOLE 1280 1024 1024.0877685546875 1023.894775390625 601.8067016601562 508.1316833496094
dataset_8_undistorted/keyframe_0_frame_000705.png 0.9987900909643538 -0.010438598716531548 0.04806375434785655 0.019756397129381553 0.9800639422048376 -0.1976974808710278 -0.045041951342424315 0.19840772212481542 0.9790838962657697 2.6161462982349235 -11.025996318415082 -47.08126538941633 PINHOLE 1280 1024 1024.0877685546875 1023.894775390625 601.8067016601562 508.1316833496094
dataset_8_undistorted/keyframe_0_frame_000706.png 0.9989075965918219 -0.006794997525155118 0.04623115338683563 0.015841017476348293 0.9800265655386194 -0.19823238396474496 -0.0439607756014738 0.19874811711491233 0.9790637329936218 2.545663712683222 -11.069721696516353 -47.09198498260105 PINHOLE 1280 1024 1024.0877685546875 1023.894775390625 601.8067016601562 508.1316833496094
dataset_8_undistorted/keyframe_0_frame_000708.png 0.999089505942387 -0.0001991164349159144 0.042665137938297605 0.00868906749998249 0.9799807972512495 -0.1989013849957684 -0.0417715296957315 0.19909096997582734 0.9790900179770008 2.31791528822032 -11.092039961704359 -47.02417557192325 PINHOLE 1280 1024 1024.0877685546875 1023.894775390625 601.8067016601562 508.1316833496094
dataset_8_undistorted/keyframe_0_frame_000709.png 0.9991610580130572 0.0032265412298223234 0.040832172617457405 0.004976029881724956 0.9799456485632156 -0.19920244229767914 -0.0406561715000042 0.19923835069626256 0.9791070531752655 2.279783106967102 -11.113371778245892 -47.074808281258356 PINHOLE 1280 1024 1024.0877685546875 1023.894775390625 601.8067016601562 508.1316833496094
dataset_8_undistorted/keyframe_0_frame_000711.png 0.999251685022279 0.009904229663104567 0.037390341680230886 -0.0022451095289664734 0.9798825786053895 -0.19956056814873527 -0.038614669956808206 0.19932723862439247 0.9791714293594965 2.0582452629608383 -11.14282791126675 -47.04234038952836 PINHOLE 1280 1024 1024.0877685546875 1023.894775390625 601.8067016601562 508.1316833496094
dataset_8_undistorted/keyframe_0_frame_000715.png 0.9992531385274022 0.02314597359891623 0.030936700640055447 -0.01656719177409994 0.9800375712216983 -0.19812148317969808 -0.03490488123245171 0.197460961765101 0.9796894459105134 1.732484223387928 -11.07712613575336 -47.05123478333178 PINHOLE 1280 1024 1024.0877685546875 1023.894775390625 601.8067016601562 508.1316833496094
dataset_8_undistorted/keyframe_0_frame_000716.png 0.9992191703070576 0.025967899645443868 0.029778530363360294 -0.01958793132358724 0.980120848609282 -0.19742986602192225 -0.034313414968877715 0.19669224440356783 0.9798642658633274 1.6328507234684366 -11.023035925951262 -47.020248136980626 PINHOLE 1280 1024 1024.0877685546875 1023.894775390625 601.8067016601562 508.1316833496094
dataset_8_undistorted/keyframe_0_frame_000717.png 0.9991459922102461 0.030208677768812222 0.028186248372313587 -0.024101932220569028 0.9802606200896458 -0.19623352867301058 -0.03355791358830096 0.1953863498366611 0.9801517054722172 1.5438163398697498 -10.955853950410528 -47.00631085159273 PINHOLE 1280 1024 1024.0877685546875 1023.894775390625 601.8067016601562 508.1316833496094
dataset_8_undistorted/keyframe_0_frame_000720.png 0.9988225792967538 0.04138471604088057 0.025319550379841824 -0.035703201688902855 0.9803613139956251 -0.1939534773457491 -0.032849128138256245 0.19282107926711023 0.9806842437967084 1.342433577137399 -10.812742078891915 -46.96514066912812 PINHOLE 1280 1024 1024.0877685546875 1023.894775390625 601.8067016601562 508.1316833496094
dataset_8_undistorted/keyframe_0_frame_000721.png 0.9986655320493915 0.045553351815017455 0.02433721921034804 -0.04000172632208377 0.980297839907142 -0.19343148265466706 -0.03266923721157469 0.19219965407391293 0.9808117461343583 1.2942236733872505 -10.78272911404838 -46.917492234708675 PINHOLE 1280 1024 1024.0877685546875 1023.894775390625 601.8067016601562 508.1316833496094
dataset_8_undistorted/keyframe_0_frame_000723.png 0.9982969181493888 0.053979171900723315 0.022125821031038082 -0.048712812676510495 0.9799955079886143 -0.19296740170351223 -0.032099505113423105 0.19156089273862956 0.9809558636414795 1.2020783113916877 -10.772642214347115 -46.84673227333974 PINHOLE 1280 1024 1024.0877685546875 1023.894775390625 601.8067016601562 508.1316833496094
dataset_8_undistorted/keyframe_0_frame_000724.png 0.9980545705916883 0.05881618604490196 0.020687731567490673 -0.05374395460068501 0.9797768779150301 -0.19274094424615423 -0.03160570630017085 0.1912539764335235 0.9810316651260903 1.1217503982628614 -10.75968247054243 -46.812290104578324 PINHOLE 1280 1024 1024.0877685546875 1023.894775390625 601.8067016601562 508.1316833496094
dataset_8_undistorted/keyframe_0_frame_000728.png 0.9973319205041434 0.07101805245545702 0.01690384729623853 -0.06647159023603161 0.9791607097359372 -0.19190258235858676 -0.03018021501081426 0.19026679894541904 0.9812688011385278 0.8729348593673194 -10.69570422413176 -46.77319614380485 PINHOLE 1280 1024 1024.0877685546875 1023.894775390625 601.8067016601562 508.1316833496094
dataset_8_undistorted/keyframe_0_frame_000730.png 0.9968505895584208 0.07793645587243787 0.014670736818299897 -0.07371030805502919 0.9787824342348338 -0.19118385921758171 -0.029259709532125568 0.18950031544566243 0.9814442042539311 0.7888996506940202 -10.671888852715256 -46.77544091041284 PINHOLE 1280 1024 1024.0877685546875 1023.894775390625 601.8067016601562 508.1316833496094
dataset_8_undistorted/keyframe_0_frame_000733.png 0.9956185405819611 0.09301498392943805 0.009598960641201627 -0.08956233081447179 0.9780676269171591 -0.18805003729377703 -0.02687999178564986 0.1863661028861799 0.9821125407015721 0.5089089696997462 -10.4959778887835 -46.84249113162139 PINHOLE 1280 1024 1024.0877685546875 1023.894775390625 601.8067016601562 508.1316833496094
dataset_8_undistorted/keyframe_0_frame_000741.png 0.9924830090346632 0.12238229343431975 -0.0003102043689320473 -0.12050564234000952 0.9768157459921282 -0.17694610651957987 -0.021352022512166956 0.17565346113708294 0.9842209071779514 -0.04477088658620687 -9.874004702129241 -47.23173944228006 PINHOLE 1280 1024 1024.0877685546875 1023.894775390625 601.8067016601562 508.1316833496094
dataset_8_undistorted/keyframe_0_frame_000743.png 0.9917312927369395 0.12830962826321238 -0.0023750083050054016 -0.1267682310441845 0.976602078541054 -0.1737201135447283 -0.019970572652982483 0.17258447581687994 0.9847924685602384 -0.19344214257785097 -9.673923595395536 -47.35702040035483 PINHOLE 1280 1024 1024.0877685546875 1023.894775390625 601.8067016601562 508.1316833496094
dataset_8_undistorted/keyframe_0_frame_000744.png 0.9911251518358437 0.13286394378042432 -0.004296687270229049 -0.1316421041749028 0.9764906042799256 -0.1706969278804772 -0.01848384395782817 0.1697476018275343 0.9853146043206062 -0.26747933891556386 -9.523988345923499 -47.51220317706259 PINHOLE 1280 1024 1024.0877685546875 1023.894775390625 601.8067016601562 508.1316833496094
dataset_8_undistorted/keyframe_0_frame_000747.png 0.9894964854980166 0.14424497213535606 -0.009509704153511352 -0.14387292041043961 0.9762762120672368 -0.16182111074235636 -0.014057784301205073 0.16148958949832246 0.9867744917092924 -0.5586723993415035 -9.02711925478934 -47.86028598957648 PINHOLE 1280 1024 1024.0877685546875 1023.894775390625 601.8067016601562 508.1316833496094
dataset_8_undistorted/keyframe_0_frame_000748.png 0.9892063571926375 0.14612121981278275 -0.010896922065511953 -0.14598292468727075 0.9763997594231302 -0.15915815177468265 -0.012616695988794146 0.15903100554276003 0.9871925174674793 -0.642554361547127 -8.878159793285477 -47.9760686055439 PINHOLE 1280 1024 1024.0877685546875 1023.894775390625 601.8067016601562 508.1316833496094
dataset_8_undistorted/keyframe_0_frame_000749.png 0.98886800020839 0.14828864298620797 -0.012292059880457467 -0.14837451304091792 0.9764668127020473 -0.15652082356937133 -0.011207578134485299 0.1566021552331262 0.9875985668584697 -0.7599642002829796 -8.71057132631472 -48.08604599737498 PINHOLE 1280 1024 1024.0877685546875 1023.894775390625 601.8067016601562 508.1316833496094
dataset_8_undistorted/keyframe_0_frame_000751.png 0.9883929539209312 0.15119475977922894 -0.014827014468271529 -0.15168587331268352 0.9767416338715886 -0.1515503893646273 -0.008431509418405331 0.1520403219158542 0.988338349799872 -0.8559705380525884 -8.452193741846258 -48.24861585745987 PINHOLE 1280 1024 1024.0877685546875 1023.894775390625 601.8067016601562 508.1316833496094
dataset_8_undistorted/keyframe_0_frame_000752.png 0.9881409134848678 0.1527379702412098 -0.015768634460745036 -0.1533769450359689 0.9769402835289414 -0.14853860413315345 -0.007282489242161098 0.14919537394315208 0.9887810066479175 -0.9147930118555223 -8.284134376817974 -48.37974140014683 PINHOLE 1280 1024 1024.0877685546875 1023.894775390625 601.8067016601562 508.1316833496094
dataset_8_undistorted/keyframe_0_frame_000758.png 0.9877323140060039 0.15530254412544633 -0.016309195681774788 -0.15608761471441576 0.9787900116541695 -0.13268687129561602 -0.00464323323780805 0.13360487251696163 0.9910234196520018 -0.9119669547577587 -7.418553232050044 -49.48742938336534 PINHOLE 1280 1024 1024.0877685546875 1023.894775390625 601.8067016601562 508.1316833496094
dataset_8_undistorted/keyframe_0_frame_000759.png 0.9879110230130174 0.1542160081042682 -0.015804034407333398 -0.1549539576277694 0.979266498248719 -0.13048948248608686 -0.004647271343803118 0.1313607682152551 0.9913241322520708 -0.8774738051708937 -7.295190924048256 -49.59170338976412 PINHOLE 1280 1024 1024.0877685546875 1023.894775390625 601.8067016601562 508.1316833496094
dataset_8_undistorted/keyframe_0_frame_000760.png 0.9881757049398537 0.15256565443422712 -0.01525848718300134 -0.15325645026217227 0.9798001527918262 -0.12846757386239252 -0.004649491227175413 0.12928695792298464 0.9915960264905191 -0.85009834517939 -7.182283419164378 -49.69270013879941 PINHOLE 1280 1024 1024.0877685546875 1023.894775390625 601.8067016601562 508.1316833496094
dataset_8_undistorted/keyframe_0_frame_000763.png 0.9899678717755492 0.14077229546320774 -0.012101140093862092 -0.14119586980175677 0.9825139673859015 -0.1213674383122984 -0.005195691257170998 0.12185850153333057 0.9925339682976564 -0.7037068469547876 -6.763726758047369 -50.01320704025977 PINHOLE 1280 1024 1024.0877685546875 1023.894775390625 601.8067016601562 508.1316833496094
dataset_8_undistorted/keyframe_0_frame_000764.png 0.990571908011281 0.1365704171113966 -0.01076070701497883 -0.13687795931689958 0.983449754462226 -0.11870896347216472 -0.005629536382961492 0.11906261470107224 0.9928711892650793 -0.6288340600094671 -6.615241024568604 -50.108231248500715 PINHOLE 1280 1024 1024.0877685546875 1023.894775390625 601.8067016601562 508.1316833496094
dataset_8_undistorted/keyframe_0_frame_000765.png 0.9910981817639454 0.132803658935511 -0.00934055183835592 -0.1329877633962609 0.9843269425179872 -0.11582391648633546 -0.0061876904885811495 0.11603511887460864 0.9932261214109281 -0.5558047961112607 -6.454969324250214 -50.213367942350374 PINHOLE 1280 1024 1024.0877685546875 1023.894775390625 601.8067016601562 508.1316833496094
dataset_8_undistorted/keyframe_0_frame_000766.png 0.9915556985450655 0.12944301936938837 -0.007860033016361626 -0.12949987909970773 0.9851405036556234 -0.11281855399771142 -0.006860400434376426 0.11288380209472013 0.9935846370411093 -0.4761846407075154 -6.2874022631569915 -50.29398385882064 PINHOLE 1280 1024 1024.0877685546875 1023.894775390625 601.8067016601562 508.1316833496094
dataset_8_undistorted/keyframe_0_frame_000767.png 0.9919387147043303 0.12656113211731418 -0.006316170797218976 -0.12648736134587338 0.9858869560968019 -0.1096730551483123 -0.0076533517484970994 0.10958777592818632 0.9939476857730676 -0.3835947941338418 -6.110424215665262 -50.34723915252755 PINHOLE 1280 1024 1024.0877685546875 1023.894775390625 601.8067016601562 508.1316833496094
dataset_8_undistorted/keyframe_0_frame_000768.png 0.9921995208122237 0.12456492663620072 -0.004845038563379255 -0.12437144441332702 0.9865210476560763 -0.10633422611399719 -0.008465823676019935 0.10610707053723166 0.9943181683229944 -0.2950018250504627 -5.9224051424707795 -50.39157824584606 PINHOLE 1280 1024 1024.0877685546875 1023.894775390625 601.8067016601562 508.1316833496094
dataset_8_undistorted/keyframe_0_frame_000770.png 0.9926365020893393 0.1211175511462476 -0.0019057870395209253 -0.12070153515170268 0.9876564600409544 -0.09983400066635523 -0.010209403790322074 0.0993287909616288 0.9950026121647342 -0.10046520508080903 -5.580511552773942 -50.452687080794476 PINHOLE 1280 1024 1024.0877685546875 1023.894775390625 601.8067016601562 508.1316833496094
dataset_8_undistorted/keyframe_0_frame_000772.png 0.9930193983780349 0.11794831603782283 0.0006634825642528598 -0.1173638630961567 0.9886272979843029 -0.0940317252081107 -0.011746773244493568 0.09329761127880891 0.9955691278778404 0.10504792562198872 -5.297234101035656 -50.46777076535511 PINHOLE 1280 1024 1024.0877685546875 1023.894775390625 601.8067016601562 508.1316833496094
dataset_8_undistorted/keyframe_0_frame_000774.png 0.9933418001759368 0.1151756312802302 0.0025667253424505017 -0.11449153329939071 0.9894262115136612 -0.08904011764043573 -0.012794914951347984 0.08815352314841472 0.9960251033257993 0.11936163531925104 -4.955077009361503 -50.39684309752738 PINHOLE 1280 1024 1024.0877685546875 1023.894775390625 601.8067016601562 508.1316833496094
dataset_8_undistorted/keyframe_0_frame_000776.png 0.9938308622732889 0.1108120035133244 0.00457099769511392 -0.11002634844224339 0.990290175730808 -0.08497286567359257 -0.013942624785474844 0.08394574058059108 0.9963732050207218 0.2618192103692536 -4.749208273419299 -50.30463833610554 PINHOLE 1280 1024 1024.0877685546875 1023.894775390625 601.8067016601562 508.1316833496094
dataset_8_undistorted/keyframe_0_frame_000783.png 0.9948834278904538 0.09760145990122511 0.02609021191241448 -0.09519103137557167 0.9921130577427312 -0.08155333085201909 -0.033844229123355746 0.0786522867203159 0.996327753660627 1.4280032921581096 -4.538615929962134 -50.33792841389163 PINHOLE 1280 1024 1024.0877685546875 1023.894775390625 601.8067016601562 508.1316833496094
dataset_8_undistorted/keyframe_0_frame_000784.png 0.994847615139103 0.096919342035846 0.029748838670511698 -0.09424247668151092 0.9922446848534896 -0.08104365220149419 -0.03737284142359599 0.07782246756231409 0.9962659542011384 1.6361400916185858 -4.508934389043361 -50.39284029237717 PINHOLE 1280 1024 1024.0877685546875 1023.894775390625 601.8067016601562 508.1316833496094
dataset_8_undistorted/keyframe_0_frame_000788.png 0.9943252137690973 0.09773273594373895 0.04202295353655566 -0.09420756725835892 0.9924157630910965 -0.07897317633036223 -0.04942263800423332 0.07456616559324507 0.9959908818711636 2.359394179736455 -4.412714188140853 -50.71277462898274 PINHOLE 1280 1024 1024.0877685546875 1023.894775390625 601.8067016601562 508.1316833496094
dataset_8_undistorted/keyframe_0_frame_000790.png 0.9938831352163223 0.09915047823479903 0.048637356179667926 -0.09520704667673045 0.9924266943038071 -0.07761597364831362 -0.055964731610994294 0.07251061390913187 0.9957957763966327 2.685545191756887 -4.319182205779498 -50.884877988825565 PINHOLE 1280 1024 1024.0877685546875 1023.894775390625 601.8067016601562 508.1316833496094
dataset_8_undistorted/keyframe_0_frame_000798.png 0.9931388674236261 0.08795121665544466 0.077067469792157 -0.08233219838675873 0.9939066137109674 -0.07328865668026638 -0.08304371168873648 0.0664406260896698 0.9943287060023331 4.315368418945241 -4.095792714877234 -51.251769472691194 PINHOLE 1280 1024 1024.0877685546875 1023.894775390625 601.8067016601562 508.1316833496094
dataset_8_undistorted/keyframe_0_frame_000800.png 0.9931158951160698 0.08339561967223437 0.08225561750702612 -0.07749933524434484 0.9943563215969766 -0.07245064173568747 -0.08783359017159452 0.06557683770517835 0.9939742605245182 4.536351272325305 -4.010096824680204 -51.23410671263764 PINHOLE 1280 1024 1024.0877685546875 1023.894775390625 601.8067016601562 508.1316833496094
dataset_8_undistorted/keyframe_0_frame_000801.png 0.9931058087643141 0.08090141140008249 0.08482824959841549 -0.07485867989732724 0.9945801968582137 -0.0721523083951987 -0.0902057441194931 0.0653047257239916 0.9937795130650227 4.712691482924697 -4.013233109079692 -51.26809398275054 PINHOLE 1280 1024 1024.0877685546875 1023.894775390625 601.8067016601562 508.1316833496094
dataset_8_undistorted/keyframe_0_frame_000803.png 0.9930448939697859 0.07604481710837319 0.08988566139892652 -0.06971585345469553 0.9949960611196444 -0.0715742352902945 -0.09487884768936149 0.0648100193655214 0.9933770414711143 5.013992675840427 -4.00333067765996 -51.307955492398264 PINHOLE 1280 1024 1024.0877685546875 1023.894775390625 601.8067016601562 508.1316833496094
dataset_8_undistorted/keyframe_0_frame_000805.png 0.9929163974595957 0.07158491280488202 0.09482903258059025 -0.06497829385401134 0.9953564540969994 -0.07102123537336794 -0.0994729000171312 0.06435624923456601 0.9929572599986781 5.231481017930378 -3.9332655743253326 -51.31983901352089 PINHOLE 1280 1024 1024.0877685546875 1023.894775390625 601.8067016601562 508.1316833496094
dataset_8_undistorted/keyframe_0_frame_000809.png 0.9924186765871201 0.06126459133915739 0.10654261529709833 -0.053963626811894226 0.9960784513656992 -0.0701137009609312 -0.11042043013239018 0.06383250649729541 0.9918331317547151 5.922927350313898 -3.9012203281636175 -51.46343344107697 PINHOLE 1280 1024 1024.0877685546875 1023.894775390625 601.8067016601562 508.1316833496094
dataset_8_undistorted/keyframe_0_frame_000810.png 0.9921381844244012 0.05823774636959209 0.11077140475173947 -0.05065231720907047 0.9962531511985938 -0.07010624454776639 -0.11443930316371927 0.06394419382344994 0.9913705759834509 6.159270950512564 -3.901017948488743 -51.51959624513279 PINHOLE 1280 1024 1024.0877685546875 1023.894775390625 601.8067016601562 508.1316833496094
dataset_8_undistorted/keyframe_0_frame_000814.png 0.9908166942105033 0.050428236879986016 0.1254556892245941 -0.0416050315351284 0.9965372762370459 -0.07198390079027081 -0.12865138391575004 0.06610302212163233 0.9894837827892446 6.976174820820802 -4.007366690677145 -51.69915886475371 PINHOLE 1280 1024 1024.0877685546875 1023.894775390625 601.8067016601562 508.1316833496094
dataset_8_undistorted/keyframe_0_frame_000815.png 0.9905110529858777 0.04883388348674491 0.12846533402902355 -0.03972393278185292 0.9965735219350805 -0.07254718121051185 -0.13156802365621528 0.06675562883988027 0.989056569625861 7.144411233275491 -4.03915764822068 -51.73502819945418 PINHOLE 1280 1024 1024.0877685546875 1023.894775390625 601.8067016601562 508.1316833496094
dataset_8_undistorted/keyframe_0_frame_000816.png 0.9902410190694586 0.047076892227020155 0.13117442747971172 -0.03771220370258019 0.9966200315143134 -0.07298681396650591 -0.13416729550713952 0.06732762718696804 0.9886692246667753 7.275992504382543 -4.041819036083325 -51.72834497057215 PINHOLE 1280 1024 1024.0877685546875 1023.894775390625 601.8067016601562 508.1316833496094
dataset_8_undistorted/keyframe_0_frame_000817.png 0.9899801602020638 0.04534896806285203 0.13372601358103936 -0.0357046546904266 0.9966442154412011 -0.07366022264810096 -0.1366177579887815 0.06814724961059546 0.9882771214637838 7.483255255021163 -4.11650791365696 -51.814808733864766 PINHOLE 1280 1024 1024.0877685546875 1023.894775390625 601.8067016601562 508.1316833496094
dataset_8_undistorted/keyframe_0_frame_000819.png 0.989571610673113 0.04051952604909424 0.1382268065724956 -0.03039777398459716 0.9967525970920552 -0.07456952390955246 -0.14079963657922995 0.06959012544030282 0.9875893255946672 7.702644206534501 -4.148993674302801 -51.84976971797619 PINHOLE 1280 1024 1024.0877685546875 1023.894775390625 601.8067016601562 508.1316833496094
dataset_8_undistorted/keyframe_0_frame_000820.png 0.9893822619724848 0.03813429046797936 0.1402458608420846 -0.027778598531602423 0.9967912912343742 -0.07507191495853713 -0.1426588777253967 0.0703790274214873 0.9872666206555952 7.770633768144194 -4.162869056163117 -51.875286086399115 PINHOLE 1280 1024 1024.0877685546875 1023.894775390625 601.8067016601562 508.1316833496094
dataset_8_undistorted/keyframe_0_frame_000822.png 0.9890578013441457 0.030441807100684917 0.14435369005985432 -0.019592532470891995 0.9969156228702766 -0.07599395666553939 -0.14622188945772804 0.07233407669219007 0.9866034233728942 8.053514900708365 -4.226471168500439 -51.90097548860422 PINHOLE 1280 1024 1024.0877685546875 1023.894775390625 601.8067016601562 508.1316833496094
dataset_8_undistorted/keyframe_0_frame_000823.png 0.9889372397685844 0.02678604893442298 0.14589618372815819 -0.015728136648565445 0.9969510361100048 -0.07642742631656564 -0.14749868467483307 0.0732871445545122 0.9863431936737309 8.0863506936073 -4.239443818222298 -51.92378078203592 PINHOLE 1280 1024 1024.0877685546875 1023.894775390625 601.8067016601562 508.1316833496094
dataset_8_undistorted/keyframe_0_frame_000825.png 0.9887991532958825 0.02058384005644986 0.1478257348352758 -0.009161748612356099 0.9969474149306393 -0.07753918238599457 -0.14897071249235533 0.07531644362216898 0.9859694211822531 8.230863618213561 -4.318308746856474 -51.92685397114201 PINHOLE 1280 1024 1024.0877685546875 1023.894775390625 601.8067016601562 508.1316833496094
dataset_8_undistorted/keyframe_0_frame_000826.png 0.9887400945106675 0.017609390712554428 0.14860367683169992 -0.006031872766480871 0.9969345329846028 -0.0780034771140186 -0.14952186124849393 0.07622862825748475 0.9858151073208515 8.274179376114262 -4.344322552663471 -51.90948419551978 PINHOLE 1280 1024 1024.0877685546875 1023.894775390625 601.8067016601562 508.1316833496094
dataset_8_undistorted/keyframe_0_frame_000827.png 0.9886417268240038 0.013044654358070656 0.1497260115564564 -0.0011541149805234766 0.9968560466059263 -0.07923163377817756 -0.1502888818097042 0.07815882918475581 0.9855479116697465 8.336861657114923 -4.413313565228236 -51.875293926235145 PINHOLE 1280 1024 1024.0877685546875 1023.894775390625 601.8067016601562 508.1316833496094
dataset_8_undistorted/keyframe_0_frame_000830.png 0.9883472676267 0.002672899333096412 0.1521941002340594 0.009964863462948441 0.9965651798290681 -0.08221692632315691 -0.15189124329587644 0.082775465388401 0.9849255264470567 8.470563821383394 -4.582007907005618 -51.704946669490596 PINHOLE 1280 1024 1024.0877685546875 1023.894775390625 601.8067016601562 508.1316833496094
dataset_8_undistorted/keyframe_0_frame_000831.png 0.9881589584652015 -0.00048464523642631913 0.15343433735926199 0.013364653025072953 0.9964664906884387 -0.08292758715668881 -0.15285226965943519 0.0839960953978237 0.9846733670804865 8.503011365419752 -4.606688076502223 -51.55530829049269 PINHOLE 1280 1024 1024.0877685546875 1023.894775390625 601.8067016601562 508.1316833496094
dataset_8_undistorted/keyframe_0_frame_000833.png 0.9877289687975751 -0.00580039775752351 0.15607125346525894 0.019033158074136837 0.9963321711080989 -0.08342881524252241 -0.15501501841994492 0.08537553594205356 0.984216192615787 8.704075356023168 -4.6449942776018815 -51.25012236427597 PINHOLE 1280 1024 1024.0877685546875 1023.894775390625 601.8067016601562 508.1316833496094
dataset_8_undistorted/keyframe_0_frame_000835.png 0.9872744143762026 -0.011520550292052652 0.1586081656815257 0.025013501630201055 0.9962071439784297 -0.08334149466162175 -0.1570465839332169 0.08624834667512575 0.9838179438112145 8.837454109442547 -4.642854053181736 -50.95109397937358 PINHOLE 1280 1024 1024.0877685546875 1023.894775390625 601.8067016601562 508.1316833496094
dataset_8_undistorted/keyframe_0_frame_000839.png 0.9859656630195371 -0.024281453897594774 0.16517370942384807 0.03848169373680826 0.9957795217315684 -0.08332548292763486 -0.16245360959586133 0.08851219694384187 0.9827385329303685 9.171572679759379 -4.627038465104306 -50.24896695418283 PINHOLE 1280 1024 1024.0877685546875 1023.894775390625 601.8067016601562 508.1316833496094
dataset_8_undistorted/keyframe_0_frame_000842.png 0.984943726148511 -0.03800420287281642 0.16864584960044443 0.052766536167239905 0.9950730906607296 -0.08393704926128921 -0.1646252638652304 0.09157199069727831 0.9820965338203224 9.398424270930036 -4.677241868833335 -50.03910343287282 PINHOLE 1280 1024 1024.0877685546875 1023.894775390625 601.8067016601562 508.1316833496094
dataset_8_undistorted/keyframe_0_frame_000846.png 0.9839544869517399 -0.05118072187380085 0.17092169743713584 0.06637346414753975 0.9942199067590751 -0.08439008144129022 -0.16561477729456744 0.09438074062708592 0.9816641942949699 9.525580840394696 -4.7029417969802125 -49.9366213731239 PINHOLE 1280 1024 1024.0877685546875 1023.894775390625 601.8067016601562 508.1316833496094
dataset_8_undistorted/keyframe_0_frame_000847.png 0.9836857759981685 -0.0545481476514482 0.17142538277007785 0.06985315745804373 0.9939671599630293 -0.08455373277210944 -0.16577919363817492 0.09514897537573383 0.9815617567422653 9.553471086246418 -4.712323108504734 -49.922109846001945 PINHOLE 1280 1024 1024.0877685546875 1023.894775390625 601.8067016601562 508.1316833496094
dataset_8_undistorted/keyframe_0_frame_000848.png 0.9834098930356608 -0.057905418072102297 0.17190750835925736 0.07331426107256392 0.9937076038277105 -0.0846816409650068 -0.1659224881645454 0.09588014046601379 0.9814669734307238 9.58045832887342 -4.719693759037 -49.912893258924896 PINHOLE 1280 1024 1024.0877685546875 1023.894775390625 601.8067016601562 508.1316833496094
dataset_8_undistorted/keyframe_0_frame_000852.png 0.9819316715646003 -0.07442580411293857 0.1739848692769101 0.09028743700872488 0.9922731993374145 -0.08509796984644159 -0.16630731206308777 0.09926890484025692 0.9810645525702332 9.65019589008898 -4.734486393254201 -49.891541796648426 PINHOLE 1280 1024 1024.0877685546875 1023.894775390625 601.8067016601562 508.1316833496094
dataset_8_undistorted/keyframe_0_frame_000855.png 0.981061645136185 -0.08396588458877428 0.17455113665743854 0.10006711467799513 0.9912936342091891 -0.08557537486548969 -0.16584625623462854 0.10142140756919227 0.980922032734648 9.685948844934558 -4.760226710340476 -49.80164429691297 PINHOLE 1280 1024 1024.0877685546875 1023.894775390625 601.8067016601562 508.1316833496094
dataset_8_undistorted/keyframe_0_frame_000858.png 0.980055259284691 -0.09461947779966397 0.17475493084932162 0.1109715756746263 0.9900709757489081 -0.0862844684330268 -0.16485590475347464 0.1039563464497435 0.9808240942242938 9.705491009813159 -4.797955551611494 -49.58609722945846 PINHOLE 1280 1024 1024.0877685546875 1023.894775390625 601.8067016601562 508.1316833496094
dataset_8_undistorted/keyframe_0_frame_000860.png 0.9792038045688821 -0.10278853211776706 0.17491357534911683 0.1193336405661898 0.9890493595929047 -0.08684008650536318 -0.16407224665570855 0.10590707673200045 0.9807469793310482 9.777142832153402 -4.856978446357061 -49.50672252569473 PINHOLE 1280 1024 1024.0877685546875 1023.894775390625 601.8067016601562 508.1316833496094
dataset_8_undistorted/keyframe_0_frame_000866.png 0.9752667756803254 -0.13407363522060925 0.17572550939964177 0.15137772180025694 0.9844590088219551 -0.0890256141017403 -0.1610587799588134 0.11342468438645406 0.9804057902361104 9.746390318974647 -4.959262073347645 -49.19707828036064 PINHOLE 1280 1024 1024.0877685546875 1023.894775390625 601.8067016601562 508.1316833496094
dataset_8_undistorted/keyframe_0_frame_000871.png 0.9711223347602825 -0.1599996379854458 0.17697962642200676 0.17795101898560975 0.9798591728586601 -0.09060667924460852 -0.15891826902172335 0.11948349399004278 0.9800351052237539 9.828156208503458 -5.044931872414281 -48.96125209602815 PINHOLE 1280 1024 1024.0877685546875 1023.894775390625 601.8067016601562 508.1316833496094
dataset_8_undistorted/keyframe_0_frame_000876.png 0.966653736966755 -0.18284228218937365 0.1793041087113157 0.2013230731086761 0.9753064095472025 -0.09081005107471103 -0.1582726931191141 0.12387981445620262 0.9795935847337103 9.953586759292193 -5.059796496597528 -48.7218292292913 PINHOLE 1280 1024 1024.0877685546875 1023.894775390625 601.8067016601562 508.1316833496094
dataset_8_undistorted/keyframe_0_frame_000878.png 0.9648965099957603 -0.19081253235959766 0.18045880481671048 0.2094997619402842 0.9735902641070003 -0.09072766488072247 -0.1583812334494747 0.12534888097408065 0.9793891302265547 10.065024430374365 -5.059374081801252 -48.627156873538524 PINHOLE 1280 1024 1024.0877685546875 1023.894775390625 601.8067016601562 508.1316833496094
dataset_8_undistorted/keyframe_0_frame_000880.png 0.963141610427764 -0.19848174110869402 0.1815579803016155 0.2173075941321745 0.971919699204729 -0.09027514171963413 -0.15854210479435696 0.12640161034077907 0.9792281232270883 10.079401683424464 -5.031297418884606 -48.52763335855991 PINHOLE 1280 1024 1024.0877685546875 1023.894775390625 601.8067016601562 508.1316833496094
dataset_8_undistorted/keyframe_0_frame_000881.png 0.9622316033273555 -0.2023406609817655 0.182122525639568 0.2212329545906141 0.9710579812439434 -0.09001088825473223 -0.15863881423764578 0.1269027482459901 0.9791471059350557 10.149886491898712 -5.0233263766510845 -48.500439174018425 PINHOLE 1280 1024 1024.0877685546875 1023.894775390625 601.8067016601562 508.1316833496094
dataset_8_undistorted/keyframe_0_frame_000883.png 0.9594684980103563 -0.21351824060335284 0.18393109636575386 0.23258864675987082 0.9684942688567095 -0.08900269862505454 -0.15913265582859526 0.12817541760538131 0.9789013207736451 10.211893175562011 -4.961362929654797 -48.35136836924653 PINHOLE 1280 1024 1024.0877685546875 1023.894775390625 601.8067016601562 508.1316833496094
dataset_8_undistorted/keyframe_0_frame_000890.png 0.9517959859361368 -0.24151027521907695 0.1890970360757241 0.26117903396415154 0.9613840550553181 -0.08675709841076443 -0.16084219500404145 0.131963140270424 0.97811866823754 10.535737228569417 -4.844776222675364 -48.15547832622519 PINHOLE 1280 1024 1024.0877685546875 1023.894775390625 601.8067016601562 508.1316833496094
dataset_8_undistorted/keyframe_0_frame_000892.png 0.9498854422350584 -0.24817433225768876 0.19007114136049724 0.2679623013590385 0.959559603280638 -0.08626032554162806 -0.16097727190180744 0.13286941571881314 0.9779732486700079 10.593965498497482 -4.815242196755207 -48.13077333207491 PINHOLE 1280 1024 1024.0877685546875 1023.894775390625 601.8067016601562 508.1316833496094
dataset_8_undistorted/keyframe_0_frame_000893.png 0.9489694481776257 -0.25130572729682793 0.19053223951147674 0.2711570121285251 0.9586794933766838 -0.08606740275775002 -0.16103036193238643 0.13333946316511075 0.9779010961699073 10.611981038297529 -4.808488339038377 -48.141156124624786 PINHOLE 1280 1024 1024.0877685546875 1023.894775390625 601.8067016601562 508.1316833496094
dataset_8_undistorted/keyframe_0_frame_000894.png 0.9480372738884861 -0.2544734273839338 0.19096742350879595 0.2743866934088475 0.9577767946791846 -0.08588074846392199 -0.16104996436354022 0.13381697874348528 0.9778325183510252 10.640147082750218 -4.796382216491793 -48.13126621728725 PINHOLE 1280 1024 1024.0877685546875 1023.894775390625 601.8067016601562 508.1316833496094
dataset_8_undistorted/keyframe_0_frame_000896.png 0.9456679628542366 -0.2623893175167041 0.19200112875066946 0.2825067262706353 0.9554247961860085 -0.08575361743751675 -0.16094201374726977 0.13533589584180833 0.9776413350453407 10.666485045777392 -4.781760036814148 -48.09046840008375 PINHOLE 1280 1024 1024.0877685546875 1023.894775390625 601.8067016601562 508.1316833496094
dataset_8_undistorted/keyframe_0_frame_000897.png 0.9448083441620053 -0.26521948652675953 0.19234125892070003 0.2854084412324521 0.9545641881656676 -0.0857172155876779 -0.16086845138098324 0.13588200700011277 0.9775767869770281 10.681574347968763 -4.781559146910922 -48.09499337501734 PINHOLE 1280 1024 1024.0877685546875 1023.894775390625 601.8067016601562 508.1316833496094
dataset_8_undistorted/keyframe_0_frame_000899.png 0.9422229915752931 -0.27356586925227017 0.19333472662917198 0.29399458538870815 0.9519482376110285 -0.08579878894599746 -0.16057322606175167 0.13768088015813837 0.9773738806333977 10.73693085947636 -4.787089571811293 -48.09228300243342 PINHOLE 1280 1024 1024.0877685546875 1023.894775390625 601.8067016601562 508.1316833496094
dataset_8_undistorted/keyframe_0_frame_000902.png 0.9385784030123501 -0.2853083100840524 0.1940880000678486 0.3059257755049383 0.9482034745247372 -0.08555677138685906 -0.15962504243862985 0.13967792884193383 0.9772464037498765 10.775264671115366 -4.776677336475132 -48.10570213393203 PINHOLE 1280 1024 1024.0877685546875 1023.894775390625 601.8067016601562 508.1316833496094
dataset_8_undistorted/keyframe_0_frame_000907.png 0.9333916707036384 -0.301613212963615 0.1944493047359229 0.3223975881591828 0.9427589403937807 -0.08524060181680539 -0.15760935779788468 0.14225289337790759 0.9772021247243714 10.791568093366493 -4.7625163496456935 -48.14334423390051 PINHOLE 1280 1024 1024.0877685546875 1023.894775390625 601.8067016601562 508.1316833496094
dataset_8_undistorted/keyframe_0_frame_000909.png 0.9309498753386366 -0.3093002134713142 0.19407774006666018 0.3301213813670799 0.9400731841007143 -0.0853347312119832 -0.15605345148056662 0.14351138231613136 0.9772672478071592 10.77813515768787 -4.764179329760509 -48.1826130507618 PINHOLE 1280 1024 1024.0877685546875 1023.894775390625 601.8067016601562 508.1316833496094
dataset_8_undistorted/keyframe_0_frame_000910.png 0.9294334660530333 -0.31399262320609883 0.1938106234517982 0.3348796774290185 0.9383543514093188 -0.08571522346622087 -0.15494926348594873 0.1445698662505094 0.97728753834392 10.802662216046372 -4.787535147830113 -48.251754544698656 PINHOLE 1280 1024 1024.0877685546875 1023.894775390625 601.8067016601562 508.1316833496094
dataset_8_undistorted/keyframe_0_frame_000912.png 0.9269310343666316 -0.3219341611331102 0.19276457663045213 0.3428156225725343 0.935439476344858 -0.08620185633597177 -0.15256850587306697 0.145985784064835 0.9774512517091049 10.697168414188894 -4.818081993340002 -48.37579865873977 PINHOLE 1280 1024 1024.0877685546875 1023.894775390625 601.8067016601562 508.1316833496094
dataset_8_undistorted/keyframe_0_frame_000915.png 0.9233576286176287 -0.3337173551388338 0.189852503663537 0.3544036451400745 0.9310240734454293 -0.08713527063829912 -0.14767894022408198 0.14774138050498797 0.9779386890408656 10.605705161605528 -4.879452852408576 -48.614828470277985 PINHOLE 1280 1024 1024.0877685546875 1023.894775390625 601.8067016601562 508.1316833496094
dataset_8_undistorted/keyframe_0_frame_000917.png 0.9204111226955832 -0.3437305764367969 0.18626042448598648 0.36394543266414425 0.9273378329906459 -0.0871116045130997 -0.14278362049587406 0.1479669311313472 0.9786311304188239 10.336888135093915 -4.868638064152719 -48.71287035988655 PINHOLE 1280 1024 1024.0877685546875 1023.894775390625 601.8067016601562 508.1316833496094
dataset_8_undistorted/keyframe_0_frame_000918.png 0.9191270151194825 -0.3481031586043803 0.18447269777288985 0.3680557333641005 0.9257287583672198 -0.08695665758474619 -0.14050190466276888 0.14782032045005628 0.9789833665464795 10.276523959710943 -4.860392542582531 -48.76114393558919 PINHOLE 1280 1024 1024.0877685546875 1023.894775390625 601.8067016601562 508.1316833496094
dataset_8_undistorted/keyframe_0_frame_000923.png 0.9119319429036992 -0.3709802354817559 0.17536810557435942 0.3897014651017647 0.9168217818133725 -0.08701038722320792 -0.1285023046415103 0.14768870423127334 0.9806505844551425 9.767197989434194 -4.8644149630308675 -48.696697333451766 PINHOLE 1280 1024 1024.0877685546875 1023.894775390625 601.8067016601562 508.1316833496094
dataset_8_undistorted/keyframe_0_frame_000925.png 0.909965458098741 -0.3776851789958829 0.17122110145913988 0.39583628732776155 0.9141728842178265 -0.08718555582607496 -0.12359707446546563 0.14711145434851805 0.9813673565238007 9.531894314383166 -4.876477747211993 -48.66583733694597 PINHOLE 1280 1024 1024.0877685546875 1023.894775390625 601.8067016601562 508.1316833496094
dataset_8_undistorted/keyframe_0_frame_000927.png 0.9087975599068165 -0.38235910676860846 0.16700022063244305 0.39990082741913513 0.9123996205918363 -0.08721142787564778 -0.11902503389382015 0.14604103734908733 0.9820918701669192 9.262505657197721 -4.874864815817091 -48.59634080919079 PINHOLE 1280 1024 1024.0877685546875 1023.894775390625 601.8067016601562 508.1316833496094
dataset_8_undistorted/keyframe_0_frame_000928.png 0.9083132294267799 -0.38444504018434367 0.16483210980299404 0.4016701232646602 0.9116234280845703 -0.08720107859044224 -0.1167409978070087 0.14541387765116226 0.9824596483011864 9.141263449511698 -4.8746226687067065 -48.57652963930934 PINHOLE 1280 1024 1024.0877685546875 1023.894775390625 601.8067016601562 508.1316833496094
dataset_8_undistorted/keyframe_0_frame_000929.png 0.9078594205672837 -0.3863853241598047 0.16278259728196579 0.4033370598166686 0.9108678995813837 -0.08740217449517142 -0.11450269580856638 0.14500502552843533 0.9827833030137103 9.026536465888398 -4.8860976947376 -48.558307908322945 PINHOLE 1280 1024 1024.0877685546875 1023.894775390625 601.8067016601562 508.1316833496094
dataset_8_undistorted/keyframe_0_frame_000930.png 0.9071940464319981 -0.38876966363069204 0.16080291618823678 0.40547391345623196 0.9098872090821994 -0.08772863087407456 -0.11220645484406726 0.14478825424291988 0.983079818013715 8.949324478057754 -4.907355242949507 -48.57217842270984 PINHOLE 1280 1024 1024.0877685546875 1023.894775390625 601.8067016601562 508.1316833496094
dataset_8_undistorted/keyframe_0_frame_000931.png 0.9065825021119708 -0.3910099763905224 0.15880738165454186 0.4074512820695429 0.9089816687922422 -0.08795292572782562 -0.10996277016355852 0.14444270275430635 0.9833844082339008 8.804078197434755 -4.917235608002784 -48.52092722064458 PINHOLE 1280 1024 1024.0877685546875 1023.894775390625 601.8067016601562 508.1316833496094
dataset_8_undistorted/keyframe_0_frame_000932.png 0.9058513723528353 -0.39347087609539333 0.15688898927681186 0.40966659124204197 0.907958690676947 -0.08822762489025823 -0.1077338458440154 0.1441932301202973 0.9836675941733274 8.727136196453245 -4.937654883988671 -48.547227584753614 PINHOLE 1280 1024 1024.0877685546875 1023.894775390625 601.8067016601562 508.1316833496094
dataset_8_undistorted/keyframe_0_frame_000935.png 0.9035231262558224 -0.40121369879849705 0.15057897806418105 0.41661993456832985 0.9046774773913184 -0.08936732465301937 -0.10037010244340214 0.1434792750721001 0.9845503313176394 8.384018998629173 -4.99496164074435 -48.59737980762213 PINHOLE 1280 1024 1024.0877685546875 1023.894775390625 601.8067016601562 508.1316833496094
dataset_8_undistorted/keyframe_0_frame_000941.png 0.8991317713205464 -0.41509861997134057 0.13876362431862097 0.4291142580387565 0.8984712036236747 -0.09279118247194193 -0.08615769327580776 0.14297677804544962 0.9859685008992313 7.720037959310051 -5.189198249505353 -48.90083273428297 PINHOLE 1280 1024 1024.0877685546875 1023.894775390625 601.8067016601562 508.1316833496094
dataset_8_undistorted/keyframe_0_frame_000942.png 0.9006142832330113 -0.4124845248325686 0.13693231567282715 0.4263284411024621 0.8996868540834139 -0.09384934832083223 -0.08448491481024707 0.1428998902344898 0.9861248505718164 7.6176725513494 -5.248167508601 -48.9707007178356 PINHOLE 1280 1024 1024.0877685546875 1023.894775390625 601.8067016601562 508.1316833496094
dataset_8_undistorted/keyframe_0_frame_000944.png 0.9030089080481243 -0.4077342074706334 0.1353806666191779 0.42136900301427305 0.9020088006140131 -0.09395771690469314 -0.08380489390966979 0.14188978808097324 0.9863283436380108 7.527762718649736 -5.2561536005162 -49.05434044577612 PINHOLE 1280 1024 1024.0877685546875 1023.894775390625 601.8067016601562 508.1316833496094
dataset_8_undistorted/keyframe_1_frame_000001.png 0.9999791379918034 0.00020341358186336166 -0.006499323478597166 -0.00018757629580354166 0.9999972576028027 0.0024393071700421483 0.006499617955021465 -0.002438132241382616 0.9999761788955042 -0.7239517698014097 0.24738366341784968 -0.666270515884662 PINHOLE 1280 1024 1024.0877685546875 1023.894775390625 601.8067016601562 508.1316833496094
dataset_8_undistorted/keyframe_1_frame_000003.png 0.9999343873068366 -0.003064780607644003 -0.011057391393021582 0.0030950814816164164 0.9999918009751828 0.0027333622570324774 0.011048777064089774 -0.00276731482362393 0.9999354081770451 -1.1901349834364234 0.2847824162483903 -0.9347493661388171 PINHOLE 1280 1024 1024.0877685546875 1023.894775390625 601.8067016601562 508.1316833496094
dataset_8_undistorted/keyframe_1_frame_000004.png 0.9998968046343736 -0.005260009832976669 -0.013396453359155043 0.005296281733427935 0.9999828846739173 0.002697591702737408 0.013381981827039216 -0.002768379940161328 0.9999068847714314 -1.4397294303080685 0.27622616004782685 -1.116731684612887 PINHOLE 1280 1024 1024.0877685546875 1023.894775390625 601.8067016601562 508.1316833496094
dataset_8_undistorted/keyframe_1_frame_000005.png 0.9998648088875108 -0.005861211583457811 -0.015346704317846285 0.005901324289824372 0.9999790344694919 0.0025644126552066336 0.015331389915814564 -0.0026546545307098747 0.9998786552057812 -1.6052132426480834 0.2629604023279626 -1.3314570579425435 PINHOLE 1280 1024 1024.0877685546875 1023.894775390625 601.8067016601562 508.1316833496094
dataset_8_undistorted/keyframe_1_frame_000006.png 0.9998261355189503 -0.006723678093137897 -0.017386099888203565 0.0067697852542415934 0.9999738041359972 0.0026032181236312715 0.017368168428100444 -0.0027205120895278725 0.9998455689043485 -1.8118863675195667 0.27131860201643576 -1.614496118748093 PINHOLE 1280 1024 1024.0877685546875 1023.894775390625 601.8067016601562 508.1316833496094
dataset_8_undistorted/keyframe_1_frame_000010.png 0.9997174019123525 -0.007142973856606552 -0.02268038574259806 0.007217869789395846 0.9999688574747971 0.003206338309843476 0.02265676705033995 -0.0033691081690802476 0.9997372381381278 -2.3665862513144074 0.3321234590880522 -2.6328808878579366 PINHOLE 1280 1024 1024.0877685546875 1023.894775390625 601.8067016601562 508.1316833496094
dataset_8_undistorted/keyframe_1_frame_000011.png 0.9996866338421544 -0.00608245912650886 -0.024281148004091237 0.006171963157524289 0.9999744949370981 0.0036236044480259344 0.024258487738273528 -0.00377229023324157 0.9996988242708721 -2.527646027097404 0.37993110266006624 -2.887272020593059 PINHOLE 1280 1024 1024.0877685546875 1023.894775390625 601.8067016601562 508.1316833496094
dataset_8_undistorted/keyframe_1_frame_000014.png 0.9995461785447943 -0.00037096179240834267 -0.030118724287190788 0.0005349112619076766 0.9999850580903624 0.005439809017775845 0.03011620748332671 -0.0054535438938451974 0.9995315928432024 -3.138834154209735 0.5670754394939195 -3.7054094490938496 PINHOLE 1280 1024 1024.0877685546875 1023.894775390625 601.8067016601562 508.1316833496094
dataset_8_undistorted/keyframe_1_frame_000015.png 0.9994791240238742 0.0009593889657409285 -0.03225871930102427 -0.000771568130838969 0.9999827090591822 0.005838882468681192 0.0322637287120333 -0.005810902273675365 0.9994625738710753 -3.2883165514593813 0.6059574824955689 -3.9629245739267844 PINHOLE 1280 1024 1024.0877685546875 1023.894775390625 601.8067016601562 508.1316833496094
dataset_8_undistorted/keyframe_1_frame_000016.png 0.9994408944395339 0.0011374006201177423 -0.03341061780470694 -0.0009365055450647275 0.999981309886799 0.006027335340323979 0.0334167465632431 -0.005992555227050095 0.9994236498831156 -3.5257582339943383 0.623798362054913 -4.064578245716007 PINHOLE 1280 1024 1024.0877685546875 1023.894775390625 601.8067016601562 508.1316833496094
dataset_8_undistorted/keyframe_1_frame_000022.png 0.9988482473879853 -0.007043103161793083 -0.04746220496430375 0.007366678584409897 0.9999510128921653 0.006654359940991637 0.047412980881588775 -0.006996518587041738 0.9988512317778394 -4.990151637207404 0.6888323223693078 -5.348018427256989 PINHOLE 1280 1024 1024.0877685546875 1023.894775390625 601.8067016601562 508.1316833496094
dataset_8_undistorted/keyframe_1_frame_000028.png 0.9982548282869976 -0.006372568481031008 -0.05870858170338792 0.006863878843905483 0.9999430059261797 0.008168589165608019 0.058653125726959986 -0.008557433143305274 0.9982415225369107 -6.15982076617491 0.8491482657761935 -6.539387151623828 PINHOLE 1280 1024 1024.0877685546875 1023.894775390625 601.8067016601562 508.1316833496094
dataset_8_undistorted/keyframe_1_frame_000029.png 0.9981728576080053 -0.007608602420519676 -0.05994038617026952 0.008110404585376839 0.9999341069125158 0.008137013665187305 0.059874577006855265 -0.008608584394614845 0.9981690108157572 -6.290696028677111 0.8435121850811811 -6.850822906752342 PINHOLE 1280 1024 1024.0877685546875 1023.894775390625 601.8067016601562 508.1316833496094
dataset_8_undistorted/keyframe_1_frame_000030.png 0.9980992173813316 -0.009727594753856742 -0.06084813729601811 0.01021101063706793 0.9999185140801515 0.007644642540733901 0.060769001090495635 -0.008251626472791205 0.9981180059983922 -6.341371361502013 0.7971480450551098 -7.138184188631158 PINHOLE 1280 1024 1024.0877685546875 1023.894775390625 601.8067016601562 508.1316833496094
dataset_8_undistorted/keyframe_1_frame_000032.png 0.9979516956710862 -0.015056333694342672 -0.06217222534034349 0.015496130639652684 0.9998581991752933 0.006600846567805311 0.06206403387695189 -0.007550757074460389 0.9980439069354816 -6.479358411042604 0.6883800034001979 -7.864375572274639 PINHOLE 1280 1024 1024.0877685546875 1023.894775390625 601.8067016601562 508.1316833496094
dataset_8_undistorted/keyframe_1_frame_000036.png 0.9974368190330354 -0.030733878540297296 -0.06461205888504737 0.031033442652511626 0.9995115675152315 0.003641125570768398 0.06446868254220882 -0.005637135643726498 0.9979038609059234 -6.66687949502375 0.3723607103943323 -9.365293341577967 PINHOLE 1280 1024 1024.0877685546875 1023.894775390625 601.8067016601562 508.1316833496094
dataset_8_undistorted/keyframe_1_frame_000039.png 0.997171478804456 -0.034069724602775006 -0.06698726662502853 0.03428516656965826 0.9994095848621123 0.0020711220558945176 0.06687736978436479 -0.00436214615601285 0.997751873478166 -6.978740040371761 0.21857620348328055 -10.287745366752915 PINHOLE 1280 1024 1024.0877685546875 1023.894775390625 601.8067016601562 508.1316833496094
dataset_8_undistorted/keyframe_1_frame_000041.png 0.9970569972289512 -0.03377757096641107 -0.06881793882752531 0.03395349205397593 0.9994223291136098 0.0013890332661739033 0.0687313383245924 -0.003721641555587969 0.99762836286499 -7.167143188596015 0.14975196778846112 -10.859457525576204 PINHOLE 1280 1024 1024.0877685546875 1023.894775390625 601.8067016601562 508.1316833496094
dataset_8_undistorted/keyframe_1_frame_000044.png 0.9968889266323872 -0.03264217396703976 -0.07174244715221845 0.032789477897978224 0.9994621966058145 0.0008778507838657034 0.07167513243680033 -0.003227466743704446 0.997422941453691 -7.476743527873197 0.0918208598268393 -11.657748585600757 PINHOLE 1280 1024 1024.0877685546875 1023.894775390625 601.8067016601562 508.1316833496094
dataset_8_undistorted/keyframe_1_frame_000045.png 0.996828515059546 -0.03241294941885525 -0.07268203428777899 0.03255207218269524 0.9994701633561117 0.0007325086011578474 0.07261973064649055 -0.0030960929834099806 0.9973552355177625 -7.530632575073852 0.08271674330876522 -11.906000742476863 PINHOLE 1280 1024 1024.0877685546875 1023.894775390625 601.8067016601562 508.1316833496094
dataset_8_undistorted/keyframe_1_frame_000047.png 0.9966603407068738 -0.03224503317558161 -0.07501945402727653 0.03236331458188743 0.9994760401035181 0.000361924399166165 0.07496852551013392 -0.002788626420137171 0.9971820155264274 -7.815873080163797 0.0403985944476517 -12.47595795511802 PINHOLE 1280 1024 1024.0877685546875 1023.894775390625 601.8067016601562 508.1316833496094
dataset_8_undistorted/keyframe_1_frame_000048.png 0.9965748061745929 -0.03295789596795714 -0.07583917051255468 0.033060243267950255 0.9994532192650958 9.796911636400719e-05 0.07579466489266469 -0.0026051069188219676 0.9971203464023318 -7.9036248833101155 0.010576680539770678 -12.725195458319831 PINHOLE 1280 1024 1024.0877685546875 1023.894775390625 601.8067016601562 508.1316833496094
dataset_8_undistorted/keyframe_1_frame_000049.png 0.9964604585280362 -0.03410585391484168 -0.07683141063482109 0.03419106117571033 0.9994155653878354 -0.00020089822796367333 0.07679342007462144 -0.00242685808242194 0.9970445679255939 -8.004681388920076 -0.018250316901685437 -13.011737141244112 PINHOLE 1280 1024 1024.0877685546875 1023.894775390625 601.8067016601562 508.1316833496094
dataset_8_undistorted/keyframe_1_frame_000054.png 0.995958111189445 -0.04066555493494883 -0.08008539250315277 0.040591728858029245 0.9991728048575157 -0.002547796683007524 0.08012275850069038 -0.0007132899086409297 0.9967851571702837 -8.306797354210417 -0.2633481203595238 -14.470373049098612 PINHOLE 1280 1024 1024.0877685546875 1023.894775390625 601.8067016601562 508.1316833496094
dataset_8_undistorted/keyframe_1_frame_000055.png 0.9958897041920893 -0.04152553898791129 -0.08049207334640891 0.04140088121506659 0.9991377344777255 -0.003212754123456192 0.0805562252519362 -0.00013299158549426202 0.9967506058711055 -8.388519081427546 -0.33448657707435814 -14.733045201741902 PINHOLE 1280 1024 1024.0877685546875 1023.894775390625 601.8067016601562 508.1316833496094
dataset_8_undistorted/keyframe_1_frame_000056.png 0.9958235942623036 -0.04252837729323835 -0.08078244561798854 0.04233796476976644 0.9990944837923125 -0.004072783029837609 0.08088263043047968 0.000635405607925406 0.996722882967212 -8.423411925531397 -0.42846190575323817 -15.047465720812284 PINHOLE 1280 1024 1024.0877685546875 1023.894775390625 601.8067016601562 508.1316833496094
dataset_8_undistorted/keyframe_1_frame_000058.png 0.9956942275996765 -0.044869491605243075 -0.08111134867491272 0.04453559560556941 0.9989901329166488 -0.005920756880598845 0.08129523822647083 0.002282744103780281 0.9966874401826212 -8.450742639375846 -0.6141572077860928 -15.580405928926439 PINHOLE 1280 1024 1024.0877685546875 1023.894775390625 601.8067016601562 508.1316833496094
dataset_8_undistorted/keyframe_1_frame_000061.png 0.9955355901250935 -0.04782685179925636 -0.08136917158201747 0.047321138398238045 0.9988463796580032 -0.008134929140338414 0.08166445944636629 0.004248041220788213 0.9966506218930895 -8.482194972734064 -0.8495926373798284 -16.48937717042054 PINHOLE 1280 1024 1024.0877685546875 1023.894775390625 601.8067016601562 508.1316833496094
dataset_8_undistorted/keyframe_1_frame_000064.png 0.9954525248749567 -0.04974578570968136 -0.08123732798829 0.04899324876721354 0.9987362307474488 -0.011230203590740246 0.08169334577575789 0.0071991487737031006 0.9966317820968261 -8.46619781010908 -1.1699486197392162 -17.341002572512707 PINHOLE 1280 1024 1024.0877685546875 1023.894775390625 601.8067016601562 508.1316833496094
dataset_8_undistorted/keyframe_1_frame_000065.png 0.9954196285505748 -0.05055519613751647 -0.08114082692445325 0.04969726556153539 0.998685447649029 -0.01256002534329997 0.08166919904833377 0.008469942171656489 0.9966235049051564 -8.414474843711517 -1.3041223778375297 -17.586538427078267 PINHOLE 1280 1024 1024.0877685546875 1023.894775390625 601.8067016601562 508.1316833496094
dataset_8_undistorted/keyframe_1_frame_000066.png 0.995383176821789 -0.051790099705864595 -0.08080468016283912 0.050788395073570934 0.9986055443746751 -0.014402384615851289 0.08143792732673898 0.010232027140753816 0.9966261755669303 -8.421059139340144 -1.5005736928085298 -17.814461076864518 PINHOLE 1280 1024 1024.0877685546875 1023.894775390625 601.8067016601562 508.1316833496094
dataset_8_undistorted/keyframe_1_frame_000067.png 0.9953235048374109 -0.05396655681791991 -0.0801141408610322 0.05283409643621243 0.9984722949277722 -0.016185415796956364 0.08086533806275142 0.011876764127647136 0.996654706899577 -8.353608882399769 -1.6908688740600155 -18.014122105855222 PINHOLE 1280 1024 1024.0877685546875 1023.894775390625 601.8067016601562 508.1316833496094
dataset_8_undistorted/keyframe_1_frame_000068.png 0.995290954501255 -0.056038452586957485 -0.07909347775019392 0.05477396548636241 0.9983353350022394 -0.01807029168123918 0.07997431445784699 0.013653001493225762 0.9967034536593431 -8.288723635202814 -1.8921841795759065 -18.086098465113537 PINHOLE 1280 1024 1024.0877685546875 1023.894775390625 601.8067016601562 508.1316833496094
dataset_8_undistorted/keyframe_1_frame_000069.png 0.9952630724811387 -0.05846724959150331 -0.07766885670145351 0.05707994851589749 0.9981697776220483 -0.0199659209816455 0.07869413556628374 0.015437871326825402 0.9967793110217752 -8.133439036250365 -2.083263795431776 -18.097577424535075 PINHOLE 1280 1024 1024.0877685546875 1023.894775390625 601.8067016601562 508.1316833496094
dataset_8_undistorted/keyframe_1_frame_000070.png 0.9952220498617116 -0.06140669620319169 -0.07590930374714334 0.059901845926953065 0.997963173664643 -0.0219452869132654 0.07710220595394494 0.017293538840086265 0.9968735120550414 -7.908607171931422 -2.284533709742618 -18.132388821261657 PINHOLE 1280 1024 1024.0877685546875 1023.894775390625 601.8067016601562 508.1316833496094
dataset_8_undistorted/keyframe_1_frame_000071.png 0.9951896874513163 -0.06449368388733757 -0.0737444451386271 0.06289214301804202 0.9977360625463455 -0.023836359544677093 0.07511480312517192 0.01908377294308161 0.9969926062917505 -7.6829537876376435 -2.481636797468127 -18.15353714128196 PINHOLE 1280 1024 1024.0877685546875 1023.894775390625 601.8067016601562 508.1316833496094
dataset_8_undistorted/keyframe_1_frame_000072.png 0.9951830050715309 -0.06722760786920194 -0.07135258193760616 0.0655421624702958 0.997518551188839 -0.025710929275037906 0.07290396520200748 0.020910515859335108 0.997119449925833 -7.43366689911079 -2.67691440093904 -18.154041226645404 PINHOLE 1280 1024 1024.0877685546875 1023.894775390625 601.8067016601562 508.1316833496094
dataset_8_undistorted/keyframe_1_frame_000073.png 0.9953046350882695 -0.0680411016996316 -0.06883741197624528 0.06630504593921814 0.9974285206661273 -0.027198645543671764 0.07051123849059689 0.022506488797534564 0.9972572146415318 -7.1348122978359925 -2.8309792784900765 -18.171286552343417 PINHOLE 1280 1024 1024.0877685546875 1023.894775390625 601.8067016601562 508.1316833496094
dataset_8_undistorted/keyframe_1_frame_000077.png 0.9958662158190922 -0.06816479308579598 -0.06002850488734729 0.06631736179238844 0.9972775873991895 -0.03224408790432278 0.06206314364575413 0.028129534931033404 0.9976759427377143 -6.260596445100234 -3.3644922634130126 -18.020360500802667 PINHOLE 1280 1024 1024.0877685546875 1023.894775390625 601.8067016601562 508.1316833496094
dataset_8_undistorted/keyframe_1_frame_000078.png 0.9959812405722062 -0.0679867925750534 -0.058297101673502064 0.06612434680020764 0.99725501165698 -0.03330692189669802 0.06040164161715626 0.029318034847152716 0.9977431704100457 -6.075407490076657 -3.4708347617656727 -17.957002247182004 PINHOLE 1280 1024 1024.0877685546875 1023.894775390625 601.8067016601562 508.1316833496094
dataset_8_undistorted/keyframe_1_frame_000079.png 0.9960515493966645 -0.06831834320446237 -0.05668751839973747 0.06644566721988052 0.9972004226784292 -0.03429160317597292 0.05887163301621738 0.030389501130202307 0.9978025524565307 -5.864030301520728 -3.5657613618154755 -17.91127661429948 PINHOLE 1280 1024 1024.0877685546875 1023.894775390625 601.8067016601562 508.1316833496094
dataset_8_undistorted/keyframe_1_frame_000080.png 0.9961127462076199 -0.06932238845350024 -0.05434760717467205 0.06743481130813042 0.9970803736641314 -0.03582727768243465 0.05667254071814774 0.03202317868636253 0.9978793697253635 -5.612846592397091 -3.7194780269028342 -17.826741566290934 PINHOLE 1280 1024 1024.0877685546875 1023.894775390625 601.8067016601562 508.1316833496094
dataset_8_undistorted/keyframe_1_frame_000081.png 0.9961790084398251 -0.06996296816084314 -0.052270448747093884 0.06806158140958957 0.9969830740047259 -0.0373131886716803 0.05472332423477822 0.033612918295523424 0.9979353747880698 -5.4472859211654026 -3.8883970939098162 -17.79920877828704 PINHOLE 1280 1024 1024.0877685546875 1023.894775390625 601.8067016601562 508.1316833496094
dataset_8_undistorted/keyframe_1_frame_000084.png 0.9962939182212928 -0.07197534071755886 -0.047095771864480745 0.06999438787648858 0.99664477994549 -0.042434654969086195 0.04999203609393856 0.03898075243725762 0.9979888365414159 -4.953920857261764 -4.432389894248445 -17.63899065578687 PINHOLE 1280 1024 1024.0877685546875 1023.894775390625 601.8067016601562 508.1316833496094
dataset_8_undistorted/keyframe_1_frame_000087.png 0.9964996372379545 -0.07150034872230877 -0.04331859371190365 0.0693484335672601 0.9963741755191671 -0.04929354037748188 0.04668608885116969 0.04611673324454078 0.9978445076611749 -4.557747118611601 -5.145150850801201 -17.452119859915 PINHOLE 1280 1024 1024.0877685546875 1023.894775390625 601.8067016601562 508.1316833496094
dataset_8_undistorted/keyframe_1_frame_000088.png 0.996601214382665 -0.07073361664079016 -0.04222315285828111 0.06855761181624875 0.9963460957649021 -0.050934615370701194 0.04567160928304087 0.04786674554529334 0.9978090442881711 -4.441059150055082 -5.314230016321744 -17.39331021726548 PINHOLE 1280 1024 1024.0877685546875 1023.894775390625 601.8067016601562 508.1316833496094
dataset_8_undistorted/keyframe_1_frame_000091.png 0.996757697281491 -0.07086248690348869 -0.03810652364232487 0.06863938572579997 0.9960237035210554 -0.05678922085237555 0.04197926600033868 0.05398933774272704 0.9976585855555296 -3.96852588715808 -5.9163411526208165 -17.164582109188018 PINHOLE 1280 1024 1024.0877685546875 1023.894775390625 601.8067016601562 508.1316833496094
dataset_8_undistorted/keyframe_1_frame_000093.png 0.9968120455219176 -0.07176119123828929 -0.0348645131046639 0.06956949375114838 0.9957422264946177 -0.060469946129353004 0.039055558433321626 0.05785155601312376 0.9975604427870526 -3.6358351298075604 -6.303859175519847 -16.963132790777195 PINHOLE 1280 1024 1024.0877685546875 1023.894775390625 601.8067016601562 508.1316833496094
dataset_8_undistorted/keyframe_1_frame_000095.png 0.9970965319135594 -0.06952605791098782 -0.031055406196768106 0.06743357307479818 0.9956700391998682 -0.0639848300888885 0.035369697337483685 0.0617046550391748 0.9974674757164138 -3.238868781186639 -6.6701989142957245 -16.750417218589064 PINHOLE 1280 1024 1024.0877685546875 1023.894775390625 601.8067016601562 508.1316833496094
dataset_8_undistorted/keyframe_1_frame_000096.png 0.9973040018613857 -0.06735345494191258 -0.029123564883377303 0.06533778087523391 0.9957203947802633 -0.06536117349475769 0.03340122428939402 0.06328207498336588 0.9974365005619842 -3.0783080824555498 -6.819649632310984 -16.64219739671296 PINHOLE 1280 1024 1024.0877685546875 1023.894775390625 601.8067016601562 508.1316833496094
dataset_8_undistorted/keyframe_1_frame_000097.png 0.9975245750021885 -0.06489201210095892 -0.027091672801747808 0.06296400811036645 0.995778068572564 -0.0667990058330293 0.031311973544093506 0.06492777224247702 0.9973989656918162 -2.866462416142511 -6.9696127553484075 -16.55138284733266 PINHOLE 1280 1024 1024.0877685546875 1023.894775390625 601.8067016601562 508.1316833496094
dataset_8_undistorted/keyframe_1_frame_000098.png 0.997767220231765 -0.06197326546243853 -0.0248959212776589 0.06014964373489108 0.9958494770718174 -0.06830871837902477 0.029025875380619768 0.06665863314942264 0.9973535780301417 -2.637605502863451 -7.126800436377607 -16.453929683693673 PINHOLE 1280 1024 1024.0877685546875 1023.894775390625 601.8067016601562 508.1316833496094
dataset_8_undistorted/keyframe_1_frame_000100.png 0.9982844244941848 -0.054857430941139186 -0.02046945352108477 0.053273380614246066 0.9960374635891119 -0.07121734915870746 0.024295051244740636 0.07000463184449003 0.9972512429608471 -2.1790468807325567 -7.431631031138295 -16.200929491165425 PINHOLE 1280 1024 1024.0877685546875 1023.894775390625 601.8067016601562 508.1316833496094
dataset_8_undistorted/keyframe_1_frame_000101.png 0.9983897269149512 -0.05335426234579839 -0.019273854445415177 0.05183658994120711 0.996048028820543 -0.0721231743856063 0.02304581584832918 0.07100772931102428 0.9972098080865059 -1.9406423452383166 -7.485310555995511 -16.153258135433248 PINHOLE 1280 1024 1024.0877685546875 1023.894775390625 601.8067016601562 508.1316833496094
dataset_8_undistorted/keyframe_1_frame_000102.png 0.9985994817262567 -0.050121261469210865 -0.016952569151930122 0.04873927078089335 0.9960732563871474 -0.07391713721623094 0.020590870707249787 0.07298725283260973 0.9971206117114639 -1.7663985988170126 -7.703687283536965 -15.987417692129156 PINHOLE 1280 1024 1024.0877685546875 1023.894775390625 601.8067016601562 508.1316833496094
dataset_8_undistorted/keyframe_1_frame_000103.png 0.9987942214379169 -0.046826668195815144 -0.014749205835836669 0.045580143213984126 0.9960825346164723 -0.07578026296010297 0.01824003539980804 0.07501636167366 0.997015727347707 -1.580202115405129 -7.90504480353502 -15.856464190359702 PINHOLE 1280 1024 1024.0877685546875 1023.894775390625 601.8067016601562 508.1316833496094
dataset_8_undistorted/keyframe_1_frame_000105.png 0.9990484017775543 -0.042232241167609166 -0.010858129492484379 0.041242306583212755 0.9960030681624902 -0.0792235389581298 0.014160664156661696 0.07870015555128192 0.9967977682585685 -1.1341331831173918 -8.258370027395586 -15.668277484317173 PINHOLE 1280 1024 1024.0877685546875 1023.894775390625 601.8067016601562 508.1316833496094
dataset_8_undistorted/keyframe_1_frame_000106.png 0.999175990539576 -0.03964464753286908 -0.00868958156330241 0.03881012622821149 0.995942519568657 -0.08119310532961654 0.01187324763100408 0.08078882559939289 0.9966605815004445 -0.9081013673907705 -8.46370552121516 -15.574699468890799 PINHOLE 1280 1024 1024.0877685546875 1023.894775390625 601.8067016601562 508.1316833496094
dataset_8_undistorted/keyframe_1_frame_000107.png 0.9992873283382449 -0.037181891505294294 -0.00651631693742642 0.036513632199372016 0.9958809466036826 -0.08299846037305336 0.009575506241534575 0.08270150244281214 0.9965287126217657 -0.6787189124202797 -8.65011269506931 -15.505424518813584 PINHOLE 1280 1024 1024.0877685546875 1023.894775390625 601.8067016601562 508.1316833496094
dataset_8_undistorted/keyframe_1_frame_000109.png 0.9995266841175777 -0.030674331118893887 -0.0022292080206555522 0.030369733502824223 0.9958345160294826 -0.08596761504904177 0.004856893091668705 0.08585919016384348 0.9962950284135416 -0.27838517745708913 -8.967760601744885 -15.411176869371161 PINHOLE 1280 1024 1024.0877685546875 1023.894775390625 601.8067016601562 508.1316833496094
dataset_8_undistorted/keyframe_1_frame_000111.png 0.9997449059661677 -0.02248715248740801 0.0021762162576795686 0.022591522412967725 0.9957878097709874 -0.08886329623665357 -0.00016889119843833887 0.08888972729894809 0.9960416428440578 0.18370217043864923 -9.267689013071504 -15.343486013312827 PINHOLE 1280 1024 1024.0877685546875 1023.894775390625 601.8067016601562 508.1316833496094
dataset_8_undistorted/keyframe_1_frame_000112.png 0.9998264539052817 -0.018130110108508242 0.0042852778553954165 0.018442509779637916 0.9957602894266077 -0.09011971520734523 -0.002633116906656841 0.09018282134914024 0.9959215686127595 0.4408392210600094 -9.395474396738337 -15.337460205012349 PINHOLE 1280 1024 1024.0877685546875 1023.894775390625 601.8067016601562 508.1316833496094
dataset_8_undistorted/keyframe_1_frame_000116.png 0.9999267213665366 -0.0031429945741276184 0.01171744525250524 0.004238987185821148 0.9954931830263293 -0.0947441341679932 -0.011366958488676077 0.09478686594655561 0.9954331631151864 1.1812649009341918 -9.878583281073361 -15.106853683573945 PINHOLE 1280 1024 1024.0877685546875 1023.894775390625 601.8067016601562 508.1316833496094
dataset_8_undistorted/keyframe_1_frame_000119.png 0.9998427331820376 0.007347120118400713 0.016130824507123113 -0.0057375662829315995 0.9952029112041197 -0.0976640382526476 -0.016770990314791952 0.0975560206278151 0.995088815881692 1.6443891135901865 -10.181140793270515 -14.96012805647024 PINHOLE 1280 1024 1024.0877685546875 1023.894775390625 601.8067016601562 508.1316833496094
dataset_8_undistorted/keyframe_1_frame_000120.png 0.9997980460492357 0.010139187971788472 0.017344722088657057 -0.008386201940228944 0.995118394070421 -0.09833219819540263 -0.018257003314441387 0.09816656235507032 0.995002756234255 1.7677593798996867 -10.25202024394298 -14.892087113168827 PINHOLE 1280 1024 1024.0877685546875 1023.894775390625 601.8067016601562 508.1316833496094
dataset_8_undistorted/keyframe_1_frame_000124.png 0.9995314380902935 0.018921611490360875 0.024059368505708043 -0.0163634458964372 0.9946075868598455 -0.1024115813656844 -0.025867469452300777 0.10196970410600888 0.9944512586102725 2.461059470213968 -10.679700871668501 -14.532879502280252 PINHOLE 1280 1024 1024.0877685546875 1023.894775390625 601.8067016601562 508.1316833496094
dataset_8_undistorted/keyframe_1_frame_000125.png 0.9994655837134013 0.0198172064585605 0.025998244453246628 -0.017029765852748385 0.9944958240323364 -0.10338649132887298 -0.027903960588733356 0.10288827888859878 0.9943017104267242 2.663170118160693 -10.781255945112662 -14.383537605672814 PINHOLE 1280 1024 1024.0877685546875 1023.894775390625 601.8067016601562 508.1316833496094
dataset_8_undistorted/keyframe_1_frame_000127.png 0.9993204148899907 0.02008169573545005 0.030906900837016797 -0.016729999139933477 0.9943187644860367 -0.1051182950579605 -0.03284233407389887 0.1045297497085616 0.9939792123211222 3.17801249208307 -10.96029078833999 -14.105976630089685 PINHOLE 1280 1024 1024.0877685546875 1023.894775390625 601.8067016601562 508.1316833496094
dataset_8_undistorted/keyframe_1_frame_000128.png 0.9992597788919315 0.01871089010767374 0.03361973145281176 -0.015071482444678307 0.9943137281125083 -0.10542098883377307 -0.03540122409808085 0.10483628055498449 0.9938594092744787 3.457458452885035 -10.993411411819352 -14.025848930960592 PINHOLE 1280 1024 1024.0877685546875 1023.894775390625 601.8067016601562 508.1316833496094
dataset_8_undistorted/keyframe_1_frame_000129.png 0.9992096129909321 0.017343520256975203 0.035765544934100335 -0.013470286968569162 0.9942935209229743 -0.10582426050320053 -0.03739680182939043 0.10525869775583668 0.9937411080712722 3.721052557684189 -11.031916292686901 -13.993310458517158 PINHOLE 1280 1024 1024.0877685546875 1023.894775390625 601.8067016601562 508.1316833496094
dataset_8_undistorted/keyframe_1_frame_000131.png 0.9990388150392487 0.01476797430861679 0.04127269118776717 -0.010326079730646079 0.9943307472634604 -0.10582530298975389 -0.042601599556751586 0.10529724740381491 0.9935272970057901 4.26183233947566 -11.03305766090216 -13.828981620295167 PINHOLE 1280 1024 1024.0877685546875 1023.894775390625 601.8067016601562 508.1316833496094
dataset_8_undistorted/keyframe_1_frame_000132.png 0.9989465495704931 0.013609426887040569 0.043822127484194826 -0.008901245532334586 0.9943375283112025 -0.10589323367621555 -0.04501517699790567 0.10539146913299917 0.9934113801402791 4.530948657270926 -11.038894478352404 -13.777373539533187 PINHOLE 1280 1024 1024.0877685546875 1023.894775390625 601.8067016601562 508.1316833496094
dataset_8_undistorted/keyframe_1_frame_000133.png 0.9988452303475582 0.012300359109291647 0.04644585573672977 -0.007324604352284267 0.994358484722945 -0.10582059821181079 -0.047485544086900665 0.10535807391970081 0.9933001087332662 4.801015131201041 -11.032877562346584 -13.74485105564429 PINHOLE 1280 1024 1024.0877685546875 1023.894775390625 601.8067016601562 508.1316833496094
dataset_8_undistorted/keyframe_1_frame_000134.png 0.9987228435681387 0.011400743841172553 0.049224872731943384 -0.0061410450833295814 0.9943778537466593 -0.10571595336276199 -0.05015344853050736 0.10527852043943159 0.9931776667173688 5.08384362165107 -11.024582341275618 -13.716297373199268 PINHOLE 1280 1024 1024.0877685546875 1023.894775390625 601.8067016601562 508.1316833496094
dataset_8_undistorted/keyframe_1_frame_000135.png 0.9985812854251815 0.009590911067349264 0.05237199636589851 -0.0040016046259867995 0.9943788073314601 -0.10580317242117308 -0.053092309195721325 0.10544346871516484 0.9930070358982822 5.458429624632657 -11.027156271709146 -13.679316055545769 PINHOLE 1280 1024 1024.0877685546875 1023.894775390625 601.8067016601562 508.1316833496094
dataset_8_undistorted/keyframe_1_frame_000136.png 0.9984297356120306 0.007371702865026968 0.05553302501334908 -0.0014635982169810483 0.9943983642400462 -0.10568825325044515 -0.056001171391434325 0.10544097832561904 0.9928474692540104 5.744743010717684 -11.020614235369067 -13.6205540018193 PINHOLE 1280 1024 1024.0877685546875 1023.894775390625 601.8067016601562 508.1316833496094
dataset_8_undistorted/keyframe_1_frame_000137.png 0.9982544814226282 0.005269617891128193 0.05882478614574997 0.0009751344741796841 0.9944054524237961 -0.10562500580136133 -0.059052343313333075 0.10549790830643951 0.9926644010484179 6.084405339246729 -11.01545757028748 -13.597765376780899 PINHOLE 1280 1024 1024.0877685546875 1023.894775390625 601.8067016601562 508.1316833496094
dataset_8_undistorted/keyframe_1_frame_000139.png 0.99783649736047 0.00043742050731610665 0.06574428656681056 0.006519213307051546 0.9943910230096283 -0.10556883317734876 -0.0654216883540204 0.10576883228077265 0.9922367422553346 6.812712021331336 -11.007372592866659 -13.542628990272533 PINHOLE 1280 1024 1024.0877685546875 1023.894775390625 601.8067016601562 508.1316833496094
dataset_8_undistorted/keyframe_1_frame_000141.png 0.9973479717430017 -0.004105783364635704 0.07266256975036602 0.011754252900261846 0.9943866840373701 -0.10515142860448781 -0.07182292118511832 0.10572636359110749 0.9917981484467359 7.530303264066347 -10.965307995078092 -13.576572164122467 PINHOLE 1280 1024 1024.0877685546875 1023.894775390625 601.8067016601562 508.1316833496094
dataset_8_undistorted/keyframe_1_frame_000145.png 0.9962643317443518 -0.012004532699877809 0.08551474470196452 0.020847361215320197 0.9944335077505222 -0.10328147785839376 -0.0837988470834931 0.10467807074974181 0.9909694494849429 8.866067992496014 -10.772323283693368 -13.809354801034374 PINHOLE 1280 1024 1024.0877685546875 1023.894775390625 601.8067016601562 508.1316833496094
dataset_8_undistorted/keyframe_1_frame_000147.png 0.9957176577787943 -0.014944769903428504 0.09122992415845338 0.024236701072801854 0.9945289280206485 -0.10160893995151082 -0.08921231430076124 0.1033846754032646 0.9906322734305703 9.461700433605827 -10.598042328252177 -13.988010952492345 PINHOLE 1280 1024 1024.0877685546875 1023.894775390625 601.8067016601562 508.1316833496094
dataset_8_undistorted/keyframe_1_frame_000148.png 0.9955121574109732 -0.015604022584304647 0.09333874892640774 0.02504168001216392 0.9945902285418491 -0.1008130932215609 -0.09126090276685529 0.10269784553583144 0.9905173875833735 9.68158060523956 -10.515402666404043 -14.07585475056203 PINHOLE 1280 1024 1024.0877685546875 1023.894775390625 601.8067016601562 508.1316833496094
dataset_8_undistorted/keyframe_1_frame_000156.png 0.9946907083550551 -0.005526367862504816 0.10275999967627579 0.014456280955148035 0.9961589115695919 -0.08635843771559698 -0.10188830730696553 0.0873852919296868 0.9909501246730308 10.663262895293187 -9.008204093819131 -14.779284374490885 PINHOLE 1280 1024 1024.0877685546875 1023.894775390625 601.8067016601562 508.1316833496094
dataset_8_undistorted/keyframe_1_frame_000158.png 0.994716770495701 -0.0006016525186930962 0.10265722117523193 0.009031387641676993 0.9966184099228617 -0.08167242891904171 -0.10226107641605411 0.08216784615879365 0.9913585738494429 10.6526478219278 -8.519841293148374 -14.838921596283512 PINHOLE 1280 1024 1024.0877685546875 1023.894775390625 601.8067016601562 508.1316833496094
dataset_8_undistorted/keyframe_1_frame_000164.png 0.9947964976019683 0.015954409764239345 0.10062539684990619 -0.009061857248056865 0.9976039262744583 -0.06858823308801362 -0.10147865858722599 0.06731917309394511 0.9925575960345094 10.448406668998189 -7.152208899517973 -14.806446479670512 PINHOLE 1280 1024 1024.0877685546875 1023.894775390625 601.8067016601562 508.1316833496094
dataset_8_undistorted/keyframe_1_frame_000166.png 0.9950094273612067 0.014946741499659192 0.09865485517758064 -0.008666745805459581 0.9979262864330765 -0.0637779927818257 -0.09940371414884716 0.06260464661759063 0.9930755860550998 10.246755502608039 -6.64882586560384 -14.92235422163128 PINHOLE 1280 1024 1024.0877685546875 1023.894775390625 601.8067016601562 508.1316833496094
dataset_8_undistorted/keyframe_1_frame_000167.png 0.9951518800203716 0.013776175831858943 0.09738123361360711 -0.007798334850616988 0.9980763553187035 -0.061506789994222245 -0.09804133236280792 0.0604490748187221 0.9933450383459549 10.10646942094516 -6.41566573509499 -15.059617710100156 PINHOLE 1280 1024 1024.0877685546875 1023.894775390625 601.8067016601562 508.1316833496094
dataset_8_undistorted/keyframe_1_frame_000168.png 0.9952900584187145 0.010938238599781016 0.09632044100004976 -0.00521704398704697 0.9982172715543441 -0.05944878954161811 -0.09679910596973659 0.05866619691459668 0.9935733110718762 9.991923647061256 -6.202892463721128 -15.196855485975561 PINHOLE 1280 1024 1024.0877685546875 1023.894775390625 601.8067016601562 508.1316833496094
dataset_8_undistorted/keyframe_1_frame_000172.png 0.9956517096166926 -0.004787658414937786 0.09303111328499736 0.009765857921432511 0.9985396922452902 -0.05313395632665118 -0.09264089853316596 0.053811049985935444 0.994244592750107 9.65683206855799 -5.542023063917213 -15.603125174381148 PINHOLE 1280 1024 1024.0877685546875 1023.894775390625 601.8067016601562 508.1316833496094
dataset_8_undistorted/keyframe_1_frame_000175.png 0.9957003929781819 -0.014790757438345684 0.09144347736460383 0.019362898482301768 0.9985952746652941 -0.04931955239620829 -0.09058562374276402 0.050877937425395335 0.9945883595105843 9.483848349654622 -5.148435566817398 -15.842396795408717 PINHOLE 1280 1024 1024.0877685546875 1023.894775390625 601.8067016601562 508.1316833496094
dataset_8_undistorted/keyframe_1_frame_000179.png 0.9955236930040171 -0.030105959659196505 0.08958954864772943 0.034146012740096224 0.9984516678106574 -0.04391198066833456 -0.08812891625785263 0.04677436070084819 0.995010469374665 9.298157397042985 -4.5815784689016255 -16.12234041786121 PINHOLE 1280 1024 1024.0877685546875 1023.894775390625 601.8067016601562 508.1316833496094
dataset_8_undistorted/keyframe_1_frame_000180.png 0.9954439277221732 -0.03390205611380765 0.08911847592671918 0.03779648585116404 0.9983861859807902 -0.042388524383423234 -0.08753768802895846 0.0455634631411678 0.9951191150985779 9.245350165936799 -4.425018907415961 -16.195144721483075 PINHOLE 1280 1024 1024.0877685546875 1023.894775390625 601.8067016601562 508.1316833496094
dataset_8_undistorted/keyframe_1_frame_000181.png 0.9953587282301712 -0.03745090682071388 0.08864820508713944 0.04119854049896553 0.9983162777069414 -0.0408354579024613 -0.08696979629154523 0.04429803070689826 0.9952260896127186 9.200096964420453 -4.2612042616158305 -16.244169444785598 PINHOLE 1280 1024 1024.0877685546875 1023.894775390625 601.8067016601562 508.1316833496094
dataset_8_undistorted/keyframe_1_frame_000183.png 0.9951445987563087 -0.0441767075878991 0.08795275847248979 0.04765931479113531 0.9981443312342629 -0.03789750106741564 -0.0861156168377556 0.041905201814403194 0.9954034348325813 9.13838237346232 -3.9491267065798183 -16.33365889618517 PINHOLE 1280 1024 1024.0877685546875 1023.894775390625 601.8067016601562 508.1316833496094
dataset_8_undistorted/keyframe_1_frame_000184.png 0.9950247354123577 -0.047338552473053394 0.0876598731745662 0.05069669284084779 0.998046918410123 -0.03648696919441765 -0.0857614277627031 0.040749199722257386 0.995481893149571 9.096957200005093 -3.8082197306041508 -16.412934654557375 PINHOLE 1280 1024 1024.0877685546875 1023.894775390625 601.8067016601562 508.1316833496094
dataset_8_undistorted/keyframe_1_frame_000185.png 0.9948967822905309 -0.050489928506799384 0.08735711514043586 0.05372120133973908 0.9979408611995514 -0.03504357029241535 -0.08540809462702875 0.039557551347428416 0.9955608239587179 9.058284237832893 -3.6620719508425736 -16.474521058529604 PINHOLE 1280 1024 1024.0877685546875 1023.894775390625 601.8067016601562 508.1316833496094
dataset_8_undistorted/keyframe_1_frame_000187.png 0.9946424986667908 -0.05626821929442312 0.08671850660331616 0.059241934384177575 0.9977270200789216 -0.032106306480130076 -0.08471489809311106 0.03707137481620857 0.9957154311524182 8.991690850118864 -3.3562878179568543 -16.569864928810034 PINHOLE 1280 1024 1024.0877685546875 1023.894775390625 601.8067016601562 508.1316833496094
dataset_8_undistorted/keyframe_1_frame_000189.png 0.9942757348532129 -0.06373819537541478 0.08575671373288074 0.06634520075203894 0.9974069387203622 -0.027904332434423237 -0.08375593587478898 0.03343405272422024 0.9959257257755665 8.90584284317923 -2.9099831762321173 -16.669208821522716 PINHOLE 1280 1024 1024.0877685546875 1023.894775390625 601.8067016601562 508.1316833496094
dataset_8_undistorted/keyframe_1_frame_000194.png 0.9935251210395196 -0.07835637988235557 0.08226804172452572 0.079818921385807 0.9967017804521232 -0.014631063940560995 -0.08085032122396649 0.021102782205357794 0.9965024442281335 8.53151792165111 -1.5334439404832665 -16.96781421026435 PINHOLE 1280 1024 1024.0877685546875 1023.894775390625 601.8067016601562 508.1316833496094
dataset_8_undistorted/keyframe_1_frame_000201.png 0.993861634229187 -0.07867391959435181 0.07777145151467296 0.07877294955198426 0.9968901572199276 0.0018036547561433207 -0.07767148790063097 0.004333342908885894 0.9969689591430875 8.062725494425 0.17959283947629956 -17.463100606975445 PINHOLE 1280 1024 1024.0877685546875 1023.894775390625 601.8067016601562 508.1316833496094
dataset_8_undistorted/keyframe_1_frame_000202.png 0.9939776711368238 -0.07820519505440884 0.076765523898488 0.07813019033693216 0.9969354334263913 0.003978668052312713 -0.07684159479259182 0.002042831749320928 0.9970417473374467 7.958096381385347 0.4060380195292055 -17.606384601896707 PINHOLE 1280 1024 1024.0877685546875 1023.894775390625 601.8067016601562 508.1316833496094
dataset_8_undistorted/keyframe_1_frame_000203.png 0.9941384814091734 -0.07723386610116502 0.07565435331331238 0.07698219406886458 0.9970128511769464 0.006239259263581586 -0.07591032572465986 -0.0003788779688853011 0.99711463158174 7.842249954942627 0.6417706432102932 -17.787002592536624 PINHOLE 1280 1024 1024.0877685546875 1023.894775390625 601.8067016601562 508.1316833496094
dataset_8_undistorted/keyframe_1_frame_000204.png 0.9942882699987405 -0.07638742446409451 0.07453919453320576 0.07596741071457977 0.9970744126988003 0.008455771683303363 -0.07496711352674068 -0.0027451144979576247 0.9971822296063705 7.729330173758008 0.8752819471205839 -18.01608490886281 PINHOLE 1280 1024 1024.0877685546875 1023.894775390625 601.8067016601562 508.1316833496094
dataset_8_undistorted/keyframe_1_frame_000206.png 0.9945456303279863 -0.07531013081557053 0.07215882979728819 0.07454991195297224 0.9971297532350298 0.013178129510806423 -0.07294428325531385 -0.0077270343556491965 0.9973056347219366 7.477680602519192 1.36520282505262 -18.612113341471286 PINHOLE 1280 1024 1024.0877685546875 1023.894775390625 601.8067016601562 508.1316833496094
dataset_8_undistorted/keyframe_1_frame_000207.png 0.9946150662486126 -0.07499424728081158 0.07152882413876603 0.0741446412761666 0.997142322581975 0.01446338682879942 -0.07240906770927796 -0.009082185927114919 0.9973334370212131 7.461300075292831 1.5120331220082335 -18.80149296771765 PINHOLE 1280 1024 1024.0877685546875 1023.894775390625 601.8067016601562 508.1316833496094
dataset_8_undistorted/keyframe_1_frame_000210.png 0.994931396022083 -0.07266251111675733 0.06950790688568614 0.07153535467798289 0.997264686347823 0.0185772117136622 -0.07066778126273328 -0.013510982301588516 0.997407827033323 7.201357873610053 1.928132654992396 -19.381939448032767 PINHOLE 1280 1024 1024.0877685546875 1023.894775390625 601.8067016601562 508.1316833496094
dataset_8_undistorted/keyframe_1_frame_000212.png 0.995123652986326 -0.07117464017021136 0.0682837433145594 0.06987679988685833 0.9973296737098497 0.02121317547814228 -0.0696112907661475 -0.016338679118661617 0.9974400856251229 7.077087511199841 2.2055448937835536 -19.77412531498362 PINHOLE 1280 1024 1024.0877685546875 1023.894775390625 601.8067016601562 508.1316833496094
dataset_8_undistorted/keyframe_1_frame_000216.png 0.9953545559986061 -0.07025878818604361 0.06582770387013649 0.06860377498555865 0.9972765509663937 0.027076551429216354 -0.0675508282214948 -0.022434861127026338 0.9974635108592855 6.8602756851798965 2.821360493473776 -20.69721142972628 PINHOLE 1280 1024 1024.0877685546875 1023.894775390625 601.8067016601562 508.1316833496094
dataset_8_undistorted/keyframe_1_frame_000218.png 0.9952526719566749 -0.07308917773543465 0.06426593244418909 0.07124517932705919 0.9969912277911012 0.030535595983201727 -0.06630451631486924 -0.02581202755316764 0.9974655151045065 6.694026085309497 3.1793802530173707 -21.224762925245614 PINHOLE 1280 1024 1024.0877685546875 1023.894775390625 601.8067016601562 508.1316833496094
dataset_8_undistorted/keyframe_1_frame_000219.png 0.9951897553060132 -0.07511542778447146 0.06288595563693945 0.07313212870140919 0.99676646080255 0.03327737163458092 -0.06518234832865241 -0.02851849850308712 0.997465294053534 6.576197491452662 3.4569614233807897 -21.643958486505767 PINHOLE 1280 1024 1024.0877685546875 1023.894775390625 601.8067016601562 508.1316833496094
dataset_8_undistorted/keyframe_1_frame_000221.png 0.9951357317383409 -0.07767915741517487 0.06059197866932849 0.0755213155275994 0.9964532532882793 0.03712079396394235 -0.06326070661429399 -0.03236436948022735 0.9974724003723847 6.27206856381256 3.8606262918572156 -22.182318519055002 PINHOLE 1280 1024 1024.0877685546875 1023.894775390625 601.8067016601562 508.1316833496094
dataset_8_undistorted/keyframe_1_frame_000222.png 0.9949854917975598 -0.08043827488825105 0.059442085500162486 0.0782204390712851 0.9961828925293629 0.03874205850409434 -0.06233150187203494 -0.033898423951540295 0.9974794503777439 6.194737359564787 4.037149563913545 -22.42369573264648 PINHOLE 1280 1024 1024.0877685546875 1023.894775390625 601.8067016601562 508.1316833496094
dataset_8_undistorted/keyframe_1_frame_000223.png 0.9948689415497078 -0.08273441531507557 0.058229647639448046 0.0804647933789273 0.9959417569622618 0.04030756487702664 -0.061328222251828074 -0.035415545797396135 0.9974886269574547 6.029061541037514 4.195413576725741 -22.605909370256654 PINHOLE 1280 1024 1024.0877685546875 1023.894775390625 601.8067016601562 508.1316833496094
dataset_8_undistorted/keyframe_1_frame_000225.png 0.9946710998809154 -0.08663369036858798 0.055894178663504775 0.08427908098420205 0.9955057072921916 0.04318880359192195 -0.05938456787961642 -0.038248284771859396 0.9975022211565647 5.779151811595661 4.489976529878504 -22.915044895039387 PINHOLE 1280 1024 1024.0877685546875 1023.894775390625 601.8067016601562 508.1316833496094
dataset_8_undistorted/keyframe_1_frame_000228.png 0.994943141223531 -0.08671105036256949 0.05068584475485583 0.08427159743026869 0.9952645421054023 0.04843583984941149 -0.054645761867056275 -0.04391958875724432 0.9975391698812117 5.282071717291672 5.04763995427561 -23.436388622644472 PINHOLE 1280 1024 1024.0877685546875 1023.894775390625 601.8067016601562 508.1316833496094
dataset_8_undistorted/keyframe_1_frame_000230.png 0.99518520891853 -0.08630811468040735 0.046447576385596996 0.08401744341392334 0.995249277160365 0.04919225002363138 -0.050472570944505885 -0.04505313979828612 0.9977088640457132 4.840430192358966 5.126374763935019 -23.428201365831455 PINHOLE 1280 1024 1024.0877685546875 1023.894775390625 601.8067016601562 508.1316833496094
dataset_8_undistorted/keyframe_1_frame_000231.png 0.9954697213575121 -0.0840530925860665 0.044436631208115945 0.08180745416282882 0.9953855960552125 0.05014356570252093 -0.048446355832423287 -0.046281401693904135 0.9977528399324329 4.591376773658098 5.220597735450838 -23.40585875978263 PINHOLE 1280 1024 1024.0877685546875 1023.894775390625 601.8067016601562 508.1316833496094
dataset_8_undistorted/keyframe_1_frame_000232.png 0.995721487594265 -0.08186090858121171 0.04287102304445635 0.07963332583597098 0.9955025832704683 0.05131692159693396 -0.04687927496980984 -0.04768337849364674 0.9977618956328111 4.428138772559144 5.342997436644282 -23.41255772112447 PINHOLE 1280 1024 1024.0877685546875 1023.894775390625 601.8067016601562 508.1316833496094
dataset_8_undistorted/keyframe_1_frame_000233.png 0.9960539808674272 -0.07854931657354224 0.04130880401901354 0.07633411722393225 0.995688115543498 0.05270888691725701 -0.04527085192375168 -0.04934776960639521 0.997755256587444 4.308034260799275 5.495834460448805 -23.454929039562558 PINHOLE 1280 1024 1024.0877685546875 1023.894775390625 601.8067016601562 508.1316833496094
dataset_8_undistorted/keyframe_1_frame_000238.png 0.9974935416153577 -0.06282903683152569 0.032542687754455527 0.06075145271975797 0.9962684043842256 0.06130516471002619 -0.036273056132321395 -0.05917477314095265 0.9975886504690704 3.348340077240273 6.382149498388344 -23.516096320394695 PINHOLE 1280 1024 1024.0877685546875 1023.894775390625 601.8067016601562 508.1316833496094
dataset_8_undistorted/keyframe_1_frame_000239.png 0.9976923442889243 -0.060705715246807034 0.030401590400083656 0.05871484307576252 0.9963102538243968 0.06258829786995976 -0.03408903522759666 -0.06065896383462272 0.9975757773356575 3.1312755270864834 6.5219552357150405 -23.446972147484985 PINHOLE 1280 1024 1024.0877685546875 1023.894775390625 601.8067016601562 508.1316833496094
dataset_8_undistorted/keyframe_1_frame_000240.png 0.9978983747804521 -0.05863742164989219 0.027574117526259267 0.05678506609961968 0.9963489577303951 0.06374704258128056 -0.031211465859934902 -0.06204742681423958 0.9975846600051448 2.8670424605730744 6.637835882107311 -23.377622257900725 PINHOLE 1280 1024 1024.0877685546875 1023.894775390625 601.8067016601562 508.1316833496094
dataset_8_undistorted/keyframe_1_frame_000241.png 0.9980015997590296 -0.057948528999811726 0.025208046144676078 0.05622598566207405 0.9963407194682637 0.06437448486604128 -0.02884625834386977 -0.06282854124065723 0.9976074029615565 2.589949048027087 6.7082139339595415 -23.21942517535922 PINHOLE 1280 1024 1024.0877685546875 1023.894775390625 601.8067016601562 508.1316833496094
dataset_8_undistorted/keyframe_1_frame_000242.png 0.9980082731002604 -0.05885356876818219 0.02271948563211487 0.057273835971046426 0.9962516120660967 0.06482755439473353 -0.026449746760885757 -0.06339732797414312 0.997638243707775 2.364419106168558 6.75335836634099 -23.10554876336471 PINHOLE 1280 1024 1024.0877685546875 1023.894775390625 601.8067016601562 508.1316833496094
dataset_8_undistorted/keyframe_1_frame_000243.png 0.9979941542374268 -0.059993030820618264 0.020208653822990672 0.058563719586716925 0.9961568703309276 0.06512727371450654 -0.0240383316080632 -0.0638131356125231 0.9976722850834876 2.1088945741661007 6.79018799698656 -22.938096249973 PINHOLE 1280 1024 1024.0877685546875 1023.894775390625 601.8067016601562 508.1316833496094
dataset_8_undistorted/keyframe_1_frame_000244.png 0.9980267445883508 -0.0602396698575568 0.017706719619004888 0.05896329525684346 0.9961114806850373 0.0654557234206132 -0.02158108534019693 -0.0642824836741873 0.99769780310175 1.8078645554757031 6.821011486058751 -22.77795565163285 PINHOLE 1280 1024 1024.0877685546875 1023.894775390625 601.8067016601562 508.1316833496094
dataset_8_undistorted/keyframe_1_frame_000252.png 0.9981700451618163 -0.06043217379360891 0.0021898068011935294 0.06014846233898652 0.9959277891531793 0.0671611873577053 -0.006239661377958532 -0.06690656341745886 0.9977401914796191 0.22511769637945633 6.996447053485326 -21.120741821788783 PINHOLE 1280 1024 1024.0877685546875 1023.894775390625 601.8067016601562 508.1316833496094
dataset_8_undistorted/keyframe_1_frame_000253.png 0.9980905484561716 -0.061754157461992566 0.0012240203314525396 0.06153208521007815 0.9958335222001642 0.0672962347900226 -0.005374935690966775 -0.06709241389474965 0.9977321201389147 0.09265015973972623 7.015648359821398 -20.90666131627529 PINHOLE 1280 1024 1024.0877685546875 1023.894775390625 601.8067016601562 508.1316833496094
dataset_8_undistorted/keyframe_1_frame_000254.png 0.99792048098538 -0.0644488011933887 -0.0007169293539446202 0.06434985133199311 0.9956385169082307 0.06754540857789164 -0.0036393267003331964 -0.06745131559814249 0.9977156969489622 -0.0721671904327934 7.042484481081829 -20.57687748433557 PINHOLE 1280 1024 1024.0877685546875 1023.894775390625 601.8067016601562 508.1316833496094
dataset_8_undistorted/keyframe_1_frame_000255.png 0.9977854431246116 -0.06646019815266778 -0.0027342553419571814 0.06649202598296253 0.9954700350711133 0.0679581973922826 -0.0017948319302319173 -0.06798946291145264 0.997684612187453 -0.32849543793358293 7.075753134057777 -20.246262012393004 PINHOLE 1280 1024 1024.0877685546875 1023.894775390625 601.8067016601562 508.1316833496094
dataset_8_undistorted/keyframe_1_frame_000256.png 0.9976457894432413 -0.06841356657005905 -0.004702437761094827 0.06857470737318008 0.9953151746513776 0.06815470783884077 1.7741420162877318e-05 -0.06831684075008079 0.9976637822887537 -0.48750942179552226 7.105991657117329 -19.931276565837607 PINHOLE 1280 1024 1024.0877685546875 1023.894775390625 601.8067016601562 508.1316833496094
dataset_8_undistorted/keyframe_1_frame_000257.png 0.9975322141869342 -0.06989987865924238 -0.006596873050101696 0.07018690803990814 0.9952041267382074 0.06813744746166674 0.001802405113931071 -0.0684324544869907 0.9976544768300971 -0.6906148592510561 7.09835838304457 -19.67409420359536 PINHOLE 1280 1024 1024.0877685546875 1023.894775390625 601.8067016601562 508.1316833496094
dataset_8_undistorted/keyframe_1_frame_000263.png 0.9973656068466016 -0.06987244537894771 -0.019469551198308833 0.07105204757976052 0.9951184610252715 0.06848337600271942 0.014589360727208022 -0.06968647412988128 0.9974619359632363 -2.0294564370380215 7.137448561268911 -18.712670982475174 PINHOLE 1280 1024 1024.0877685546875 1023.894775390625 601.8067016601562 508.1316833496094
dataset_8_undistorted/keyframe_1_frame_000264.png 0.997201305473124 -0.0711707978204548 -0.022893420228488705 0.07259850525309876 0.9949612641873677 0.06914554463934992 0.017856792388026156 -0.07061386908442266 0.9973437613717226 -2.3808590252761945 7.212453612043646 -18.571096059431625 PINHOLE 1280 1024 1024.0877685546875 1023.894775390625 601.8067016601562 508.1316833496094
dataset_8_undistorted/keyframe_1_frame_000265.png 0.9969852999239103 -0.07316337534762732 -0.025833868149111563 0.07480573404981723 0.9947596112480904 0.06969508330811386 0.020599330252219696 -0.07141776744707164 0.9972339296155461 -2.730604165443765 7.2623181463327455 -18.444589176076875 PINHOLE 1280 1024 1024.0877685546875 1023.894775390625 601.8067016601562 508.1316833496094
dataset_8_undistorted/keyframe_1_frame_000266.png 0.9967144373195047 -0.07576390436626494 -0.02862786918013885 0.07760907351169492 0.9945184224327289 0.0700682193975793 0.023162394198762596 -0.07206005083645 0.9971316104122749 -2.9864461583998576 7.299638601151628 -18.343166874002122 PINHOLE 1280 1024 1024.0877685546875 1023.894775390625 601.8067016601562 508.1316833496094
dataset_8_undistorted/keyframe_1_frame_000267.png 0.9964058045609481 -0.0786719669433901 -0.03140066098786767 0.08071775882481018 0.9942539390522893 0.07030969465772288 0.02568873369714711 -0.07259158637596347 0.9970308941435838 -3.27540528355901 7.324812918600173 -18.18959191284557 PINHOLE 1280 1024 1024.0877685546875 1023.894775390625 601.8067016601562 508.1316833496094
dataset_8_undistorted/keyframe_1_frame_000268.png 0.9960371065875157 -0.08210107666271661 -0.03419345303749051 0.08434789859359855 0.9939401208336797 0.07048324697350065 0.02819947210930245 -0.07308808362667249 0.9969265849008111 -3.569008953545122 7.339840577315499 -18.023167089050276 PINHOLE 1280 1024 1024.0877685546875 1023.894775390625 601.8067016601562 508.1316833496094
dataset_8_undistorted/keyframe_1_frame_000269.png 0.9956334261346931 -0.08570459736111272 -0.036993172531756546 0.08815254535838182 0.9936017867031358 0.07060051418439801 0.03070568555362623 -0.07355346946139685 0.9968185937569065 -3.8607254956639565 7.352168047773603 -17.808800510776337 PINHOLE 1280 1024 1024.0877685546875 1023.894775390625 601.8067016601562 508.1316833496094
dataset_8_undistorted/keyframe_1_frame_000270.png 0.9952433847870249 -0.08894857625535615 -0.03974053516163864 0.09158924400507742 0.9932993339511168 0.07048647517222256 0.033204463488207506 -0.07379112460832477 0.9967209559713042 -4.187699663219149 7.335038241330949 -17.554936594442324 PINHOLE 1280 1024 1024.0877685546875 1023.894775390625 601.8067016601562 508.1316833496094
dataset_8_undistorted/keyframe_1_frame_000273.png 0.9944518907658383 -0.09455199111414142 -0.04610217055638211 0.09762806795349102 0.9927720059929311 0.06980568288344526 0.03916862544881656 -0.07391929109515588 0.9964950864603764 -4.804965803255612 7.275347497737357 -16.82735859840011 PINHOLE 1280 1024 1024.0877685546875 1023.894775390625 601.8067016601562 508.1316833496094
dataset_8_undistorted/keyframe_1_frame_000274.png 0.9944157400714472 -0.09392384747225 -0.048112548659653795 0.09713322723572791 0.9928486271483357 0.06939703962098687 0.04125052695833364 -0.07368308015844027 0.9964283188622377 -5.016867817234839 7.229709299381739 -16.515065797807097 PINHOLE 1280 1024 1024.0877685546875 1023.894775390625 601.8067016601562 508.1316833496094
dataset_8_undistorted/keyframe_1_frame_000276.png 0.9946742873050887 -0.08936689840688039 -0.05134715617535143 0.09278516710932677 0.9933220510608893 0.0685709910974377 0.044876218755165634 -0.07297008572816696 0.996323927087439 -5.394910105875084 7.138801265690972 -15.8196729216329 PINHOLE 1280 1024 1024.0877685546875 1023.894775390625 601.8067016601562 508.1316833496094
dataset_8_undistorted/keyframe_1_frame_000277.png 0.9948468519134487 -0.08673592914022459 -0.05250197912869069 0.0902169164323839 0.9935953535923203 0.06803972976211978 0.04626425621967759 -0.07242580355690645 0.9963006047594187 -5.433221017976933 7.09323052758873 -15.488767363089664 PINHOLE 1280 1024 1024.0877685546875 1023.894775390625 601.8067016601562 508.1316833496094
dataset_8_undistorted/keyframe_1_frame_000279.png 0.9951558178996469 -0.08204968718495094 -0.0541610051800557 0.08562822167191694 0.9940421801183222 0.06744339380537435 0.048304434167867887 -0.07175440553209593 0.9962521309872379 -5.681042610765985 7.030421348972595 -14.956990486458949 PINHOLE 1280 1024 1024.0877685546875 1023.894775390625 601.8067016601562 508.1316833496094
dataset_8_undistorted/keyframe_1_frame_000280.png 0.9953850852538529 -0.07853577974410263 -0.05513973643717745 0.0821758120192336 0.99435091333228 0.06717838844906555 0.049552379486320026 -0.07139974051041185 0.9962157040769378 -5.749220889195001 6.998799485718791 -14.683204465978179 PINHOLE 1280 1024 1024.0877685546875 1023.894775390625 601.8067016601562 508.1316833496094
dataset_8_undistorted/keyframe_1_frame_000283.png 0.9962497332790786 -0.06451895721519979 -0.0576448538354456 0.06834968032168581 0.995398450357929 0.06714569069346851 0.05304745457897964 -0.07083403094171678 0.9960758880977592 -5.9690374255254 6.999366379371622 -13.955061735175718 PINHOLE 1280 1024 1024.0877685546875 1023.894775390625 601.8067016601562 508.1316833496094
dataset_8_undistorted/keyframe_1_frame_000284.png 0.9965506464286406 -0.05894175122021874 -0.058422790498603897 0.06283422976586274 0.9957595180427609 0.06719798848913541 0.05421418011701263 -0.07063715240258445 0.9960279818551251 -6.08412645929333 7.0096176698195904 -13.726635579807862 PINHOLE 1280 1024 1024.0877685546875 1023.894775390625 601.8067016601562 508.1316833496094
dataset_8_undistorted/keyframe_1_frame_000285.png 0.9968586707758396 -0.05259521060296785 -0.05921286983352894 0.05653820446157856 0.9961485050095598 0.06701984970952295 0.05545997438282229 -0.07015729948234396 0.9959934352980406 -6.176085403486994 6.97929501556564 -13.511946645552825 PINHOLE 1280 1024 1024.0877685546875 1023.894775390625 601.8067016601562 508.1316833496094
dataset_8_undistorted/keyframe_1_frame_000287.png 0.9971761307144139 -0.04467556479622096 -0.06036519896346853 0.04866379548142053 0.9966124130058233 0.06630545606600642 0.057198519571662644 -0.0690558645000331 0.9959721952614305 -6.293722880397695 6.90778135308733 -13.085575742210267 PINHOLE 1280 1024 1024.0877685546875 1023.894775390625 601.8067016601562 508.1316833496094
dataset_8_undistorted/keyframe_1_frame_000290.png 0.9974909950172792 -0.03496784771579783 -0.06155331131584381 0.03891898410114514 0.9971771927286028 0.064211199009662 0.0591342574219881 -0.066445754114082 0.9960363308348771 -6.420012501331698 6.686810590401819 -12.281518951464477 PINHOLE 1280 1024 1024.0877685546875 1023.894775390625 601.8067016601562 508.1316833496094
dataset_8_undistorted/keyframe_1_frame_000293.png 0.9977979595060285 -0.023415605664634142 -0.06205716507329005 0.02726926663177683 0.9977036060672242 0.06200334121333432 0.06046285162733394 -0.06355913356224795 0.9961451286729465 -6.421112139565636 6.470499763154066 -11.150054518357365 PINHOLE 1280 1024 1024.0877685546875 1023.894775390625 601.8067016601562 508.1316833496094
dataset_8_undistorted/keyframe_1_frame_000295.png 0.9979477901217934 -0.014730541243541553 -0.06231438153973881 0.01855705780895132 0.9979479741539219 0.061280483799993624 0.06128384216780559 -0.0623111863244381 0.9961734065196168 -6.496897055581343 6.384362357686541 -10.546952998223333 PINHOLE 1280 1024 1024.0877685546875 1023.894775390625 601.8067016601562 508.1316833496094
dataset_8_undistorted/keyframe_1_frame_000296.png 0.9979872457897186 -0.011155815325779719 -0.06242411946646571 0.014974473559309292 0.9980227389728716 0.0610403836010622 0.06161978602814126 -0.06185233526806822 0.9961810803921637 -6.503368021292545 6.36493290389285 -10.319429273827154 PINHOLE 1280 1024 1024.0877685546875 1023.894775390625 601.8067016601562 508.1316833496094
dataset_8_undistorted/keyframe_1_frame_000297.png 0.9980167975376304 -0.007174421425884492 -0.06253551111790845 0.010985664200136634 0.9980884569792894 0.060814091133089075 0.061979726781962265 -0.06138066579432931 0.9961879147094588 -6.520063962784356 6.335767432954071 -10.128371066525347 PINHOLE 1280 1024 1024.0877685546875 1023.894775390625 601.8067016601562 508.1316833496094
dataset_8_undistorted/keyframe_1_frame_000298.png 0.9980326104911286 -0.003082009810332611 -0.06261933059186849 0.0068821885444923375 0.9981406164451451 0.06056323272328517 0.06231632040542946 -0.06087509915640052 0.9961982707798613 -6.5286981007577936 6.309666344916195 -9.939155082655475 PINHOLE 1280 1024 1024.0877685546875 1023.894775390625 601.8067016601562 508.1316833496094
dataset_8_undistorted/keyframe_1_frame_000299.png 0.9980329354697562 0.0011208155885218149 -0.06268186925977061 0.002657080846311627 0.9981853993636186 0.06015856799373459 0.06263543856022408 -0.06020685040276564 0.9962191145935448 -6.579212118818312 6.263132687859525 -9.7337432268763 PINHOLE 1280 1024 1024.0877685546875 1023.894775390625 601.8067016601562 508.1316833496094
dataset_8_undistorted/keyframe_1_frame_000301.png 0.998002668525688 0.008036186000525546 -0.06265469079789279 -0.004300720041279445 0.9982172831451435 0.05952411154696195 0.06302129104789976 -0.059135650170733904 0.99625815698412 -6.534983771409799 6.198652389139625 -9.430656351388734 PINHOLE 1280 1024 1024.0877685546875 1023.894775390625 601.8067016601562 508.1316833496094
dataset_8_undistorted/keyframe_1_frame_000304.png 0.9978917739843787 0.017304879211005545 -0.06254927493017148 -0.013601539636518866 0.9981560097827151 0.05915993801121212 0.06345762787655339 -0.058184473141086525 0.9962873173844844 -6.565483293796655 6.159862983346329 -9.001981743222132 PINHOLE 1280 1024 1024.0877685546875 1023.894775390625 601.8067016601562 508.1316833496094
dataset_8_undistorted/keyframe_1_frame_000306.png 0.9978962644025591 0.02231238785014782 -0.06086532329245167 -0.018829765752567586 0.9981847391645176 0.05720178465958405 0.06203120780685148 -0.05593549036020162 0.9965053506298792 -6.348537530559359 5.956846766400986 -8.420811263245128 PINHOLE 1280 1024 1024.0877685546875 1023.894775390625 601.8067016601562 508.1316833496094
dataset_8_undistorted/keyframe_1_frame_000307.png 0.997906477460441 0.023839813353808588 -0.06011392268873285 -0.020451060063020023 0.9982000596302897 0.056371293871500895 0.06134965325316788 -0.05502401250453925 0.9965985304036755 -6.262437585079647 5.877980652446695 -8.091823680435027 PINHOLE 1280 1024 1024.0877685546875 1023.894775390625 601.8067016601562 508.1316833496094
dataset_8_undistorted/keyframe_1_frame_000310.png 0.9977138329909095 0.034005531609500796 -0.058392588530938656 -0.030862065359071177 0.9980679374527768 0.053919044175829184 0.060113437556882095 -0.0519938535932844 0.9968365314579828 -6.044137748929199 5.620091263569975 -7.368033777226515 PINHOLE 1280 1024 1024.0877685546875 1023.894775390625 601.8067016601562 508.1316833496094
dataset_8_undistorted/keyframe_1_frame_000312.png 0.9974317824963387 0.04312194509986513 -0.057181697800499795 -0.04021607650735326 0.9978868327888167 0.051030954676773106 0.05926164855086201 -0.048600615956845804 0.9970583888443039 -5.9647448552141284 5.313902977682574 -6.77101475821371 PINHOLE 1280 1024 1024.0877685546875 1023.894775390625 601.8067016601562 508.1316833496094
dataset_8_undistorted/keyframe_1_frame_000315.png 0.9968858551979937 0.05686532370709052 -0.05463182445389973 -0.05433849559382973 0.9974309352273206 0.04667895965790486 0.05714591997119388 -0.04356502388728892 0.9974151027584334 -5.699064484878988 4.860412689702116 -6.0012516856252205 PINHOLE 1280 1024 1024.0877685546875 1023.894775390625 601.8067016601562 508.1316833496094
dataset_8_undistorted/keyframe_1_frame_000317.png 0.9966027147253844 0.06359110613426999 -0.052331937936800244 -0.06135246550148477 0.9971751292253461 0.043336649122042374 0.05494007403935336 -0.039978896583147655 0.9976893432421142 -5.453963059675594 4.516844041294689 -5.577935258631783 PINHOLE 1280 1024 1024.0877685546875 1023.894775390625 601.8067016601562 508.1316833496094
dataset_8_undistorted/keyframe_1_frame_000318.png 0.9964944867915156 0.0666193482107454 -0.05060148272832344 -0.06457082414645035 0.9970666387987224 0.041097955109735976 0.05319094225073276 -0.03768658096067212 0.9978731686709267 -5.276379288998726 4.281263620270693 -5.368229809212039 PINHOLE 1280 1024 1024.0877685546875 1023.894775390625 601.8067016601562 508.1316833496094
dataset_8_undistorted/keyframe_1_frame_000326.png 0.9969744849864651 0.06491771287702727 -0.042747613333307864 -0.06408765062276034 0.9977335694786342 0.02051857515736075 0.04398275423936266 -0.017717013496705 0.9988755285714719 -4.449363876461625 2.1430020713719387 -4.416165952372921 PINHOLE 1280 1024 1024.0877685546875 1023.894775390625 601.8067016601562 508.1316833496094
dataset_8_undistorted/keyframe_1_frame_000327.png 0.997006779388728 0.06471668106942594 -0.042293823445996796 -0.0639947902468243 0.9977839635623514 0.01820192218203858 0.04337799491607098 -0.015440849461677994 0.9989391047447581 -4.407753962166282 1.897263724613822 -4.426264409703435 PINHOLE 1280 1024 1024.0877685546875 1023.894775390625 601.8067016601562 508.1316833496094
dataset_8_undistorted/keyframe_1_frame_000328.png 0.9970554588039781 0.0641999224060979 -0.041934535406787245 -0.06362209826287277 0.9978614088150194 0.014966572003843194 0.042805612767674604 -0.012254593672002129 0.9990080822868767 -4.4143054584292045 1.5584418024166098 -4.419464470410048 PINHOLE 1280 1024 1024.0877685546875 1023.894775390625 601.8067016601562 508.1316833496094
dataset_8_undistorted/keyframe_1_frame_000335.png 0.9976492706071028 0.05566305675768375 -0.03996903453709769 -0.05587872024802283 0.9984287002253683 -0.004288891705861808 0.0396674495961587 0.006512161604581489 0.9991919287415091 -4.165406872124144 -0.4467954055658083 -4.879170258472527 PINHOLE 1280 1024 1024.0877685546875 1023.894775390625 601.8067016601562 508.1316833496094
dataset_8_undistorted/keyframe_1_frame_000336.png 0.9977281617175986 0.05465691338502784 -0.03938554398495375 -0.054974741516282434 0.9984632272483847 -0.007029425485417047 0.03894076790651085 0.009178667410788748 0.9991996662448754 -4.107335475745479 -0.7342794511394004 -5.0635418093626186 PINHOLE 1280 1024 1024.0877685546875 1023.894775390625 601.8067016601562 508.1316833496094
dataset_8_undistorted/keyframe_1_frame_000337.png 0.9977745088512883 0.05418516142519875 -0.038856823626437526 -0.05458614270374963 0.9984653511461763 -0.009331818159328107 0.038291466783814405 0.011432025095740362 0.9992011738187964 -4.093472285264042 -0.97464006481664 -5.267874183143022 PINHOLE 1280 1024 1024.0877685546875 1023.894775390625 601.8067016601562 508.1316833496094
dataset_8_undistorted/keyframe_1_frame_000339.png 0.9978512717626972 0.053355917538401285 -0.03802554131185265 -0.05390089252112915 0.9984559413091667 -0.013448257851023061 0.037249234004347216 0.01546884542522352 0.9991863987174524 -3.9954851271655727 -1.3960915688255682 -5.688097910983515 PINHOLE 1280 1024 1024.0877685546875 1023.894775390625 601.8067016601562 508.1316833496094
dataset_8_undistorted/keyframe_1_frame_000341.png 0.9979563046612063 0.051586784863919835 -0.03771095141611507 -0.0522944782620482 0.9984689239508077 -0.018029584952529945 0.036722995216859795 0.019964992526451245 0.9991258755471922 -3.932878838133739 -1.8807415197902628 -6.3563135728823 PINHOLE 1280 1024 1024.0877685546875 1023.894775390625 601.8067016601562 508.1316833496094
dataset_8_undistorted/keyframe_1_frame_000343.png 0.9980283257881573 0.050101722867471304 -0.037798266221927036 -0.05095937257106284 0.9984567808281741 -0.02207254229642127 0.036634146636981155 0.023955139129774743 0.9990417052871369 -3.9419147194833073 -2.3020652342420362 -7.082491834748794 PINHOLE 1280 1024 1024.0877685546875 1023.894775390625 601.8067016601562 508.1316833496094
dataset_8_undistorted/keyframe_1_frame_000344.png 0.9979838653707214 0.050950241142170324 -0.03784171410979018 -0.051871015796824335 0.9983714531971232 -0.02375231378313833 0.03656999891055506 0.025667076796379116 0.9990018883775178 -3.984754587305389 -2.4760201918127223 -7.468258149565941 PINHOLE 1280 1024 1024.0877685546875 1023.894775390625 601.8067016601562 508.1316833496094
dataset_8_undistorted/keyframe_1_frame_000345.png 0.9978499186183727 0.05349838319671382 -0.03786336320318769 -0.0544758192086418 0.9981959326588316 -0.02526235647838551 0.03644356523757497 0.02727071660080424 0.9989639232813811 -3.9515825278798005 -2.6363003370995557 -7.893485444961243 PINHOLE 1280 1024 1024.0877685546875 1023.894775390625 601.8067016601562 508.1316833496094
dataset_8_undistorted/keyframe_1_frame_000346.png 0.9977015802294824 0.056181841771639124 -0.03788143393614871 -0.05721147257367548 0.998006408254712 -0.02665776292253862 0.03630828631474203 0.028763652566712584 0.9989268762497853 -3.936407271008868 -2.7707737421767433 -8.271782124238484 PINHOLE 1280 1024 1024.0877685546875 1023.894775390625 601.8067016601562 508.1316833496094
dataset_8_undistorted/keyframe_1_frame_000349.png 0.9973800261954952 0.06159977348568241 -0.03792241367966327 -0.06271836567380089 0.9976084699990352 -0.029044208221211204 0.036042664024907266 0.031346504412784144 0.9988585712711577 -3.954841772122059 -3.02857454024047 -9.235396405194592 PINHOLE 1280 1024 1024.0877685546875 1023.894775390625 601.8067016601562 508.1316833496094
dataset_8_undistorted/keyframe_1_frame_000355.png 0.9963835712441061 0.07526607316379491 -0.03943309150427258 -0.07654745138861817 0.9965512392299093 -0.03204943764494105 0.0368847990795769 0.03495198965611673 0.9987085835793117 -4.1506409383689515 -3.3398554324523957 -11.354964853028605 PINHOLE 1280 1024 1024.0877685546875 1023.894775390625 601.8067016601562 508.1316833496094
dataset_8_undistorted/keyframe_1_frame_000356.png 0.9962789264941537 0.07643266195220376 -0.039819377421887084 -0.07774225015703848 0.9964453728159112 -0.032441074008317666 0.03719842496942768 0.035415835571271176 0.9986803057376219 -4.149603163704285 -3.3809323305324597 -11.634341116522819 PINHOLE 1280 1024 1024.0877685546875 1023.894775390625 601.8067016601562 508.1316833496094
dataset_8_undistorted/keyframe_1_frame_000357.png 0.9961757895708142 0.07754166465337156 -0.040261839767978036 -0.07887856981993957 0.9963459611790301 -0.03275261961622618 0.0375749357963288 0.03580314211960468 0.9986521212947959 -4.237012217421011 -3.4129063779189437 -11.904024208989426 PINHOLE 1280 1024 1024.0877685546875 1023.894775390625 601.8067016601562 508.1316833496094
dataset_8_undistorted/keyframe_1_frame_000359.png 0.9959724388302313 0.07962798894662894 -0.04121246622960619 -0.08103023999026472 0.9961471894192802 -0.03354750137135479 0.03838233876456819 0.03675175749779399 0.998587058829069 -4.294932519835584 -3.496213597050428 -12.462427729177307 PINHOLE 1280 1024 1024.0877685546875 1023.894775390625 601.8067016601562 508.1316833496094
dataset_8_undistorted/keyframe_1_frame_000363.png 0.9956592758373163 0.08219170287942076 -0.04367211182025058 -0.08374305423552572 0.9958740971592005 -0.03496122972544898 0.04061835734944253 0.038466752703057557 0.9984341625708317 -4.595278650630149 -3.644723592683704 -13.49653417218758 PINHOLE 1280 1024 1024.0877685546875 1023.894775390625 601.8067016601562 508.1316833496094
dataset_8_undistorted/keyframe_1_frame_000365.png 0.9954998033318602 0.08337092863116306 -0.04505522077272086 -0.0849997634360222 0.9957479116088089 -0.035526533738680525 0.04190163328000031 0.039196349122929686 0.9983528636027387 -4.739384164431883 -3.7035774657206275 -14.009429921545234 PINHOLE 1280 1024 1024.0877685546875 1023.894775390625 601.8067016601562 508.1316833496094
dataset_8_undistorted/keyframe_1_frame_000367.png 0.9952877806518114 0.08506481717898381 -0.046537304267785996 -0.08677413611408441 0.9955767016499648 -0.03602310461249412 0.04326720821486703 0.0398915233907746 0.9982671444295792 -4.84979247023702 -3.7541375907710517 -14.545568929865567 PINHOLE 1280 1024 1024.0877685546875 1023.894775390625 601.8067016601562 508.1316833496094
dataset_8_undistorted/keyframe_1_frame_000368.png 0.9951725047296667 0.08594392599798308 -0.0473832146467074 -0.08769182172076072 0.9954925104373082 -0.03612773413055966 0.04406477466274166 0.04010839745918857 0.9982233296866662 -4.94358315326096 -3.768377111955033 -14.821638026664232 PINHOLE 1280 1024 1024.0877685546875 1023.894775390625 601.8067016601562 508.1316833496094
dataset_8_undistorted/keyframe_1_frame_000370.png 0.9948930224572622 0.08809255699526074 -0.04926772897827265 -0.08990919320719472 0.9953011186986751 -0.03595088751371451 0.04586911899558295 0.0401969515373771 0.99813879041992 -5.170000336117084 -3.7426879819463466 -15.3050523971051 PINHOLE 1280 1024 1024.0877685546875 1023.894775390625 601.8067016601562 508.1316833496094
dataset_8_undistorted/keyframe_1_frame_000371.png 0.9947537819164745 0.08908139984300713 -0.050296741441068646 -0.09093480424884154 0.9952120410881372 -0.03584306246013224 0.04686289551961441 0.04022879116945402 0.9980912490230924 -5.280064639577262 -3.732965002731362 -15.57198410220576 PINHOLE 1280 1024 1024.0877685546875 1023.894775390625 601.8067016601562 508.1316833496094
dataset_8_undistorted/keyframe_1_frame_000372.png 0.9946030299913576 0.09015355127673742 -0.051353665223498976 -0.09204696577057317 0.995111411335091 -0.035782128718920066 0.047876670379053694 0.040315985546932 0.9980390658265771 -5.307439276842771 -3.728130213830127 -15.874395707599206 PINHOLE 1280 1024 1024.0877685546875 1023.894775390625 601.8067016601562 508.1316833496094
dataset_8_undistorted/keyframe_1_frame_000374.png 0.9943171680899274 0.09155586061161794 -0.054322007114620964 -0.09355425987190752 0.9949827648611521 -0.03545778261243813 0.05080306257109426 0.040338271067591414 0.997893744565878 -5.661057465739319 -3.6952842704586146 -16.527089703040247 PINHOLE 1280 1024 1024.0877685546875 1023.894775390625 601.8067016601562 508.1316833496094
dataset_8_undistorted/keyframe_1_frame_000376.png 0.9941253638720423 0.09211150777590311 -0.05683475653197784 -0.09419131166981606 0.9949367838325968 -0.03506153292993289 0.05331751536180287 0.040208780438699306 0.9977680073738943 -5.928372642093038 -3.657117745986625 -17.018655242363252 PINHOLE 1280 1024 1024.0877685546875 1023.894775390625 601.8067016601562 508.1316833496094
dataset_8_undistorted/keyframe_1_frame_000379.png 0.9936625400723272 0.09447160816626117 -0.06090805962449157 -0.09666175987359553 0.9947342628737332 -0.03406784446432275 0.05736883610261753 0.039739539160568195 0.9975619487751355 -6.350148849010083 -3.5520436249767045 -17.717174887003807 PINHOLE 1280 1024 1024.0877685546875 1023.894775390625 601.8067016601562 508.1316833496094
dataset_8_undistorted/keyframe_1_frame_000380.png 0.993481020502821 0.09547227170995999 -0.062289769396626206 -0.09769398682586361 0.9946477406602069 -0.03364336396534308 0.05874438584194816 0.03950933304355326 0.997491082322907 -6.491410140923037 -3.506107154773872 -17.92836949580237 PINHOLE 1280 1024 1024.0877685546875 1023.894775390625 601.8067016601562 508.1316833496094
dataset_8_undistorted/keyframe_1_frame_000382.png 0.9927871743901113 0.09973500555312759 -0.06653140652274388 -0.10204543168824266 0.9942564791049969 -0.03227147285670834 0.06293072148257632 0.038827926966283226 0.9972626488329095 -6.9360948032433924 -3.3646979167310747 -18.554565600829733 PINHOLE 1280 1024 1024.0877685546875 1023.894775390625 601.8067016601562 508.1316833496094
dataset_8_undistorted/keyframe_1_frame_000384.png 0.9918077739036856 0.10532458686199596 -0.07227765703714802 -0.10774725194779115 0.9937115917685347 -0.03046889752579855 0.06861407899116863 0.03800705304993199 0.996919269034803 -7.53226909889986 -3.1751944165646364 -19.24361737056597 PINHOLE 1280 1024 1024.0877685546875 1023.894775390625 601.8067016601562 508.1316833496094
dataset_8_undistorted/keyframe_1_frame_000385.png 0.9912231076748607 0.1087317765194366 -0.0751920541162418 -0.11120959139131793 0.9933567759548272 -0.029578069432657634 0.07147650419506468 0.037680571621674576 0.9967304797618445 -7.833342496284828 -3.0807170305736236 -19.511860075710388 PINHOLE 1280 1024 1024.0877685546875 1023.894775390625 601.8067016601562 508.1316833496094
dataset_8_undistorted/keyframe_1_frame_000388.png 0.9892633258989378 0.11962938500929861 -0.08394004602688537 -0.12222096134504094 0.9921501528001 -0.026431516031635207 0.08011929850154835 0.03640696936104787 0.996119769875752 -8.747679880710606 -2.754212567101831 -20.05486636953617 PINHOLE 1280 1024 1024.0877685546875 1023.894775390625 601.8067016601562 508.1316833496094
dataset_8_undistorted/keyframe_1_frame_000389.png 0.9885687591433252 0.12324571195283106 -0.08684506429682305 -0.1258610567056488 0.9917255929880148 -0.02529068014787335 0.08300951995825719 0.03593208710738162 0.9959007765544393 -9.042704859699853 -2.630612086743895 -20.104307514374682 PINHOLE 1280 1024 1024.0877685546875 1023.894775390625 601.8067016601562 508.1316833496094
dataset_8_undistorted/keyframe_1_frame_000391.png 0.9874621811540898 0.1280585952874881 -0.0922975891095954 -0.13072508774219282 0.9911418390143124 -0.023423516901169856 0.0884804600853405 0.035195416203116496 0.9954560543440804 -9.62373869892015 -2.4440980255990326 -20.204046280337593 PINHOLE 1280 1024 1024.0877685546875 1023.894775390625 601.8067016601562 508.1316833496094
dataset_8_undistorted/keyframe_1_frame_000393.png 0.9859834700192711 0.13579536000864792 -0.09693352102544914 -0.13831933097243693 0.9901895701516495 -0.019784291756880346 0.09329594107528799 0.03291475364993127 0.9950935675825151 -10.104351459339881 -2.063000559791135 -20.233248265978432 PINHOLE 1280 1024 1024.0877685546875 1023.894775390625 601.8067016601562 508.1316833496094
dataset_8_undistorted/keyframe_1_frame_000394.png 0.9854636988237142 0.13884866333946103 -0.09788762462088409 -0.14131231267041683 0.9897892507465743 -0.018666274227894342 0.09429645602901196 0.03222762727904327 0.9950225130605216 -10.206235295353068 -1.9482438274601463 -20.24989377792076 PINHOLE 1280 1024 1024.0877685546875 1023.894775390625 601.8067016601562 508.1316833496094
dataset_8_undistorted/keyframe_1_frame_000395.png 0.9849602436397172 0.14180068820530803 -0.09871896166527527 -0.14419459147997557 0.9893945276192244 -0.017515321193855897 0.09518843230618645 0.03148658318454792 0.9949613998341439 -10.292874811713332 -1.8283007576937962 -20.26137400134803 PINHOLE 1280 1024 1024.0877685546875 1023.894775390625 601.8067016601562 508.1316833496094
dataset_8_undistorted/keyframe_1_frame_000398.png 0.9829422007821118 0.15327421693590057 -0.10164248265327136 -0.15529745835551856 0.9877919712707594 -0.012251924320661915 0.09852382130240282 0.027827680353436853 0.9947458712956752 -10.595032171088832 -1.278146303835456 -20.34516921215993 PINHOLE 1280 1024 1024.0877685546875 1023.894775390625 601.8067016601562 508.1316833496094
dataset_8_undistorted/keyframe_1_frame_000399.png 0.9820799989948846 0.15789612380256118 -0.10289805977892721 -0.15970767158283683 0.9871179001423871 -0.009561910008430633 0.10006266419960264 0.025824166751007665 0.9946456472398739 -10.767741608132141 -0.9936587463237174 -20.3680859425898 PINHOLE 1280 1024 1024.0877685546875 1023.894775390625 601.8067016601562 508.1316833496094
dataset_8_undistorted/keyframe_1_frame_000402.png 0.9806749898540692 0.16424996732412 -0.10629480885079506 -0.16537671101915147 0.9862289185387921 -0.0018144164011782817 0.10453301348549945 0.019358043118024335 0.9943330215687981 -11.074958901021247 -0.18692513199516725 -20.400838187265435 PINHOLE 1280 1024 1024.0877685546875 1023.894775390625 601.8067016601562 508.1316833496094
dataset_8_undistorted/keyframe_1_frame_000403.png 0.9805652725672516 0.16419022986516946 -0.10739176231064952 -0.16500233364495803 0.9862925467963898 0.0013411419975332005 0.10614001044360792 0.016404739385985755 0.9942161827835321 -11.194203993330788 0.13838511031372036 -20.423444105611793 PINHOLE 1280 1024 1024.0877685546875 1023.894775390625 601.8067016601562 508.1316833496094
dataset_8_undistorted/keyframe_1_frame_000404.png 0.9804076612747324 0.1646822790572898 -0.10807535896102324 -0.16521717810044279 0.9862489718143508 0.004047461900570154 0.10725581466399005 0.01388766859580234 0.9941343504682796 -11.263023836471248 0.422458402825896 -20.41730824585329 PINHOLE 1280 1024 1024.0877685546875 1023.894775390625 601.8067016601562 508.1316833496094
dataset_8_undistorted/keyframe_1_frame_000405.png 0.9801841231411127 0.1656810430883229 -0.10857476017423803 -0.16592694933167895 0.9861138096755178 0.006825139111337783 0.10819794473983785 0.011325531547241821 0.9940642613569952 -11.273120385567921 0.7073773251083821 -20.433995430744403 PINHOLE 1280 1024 1024.0877685546875 1023.894775390625 601.8067016601562 508.1316833496094
dataset_8_undistorted/keyframe_1_frame_000407.png 0.9789861683848439 0.17238385533008557 -0.10894958041314456 -0.17193284273488155 0.9850149457973444 0.013589116450937593 0.10965946573841713 0.005428744528962992 0.9939542059248047 -11.354129314235962 1.4169412383905637 -20.425006962317298 PINHOLE 1280 1024 1024.0877685546875 1023.894775390625 601.8067016601562 508.1316833496094
dataset_8_undistorted/keyframe_1_frame_000408.png 0.9784170450115586 0.17559961371885788 -0.1089257014565519 -0.17494949045024835 0.9844543570326738 0.015571233949799255 0.10996672035701485 0.003821247882119505 0.9939278070716314 -11.390925141790945 1.6301649185750193 -20.392698719678037 PINHOLE 1280 1024 1024.0877685546875 1023.894775390625 601.8067016601562 508.1316833496094
dataset_8_undistorted/keyframe_1_frame_000410.png 0.9772653743100372 0.18199039269871398 -0.10877341638276865 -0.18096479142452082 0.9832998857026232 0.019310154118948562 0.11047119054478423 0.0008130382735497107 0.9938789132921819 -11.291392648602908 2.0095149313658567 -20.376904568191662 PINHOLE 1280 1024 1024.0877685546875 1023.894775390625 601.8067016601562 508.1316833496094
dataset_8_undistorted/keyframe_1_frame_000412.png 0.9758033774885925 0.18966977787082961 -0.1087821509291248 -0.1880972737344039 0.9818418601150595 0.024634283552614166 0.11147915102661222 -0.003576545589801803 0.9937606047403058 -11.383405744490176 2.569971147935803 -20.292255693569132 PINHOLE 1280 1024 1024.0877685546875 1023.894775390625 601.8067016601562 508.1316833496094
dataset_8_undistorted/keyframe_1_frame_000413.png 0.9751074645625679 0.19310741471756326 -0.108971941402451 -0.19119579779215096 0.981157768569871 0.0278271473129973 0.11229238378205061 -0.006299492137802557 0.9936556683199402 -11.312062245295607 2.896632076411379 -20.23885784374488 PINHOLE 1280 1024 1024.0877685546875 1023.894775390625 601.8067016601562 508.1316833496094
dataset_8_undistorted/keyframe_1_frame_000415.png 0.9748626735072038 0.19391718808070962 -0.10972186650354454 -0.19148714371270453 0.9809615991548759 0.0323704180561548 0.11391013443928766 -0.010546366370808167 0.9934355542842684 -11.390253927514948 3.369913414408529 -20.225373970006217 PINHOLE 1280 1024 1024.0877685546875 1023.894775390625 601.8067016601562 508.1316833496094
dataset_8_undistorted/keyframe_1_frame_000417.png 0.9747606597598903 0.19386013953906783 -0.1107242015480712 -0.19087708171733214 0.9809155967171969 0.037038365905284934 0.11579149247755717 -0.014968905454501814 0.9931613462664854 -11.541533384333405 3.8587714187942765 -20.37625989962055 PINHOLE 1280 1024 1024.0877685546875 1023.894775390625 601.8067016601562 508.1316833496094
dataset_8_undistorted/keyframe_1_frame_000419.png 0.9744987887663223 0.19472479797352035 -0.11150673979826771 -0.19118154926829675 0.9806672585331297 0.041738541547636586 0.11747863913808304 -0.019356244223213855 0.992887148048457 -11.623103223869862 4.348716759487388 -20.6752766031143 PINHOLE 1280 1024 1024.0877685546875 1023.894775390625 601.8067016601562 508.1316833496094
dataset_8_undistorted/keyframe_1_frame_000420.png 0.9732111545666077 0.2010320251840935 -0.11156156963434091 -0.19718958817287938 0.9793509340060974 0.04458194175667909 0.11822040061901097 -0.021388814362064332 0.9927568200169989 -11.584591073839647 4.640560164118142 -20.863966885321474 PINHOLE 1280 1024 1024.0877685546875 1023.894775390625 601.8067016601562 508.1316833496094
dataset_8_undistorted/keyframe_1_frame_000423.png 0.969929271276106 0.2164499658217686 -0.11129435893072373 -0.21201414709065758 0.975966046931677 0.050398127372798626 0.11952821084238557 -0.025286529760507576 0.9925086787301959 -11.531412264127738 5.230261850869283 -21.163911048351565 PINHOLE 1280 1024 1024.0877685546875 1023.894775390625 601.8067016601562 508.1316833496094
dataset_8_undistorted/keyframe_1_frame_000426.png 0.9659538133223702 0.23389977745092022 -0.11056106896800855 -0.2287860445637113 0.9718033679930622 0.057052593716220346 0.12078831394323301 -0.029815502938989054 0.9922303716871653 -11.477948327459899 5.940613183292498 -21.421092526477878 PINHOLE 1280 1024 1024.0877685546875 1023.894775390625 601.8067016601562 508.1316833496094
dataset_8_undistorted/keyframe_1_frame_000430.png 0.9602098151635858 0.25677920031672447 -0.10982566402000352 -0.25059308127904295 0.9657663514592177 0.06707665401757988 0.12328983026404138 -0.03688617380754105 0.9916851849480489 -11.447961193300983 6.989423326796214 -21.714504763303466 PINHOLE 1280 1024 1024.0877685546875 1023.894775390625 601.8067016601562 508.1316833496094
dataset_8_undistorted/keyframe_1_frame_000433.png 0.9566307062146557 0.2696963224216684 -0.11009534219466972 -0.2627862910659467 0.9620617994411588 0.07334479144937517 0.12569942823566005 -0.04123240333195647 0.9912108387980675 -11.476079853939268 7.642853858289072 -21.79751255806832 PINHOLE 1280 1024 1024.0877685546875 1023.894775390625 601.8067016601562 508.1316833496094
dataset_8_undistorted/keyframe_1_frame_000436.png 0.953611209805809 0.279788873561134 -0.11110257651744594 -0.2721446597585135 0.9589941281700215 0.07916620647528 0.12869663395387013 -0.04525778623614766 0.9906507318303803 -11.53725374457241 8.24141949251134 -21.845861894508857 PINHOLE 1280 1024 1024.0877685546875 1023.894775390625 601.8067016601562 508.1316833496094
dataset_8_undistorted/keyframe_1_frame_000437.png 0.9527134473753944 0.28265084465506873 -0.1115576860358282 -0.274760321947345 0.9580934958340502 0.0810160728468475 0.12978202824109714 -0.04653365382258982 0.9904500953177369 -11.625911713944276 8.4441737263719 -21.836574092290903 PINHOLE 1280 1024 1024.0877685546875 1023.894775390625 601.8067016601562 508.1316833496094
dataset_8_undistorted/keyframe_1_frame_000443.png 0.94728393929153 0.2991477840095194 -0.11473211736748053 -0.2897850474276586 0.9527125114868535 0.09145651889892169 0.13666579825030142 -0.053387568108205316 0.9891779968933083 -11.954034326968497 9.534187603001783 -21.74411215899522 PINHOLE 1280 1024 1024.0877685546875 1023.894775390625 601.8067016601562 508.1316833496094
dataset_8_undistorted/keyframe_1_frame_000444.png 0.9463421667796483 0.30195377951374525 -0.11515056014523693 -0.29236980844782645 0.9517721261965248 0.09300185682149367 0.13767947695775068 -0.05434509644757575 0.988984864128896 -11.956687689113664 9.684297356459183 -21.725006269998744 PINHOLE 1280 1024 1024.0877685546875 1023.894775390625 601.8067016601562 508.1316833496094
dataset_8_undistorted/keyframe_1_frame_000445.png 0.9453764706831634 0.30481459585699466 -0.11554806585091916 -0.29500785698784543 0.9508046643178601 0.09455373008992027 0.13868509472612287 -0.05530123311538296 0.9887910845332776 -12.000764017392555 9.843907710881695 -21.700334074722946 PINHOLE 1280 1024 1024.0877685546875 1023.894775390625 601.8067016601562 508.1316833496094
dataset_8_undistorted/keyframe_1_frame_000448.png 0.9418315731869757 0.3152846079097348 -0.11639849793418604 -0.30483454241475777 0.9472282028365683 0.0991726120612591 0.1415236459058812 -0.05792173336148407 0.9882393332392119 -12.127700057359391 10.338449567659836 -21.55979352617021 PINHOLE 1280 1024 1024.0877685546875 1023.894775390625 601.8067016601562 508.1316833496094
dataset_8_undistorted/keyframe_1_frame_000449.png 0.9406587736797067 0.31867515167572735 -0.11665089258436406 -0.30802890231120555 0.9460467356324922 0.10056769887235811 0.14240561240277258 -0.05866793097975655 0.9880680212983644 -12.153989996462997 10.483998064994239 -21.518928836734972 PINHOLE 1280 1024 1024.0877685546875 1023.894775390625 601.8067016601562 508.1316833496094
dataset_8_undistorted/keyframe_1_frame_000454.png 0.9349332541587045 0.334647259593876 -0.11794484708877682 -0.32296967555730405 0.9402628157348298 0.10768688597958934 0.14693624465763605 -0.06258735347191965 0.987163941645284 -12.253391692327057 11.209381438527089 -21.33016505830949 PINHOLE 1280 1024 1024.0877685546875 1023.894775390625 601.8067016601562 508.1316833496094
dataset_8_undistorted/keyframe_1_frame_000455.png 0.9338474240813825 0.3375661025805267 -0.1182298620463086 -0.3256569707664042 0.9391580791101429 0.10922696926242446 0.14790783828837817 -0.06349886556644106 0.986960851949736 -12.285760953593808 11.36762736758078 -21.294309986667827 PINHOLE 1280 1024 1024.0877685546875 1023.894775390625 601.8067016601562 508.1316833496094
dataset_8_undistorted/keyframe_1_frame_000456.png 0.9327018415832418 0.3406203608051811 -0.11851097892158177 -0.3284795465461156 0.9379945860089014 0.11076124302729265 0.14889026212893935 -0.06437889656952688 0.9867561779713873 -12.350459569998634 11.544131280263628 -21.222391408653834 PINHOLE 1280 1024 1024.0877685546875 1023.894775390625 601.8067016601562 508.1316833496094
dataset_8_undistorted/keyframe_1_frame_000459.png 0.929204161058582 0.34927820710566754 -0.12076432984463822 -0.33565861728215196 0.9343505470321158 0.11967665159371361 0.15463660963197975 -0.07066826790068285 0.9854407462489841 -12.579877385433917 12.47772420047204 -21.014385699425134 PINHOLE 1280 1024 1024.0877685546875 1023.894775390625 601.8067016601562 508.1316833496094
dataset_8_undistorted/keyframe_1_frame_000460.png 0.9285930707349161 0.3507370001477449 -0.12123574736750967 -0.3366748150566454 0.9336431360194768 0.1223163129233156 0.1560918344209736 -0.07276502176876852 0.9850592591832483 -12.593852984530258 12.735029259461726 -20.988672458022393 PINHOLE 1280 1024 1024.0877685546875 1023.894775390625 601.8067016601562 508.1316833496094
dataset_8_undistorted/keyframe_1_frame_000463.png 0.9264449813506768 0.3562665301621809 -0.12154509018974254 -0.3411414419229665 0.9311202585309474 0.12898908007544183 0.15912768309493314 -0.0780372077192573 0.9841693861721514 -12.66652043859608 13.444018347462816 -20.955418272972224 PINHOLE 1280 1024 1024.0877685546875 1023.894775390625 601.8067016601562 508.1316833496094
dataset_8_undistorted/keyframe_1_frame_000464.png 0.9251520790653697 0.3597547474023035 -0.12112038292246535 -0.3444981948799776 0.9297259378670314 0.13011800832606077 0.15941931667185255 -0.07865310315047706 0.9840726361321314 -12.584514673959802 13.54587191302312 -20.985214261346414 PINHOLE 1280 1024 1024.0877685546875 1023.894775390625 601.8067016601562 508.1316833496094
dataset_8_undistorted/keyframe_1_frame_000465.png 0.9236470261925653 0.36376872771612445 -0.12061765826678664 -0.3483887602873516 0.9281158781885342 0.1312501955273972 0.15969193304354515 -0.07920697157881937 0.9839843181478668 -12.532232149944093 13.663541555692973 -21.00149101942361 PINHOLE 1280 1024 1024.0877685546875 1023.894775390625 601.8067016601562 508.1316833496094
dataset_8_undistorted/keyframe_1_frame_000467.png 0.9202028218734017 0.3727992977529477 -0.1193604666152816 -0.3572257130426719 0.9244517308996071 0.13333309664344634 0.1600495903345298 -0.08005491588912457 0.9838569869441364 -12.398619169705398 13.882530467392598 -21.052950384972746 PINHOLE 1280 1024 1024.0877685546875 1023.894775390625 601.8067016601562 508.1316833496094
dataset_8_undistorted/keyframe_1_frame_000468.png 0.9175848913877069 0.379516389809828 -0.11834427348217877 -0.36380613029254905 0.9216589716137837 0.13487297172111293 0.1602595716564945 -0.08070292415730645 0.9837705060064835 -12.33295416213366 14.057367769967641 -21.106718581630503 PINHOLE 1280 1024 1024.0877685546875 1023.894775390625 601.8067016601562 508.1316833496094
dataset_8_undistorted/keyframe_1_frame_000469.png 0.9143258026571627 0.38778930290015545 -0.11673629983525986 -0.3719503119105378 0.9181317533126964 0.1366989420572157 0.16018990855015094 -0.08156742099534309 0.9837102366359118 -12.120047194825418 14.236450573778257 -21.193773397117866 PINHOLE 1280 1024 1024.0877685546875 1023.894775390625 601.8067016601562 508.1316833496094
dataset_8_undistorted/keyframe_1_frame_000471.png 0.9117696435782741 0.39424547618275446 -0.11509214233825557 -0.37833049354068143 0.9153001338164062 0.13817207999367667 0.15981768340365937 -0.08243829525738855 0.9836983275115996 -11.948698720710468 14.389677504070505 -21.29448615835679 PINHOLE 1280 1024 1024.0877685546875 1023.894775390625 601.8067016601562 508.1316833496094
dataset_8_undistorted/keyframe_1_frame_000472.png 0.9105853196643462 0.39722858653263987 -0.11420924191697918 -0.38129057794861254 0.9139698651655809 0.138842772605187 0.15953614572066882 -0.08288117509247175 0.9837069847224919 -11.86497991498203 14.453414014669079 -21.375652116100923 PINHOLE 1280 1024 1024.0877685546875 1023.894775390625 601.8067016601562 508.1316833496094
dataset_8_undistorted/keyframe_1_frame_000473.png 0.9088103001847873 0.401706684526662 -0.11267246155290608 -0.38572036266587145 0.9119242613339125 0.1400456111986382 0.15900612392553154 -0.08381484657217712 0.983713071485553 -11.702078662911958 14.580695711553517 -21.498217996110498 PINHOLE 1280 1024 1024.0877685546875 1023.894775390625 601.8067016601562 508.1316833496094
dataset_8_undistorted/keyframe_1_frame_000474.png 0.906879033922459 0.4064693834806287 -0.11114456379737998 -0.39041881700020026 0.9097209848878361 0.14135531991526143 0.15856710549204256 -0.08479914744762815 0.9837000654223512 -11.582608910045735 14.732820644487674 -21.633286090114098 PINHOLE 1280 1024 1024.0877685546875 1023.894775390625 601.8067016601562 508.1316833496094
dataset_8_undistorted/keyframe_1_frame_000479.png 0.8976621560556439 0.42768059388925117 -0.106263054254065 -0.41135713328730655 0.8996941368342419 0.1460688453809592 0.15807506290219842 -0.08740836019626728 0.9835508538457117 -11.04037141598917 15.20324764115935 -22.08412251143841 PINHOLE 1280 1024 1024.0877685546875 1023.894775390625 601.8067016601562 508.1316833496094
dataset_8_undistorted/keyframe_1_frame_000480.png 0.895871455900064 0.43158274290343446 -0.10559569133049623 -0.4152242395138454 0.8978110825253257 0.14671055808693204 0.1581227482611072 -0.08758779009112215 0.983527040071569 -10.962364445365722 15.2757353635036 -22.090386569554653 PINHOLE 1280 1024 1024.0877685546875 1023.894775390625 601.8067016601562 508.1316833496094
dataset_8_undistorted/keyframe_1_frame_000483.png 0.8900030997757962 0.44405427281168824 -0.10348916308353522 -0.4275955922211032 0.8916623555172204 0.14866121311706632 0.1582910231080376 -0.08805732748971129 0.983458027566229 -10.787564172735586 15.492394105820722 -22.146592630115265 PINHOLE 1280 1024 1024.0877685546875 1023.894775390625 601.8067016601562 508.1316833496094
dataset_8_undistorted/keyframe_1_frame_000485.png 0.8858427177518953 0.4526403729510481 -0.10197686647773488 -0.4361088358022368 0.8872961873124955 0.15005268381175607 0.1584036432608288 -0.0884499807461404 0.9834052661937032 -10.591325983763682 15.619210310246217 -22.1635269793602 PINHOLE 1280 1024 1024.0877685546875 1023.894775390625 601.8067016601562 508.1316833496094
dataset_8_undistorted/keyframe_1_frame_000494.png 0.8682742216052185 0.4868004853718032 -0.09552421271624917 -0.46976307061560973 0.8687076042560736 0.15706774294550604 0.1594433180860072 -0.09150410843505295 0.9829576260933868 -9.94868733348153 16.37387570001215 -22.11620833583504 PINHOLE 1280 1024 1024.0877685546875 1023.894775390625 601.8067016601562 508.1316833496094
dataset_8_undistorted/keyframe_1_frame_000497.png 0.8629018467082997 0.4966417890356801 -0.09352812004670098 -0.479471584833337 0.8630229382021182 0.15905539911074973 0.1597104822072981 -0.09240509477559677 0.9828294333205359 -9.708695803416617 16.557637907619437 -22.137271744559257 PINHOLE 1280 1024 1024.0877685546875 1023.894775390625 601.8067016601562 508.1316833496094
dataset_8_undistorted/keyframe_1_frame_000498.png 0.8611942105862452 0.49971360329941256 -0.09290231595543116 -0.48249757203238813 0.8612154524247363 0.15970176517571813 0.15981408935779845 -0.09270903100598256 0.9827843489577888 -9.649656294982833 16.621252102561357 -22.154993817275226 PINHOLE 1280 1024 1024.0877685546875 1023.894775390625 601.8067016601562 508.1316833496094
dataset_8_undistorted/keyframe_1_frame_000500.png 0.8577557132774877 0.5058228431651377 -0.0916423858358842 -0.48850814076192567 0.857570277691172 0.16103719141622924 0.16004603770899434 -0.09336242144834066 0.9826843018070519 -9.512589024265822 16.76357854147477 -22.144319516463042 PINHOLE 1280 1024 1024.0877685546875 1023.894775390625 601.8067016601562 508.1316833496094
dataset_8_undistorted/keyframe_1_frame_000506.png 0.8459328650037442 0.5260850531928959 -0.0873594586490851 -0.5084428577275818 0.8450448830326996 0.1654842228843407 0.1608815351804358 -0.09557121048838241 0.9823357612002228 -9.07268855234554 17.22279461094149 -22.185886835478527 PINHOLE 1280 1024 1024.0877685546875 1023.894775390625 601.8067016601562 508.1316833496094
dataset_8_undistorted/keyframe_1_frame_000507.png 0.8423191369486515 0.5320812780847244 -0.08595355666228913 -0.514287779356329 0.8411610240359473 0.1672005967993583 0.16126515077920883 -0.09663147684183258 0.9821688564905225 -8.953937962100895 17.428185817430176 -22.194811543433502 PINHOLE 1280 1024 1024.0877685546875 1023.894775390625 601.8067016601562 508.1316833496094
dataset_8_undistorted/keyframe_1_frame_000509.png 0.8399414023067364 0.5360302787007283 -0.08467612071431084 -0.5179604003711703 0.8384206947429595 0.1696129892347643 0.16191190478567935 -0.09860609410030959 0.9818666103240178 -8.784198042071239 17.65764372510739 -22.558156921414934 PINHOLE 1280 1024 1024.0877685546875 1023.894775390625 601.8067016601562 508.1316833496094
dataset_8_undistorted/keyframe_1_frame_000512.png 0.8387823523718807 0.5379293948704436 -0.08412084784287963 -0.5193919092903083 0.8368926194729861 0.17275279270391156 0.163329001197111 -0.10121030944477565 0.98136698350095 -8.729385465717996 17.983048885444077 -23.675430720339364 PINHOLE 1280 1024 1024.0877685546875 1023.894775390625 601.8067016601562 508.1316833496094
dataset_8_undistorted/keyframe_1_frame_000515.png 0.8396216553678855 0.5365287318150582 -0.08469172132137985 -0.5176531507452965 0.8376192228398825 0.17444151298507632 0.16453225381219608 -0.10262378286539509 0.981018905245919 -8.788924296724076 18.15914812305641 -24.562151270396612 PINHOLE 1280 1024 1024.0877685546875 1023.894775390625 601.8067016601562 508.1316833496094
dataset_8_undistorted/keyframe_1_frame_000517.png 0.8403373355932631 0.5352904447848892 -0.0854264947333769 -0.5161994114039761 0.8383407298062375 0.17528263930809002 0.1654435728685631 -0.10319925176745197 0.9808053702922466 -8.871432332147037 18.24346657221963 -25.21761294697751 PINHOLE 1280 1024 1024.0877685546875 1023.894775390625 601.8067016601562 508.1316833496094
dataset_8_undistorted/keyframe_1_frame_000519.png 0.8410110637594589 0.5340883314495888 -0.0863151020975961 -0.5148008403251941 0.8390691779531018 0.17590852500775792 0.1663749877514729 -0.10350576866202553 0.9806153782971814 -8.960987468959615 18.31042171755962 -25.847709359157193 PINHOLE 1280 1024 1024.0877685546875 1023.894775390625 601.8067016601562 508.1316833496094
dataset_8_undistorted/keyframe_1_frame_000520.png 0.8413097387491004 0.533540936244381 -0.08678728096978089 -0.5141515864095751 0.8394007540696783 0.17622205331540716 0.1668711232868456 -0.10363565909009108 0.9805169432356949 -9.010107832826066 18.343292248860052 -26.17331047347352 PINHOLE 1280 1024 1024.0877685546875 1023.894775390625 601.8067016601562 508.1316833496094
dataset_8_undistorted/keyframe_1_frame_000521.png 0.8415839145655903 0.5330263651093898 -0.08728953944028685 -0.5135210823898829 0.8397080291459718 0.1765980867025117 0.1674292701050116 -0.10379718510691369 0.9804050549009903 -9.065437655073652 18.380832110530264 -26.512538749345254 PINHOLE 1280 1024 1024.0877685546875 1023.894775390625 601.8067016601562 508.1316833496094
dataset_8_undistorted/keyframe_1_frame_000522.png 0.8417271513244526 0.5327239935346391 -0.0877520454547118 -0.51310476711853 0.8398817881070225 0.17698256599833964 0.16798419593366867 -0.10394499450765476 0.9802947427550084 -9.107730717944378 18.42399705876801 -26.842503083918928 PINHOLE 1280 1024 1024.0877685546875 1023.894775390625 601.8067016601562 508.1316833496094
dataset_8_undistorted/keyframe_1_frame_000525.png 0.8412398230125441 0.5333474837123005 -0.08863170169629472 -0.5135062523276814 0.8394790040893446 0.17772368889192533 0.16919304035424138 -0.10399542052627575 0.9800809153196426 -9.202349570725573 18.499664908431896 -27.819539988365023 PINHOLE 1280 1024 1024.0877685546875 1023.894775390625 601.8067016601562 508.1316833496094
dataset_8_undistorted/keyframe_1_frame_000527.png 0.8419822515838667 0.5320290106973548 -0.08950021693857642 -0.51208172061059 0.8403277222611615 0.17782105906855142 0.16981566185397695 -0.10389107461208566 0.9799838372215367 -9.286699064007166 18.51340911629768 -28.43535114340989 PINHOLE 1280 1024 1024.0877685546875 1023.894775390625 601.8067016601562 508.1316833496094
dataset_8_undistorted/keyframe_1_frame_000528.png 0.842510969734906 0.5311040383082447 -0.09002046780160361 -0.5111000466367263 0.8409211490107196 0.1778403503767669 0.17015186327743925 -0.10382282793769096 0.9799327427761015 -9.346909938333738 18.512112762798324 -28.757455094786224 PINHOLE 1280 1024 1024.0877685546875 1023.894775390625 601.8067016601562 508.1316833496094
dataset_8_undistorted/keyframe_1_frame_000529.png 0.8430395784974885 0.5301684210266188 -0.09058151673805417 -0.5101031765503883 0.8415217440563241 0.1778617612685001 0.17052320854361755 -0.1037386919201591 0.9798774311402023 -9.402347609533308 18.51614213646917 -29.062210636917484 PINHOLE 1280 1024 1024.0877685546875 1023.894775390625 601.8067016601562 508.1316833496094
dataset_8_undistorted/keyframe_1_frame_000533.png 0.8447869732359707 0.5270067248561517 -0.09272810294781653 -0.5067483922342572 0.8435801558085038 0.17770117613111674 0.1718734706500527 -0.1031299330665676 0.9797056353258335 -9.668984693870016 18.51728933973368 -30.239524165866897 PINHOLE 1280 1024 1024.0877685546875 1023.894775390625 601.8067016601562 508.1316833496094
dataset_8_undistorted/keyframe_1_frame_000538.png 0.848098812841826 0.5206229862152594 -0.09838871760119206 -0.5002596609604691 0.8480032236503637 0.1750195382842844 0.1745531451038448 -0.0992138970651306 0.9796371023657823 -10.215722946905089 18.220068777369306 -32.049626168542204 PINHOLE 1280 1024 1024.0877685546875 1023.894775390625 601.8067016601562 508.1316833496094
dataset_8_undistorted/keyframe_1_frame_000544.png 0.852128983036615 0.5123587198416627 -0.10660437954716044 -0.49220932919952287 0.8538489094934019 0.1693266700842582 0.17778010223789809 -0.09181645995239866 0.9797771928628473 -11.077347721833803 17.623889255587073 -32.20812099413024 PINHOLE 1280 1024 1024.0877685546875 1023.894775390625 601.8067016601562 508.1316833496094
dataset_8_undistorted/keyframe_1_frame_000546.png 0.8559769778847971 0.5056407888802322 -0.10784437685003803 -0.48565356613595123 0.8579123134978079 0.16771216915879764 0.1773232135974069 -0.09118271873751886 0.9799197632935609 -11.241249485558455 17.477876926030603 -32.0140059999527 PINHOLE 1280 1024 1024.0877685546875 1023.894775390625 601.8067016601562 508.1316833496094
dataset_8_undistorted/keyframe_1_frame_000547.png 0.8580497844618259 0.5019921722681967 -0.10841473643443575 -0.48210947414225974 0.8600870126923659 0.16679297440943178 0.17697502498788756 -0.09084884690440403 0.9800133442734758 -11.297745184796895 17.384011008724883 -31.9122982223505 PINHOLE 1280 1024 1024.0877685546875 1023.894775390625 601.8067016601562 508.1316833496094
dataset_8_undistorted/keyframe_1_frame_000552.png 0.8682735233775191 0.4834999279599378 -0.11103682130443299 -0.46418374145091035 0.8707944848592343 0.16202166112027067 0.17502772935998961 -0.0891375573464806 0.980520353758032 -11.532935581897164 16.867225617332906 -31.347736982669176 PINHOLE 1280 1024 1024.0877685546875 1023.894775390625 601.8067016601562 508.1316833496094
dataset_8_undistorted/keyframe_1_frame_000556.png 0.875525687011838 0.46980110609295944 -0.1128761863067798 -0.4509292332083469 0.8784015243992376 0.15834622921255015 0.17354205945994863 -0.0877371060994453 0.9809107468809359 -11.762830566178252 16.503629462733443 -30.698698886529883 PINHOLE 1280 1024 1024.0877685546875 1023.894775390625 601.8067016601562 508.1316833496094
dataset_8_undistorted/keyframe_1_frame_000561.png 0.8844716872710607 0.4522266154378599 -0.1148937718101128 -0.43385047191880605 0.8876980729930252 0.15416015134227873 0.1717064134427529 -0.08650364346399483 0.9813426341102872 -11.937071178156032 16.04753394870022 -30.108887457271294 PINHOLE 1280 1024 1024.0877685546875 1023.894775390625 601.8067016601562 508.1316833496094
dataset_8_undistorted/keyframe_1_frame_000562.png 0.8859296531981983 0.449272758389091 -0.11524953080444426 -0.4309393169516718 0.8891988349274528 0.1536737496585751 0.17152123167995464 -0.08647848465393812 0.9813770811294636 -11.971394532889178 15.998956622526066 -30.043254818202968 PINHOLE 1280 1024 1024.0877685546875 1023.894775390625 601.8067016601562 508.1316833496094
dataset_8_undistorted/keyframe_1_frame_000563.png 0.8883081017793014 0.4444007116761604 -0.11583071700168873 -0.42612770836599884 0.8916429097514647 0.15292953700153078 0.17124172481776537 -0.08648985267211044 0.9814250991602936 -12.026261191065714 15.925486041056047 -29.927665569331225 PINHOLE 1280 1024 1024.0877685546875 1023.894775390625 601.8067016601562 508.1316833496094
dataset_8_undistorted/keyframe_1_frame_000566.png 0.8933720000073299 0.43368121155907835 -0.11750334848308644 -0.41546756526209494 0.8969017222238763 0.1515039265043415 0.17109345164673087 -0.0865306734873672 0.981447398011151 -12.205982482385593 15.773392869904455 -29.88677091710099 PINHOLE 1280 1024 1024.0877685546875 1023.894775390625 601.8067016601562 508.1316833496094
dataset_8_undistorted/keyframe_1_frame_000570.png 0.8902986522461058 0.44097288819075203 -0.11362424129274294 -0.42359654375135536 0.893550997079409 0.14877117330340478 0.16713333087847387 -0.08432006512100237 0.9823225977272896 -11.804666724458855 15.486265360659672 -29.876413620306835 PINHOLE 1280 1024 1024.0877685546875 1023.894775390625 601.8067016601562 508.1316833496094
dataset_8_undistorted/keyframe_1_frame_000573.png 0.8908339440857959 0.44060876157236833 -0.11080984722045814 -0.4247510851919152 0.8942517258522845 0.14107222092072128 0.16124959271745454 -0.0786052221791476 0.9837787808992747 -11.511446189115304 14.684031156107267 -29.258725173829703 PINHOLE 1280 1024 1024.0877685546875 1023.894775390625 601.8067016601562 508.1316833496094
dataset_8_undistorted/keyframe_1_frame_000574.png 0.8913306954308957 0.439702915324858 -0.11041200947613086 -0.42418142123811314 0.8948171521037385 0.1391844352028255 0.15999842584487328 -0.07722461521505994 0.9840918834063189 -11.458764332285114 14.494699219312452 -29.130437523225623 PINHOLE 1280 1024 1024.0877685546875 1023.894775390625 601.8067016601562 508.1316833496094
dataset_8_undistorted/keyframe_1_frame_000575.png 0.8919975493075213 0.4384314088543045 -0.11008074498105039 -0.42324786939979814 0.8955608366843864 0.13722534763778188 0.15874807866730248 -0.07581328625115952 0.9844036709344123 -11.435464722185259 14.283407176195624 -29.07979643025817 PINHOLE 1280 1024 1024.0877685546875 1023.894775390625 601.8067016601562 508.1316833496094
dataset_8_undistorted/keyframe_1_frame_000576.png 0.8934523396484617 0.4355797946514922 -0.10960416454662346 -0.4210738956450623 0.8972015551422091 0.13314381962168564 0.15633187543273275 -0.07280624220505148 0.9850180232702065 -11.385737645339304 13.858019705304969 -28.970059863677534 PINHOLE 1280 1024 1024.0877685546875 1023.894775390625 601.8067016601562 508.1316833496094
dataset_8_undistorted/keyframe_1_frame_000577.png 0.8952343730079296 0.43194551460275216 -0.10944695212427126 -0.4181049556170769 0.8992076844164919 0.12889088209761215 0.15408930382611977 -0.06962715202737416 0.985599977839575 -11.374845795837416 13.411694345111755 -28.91480720974255 PINHOLE 1280 1024 1024.0877685546875 1023.894775390625 601.8067016601562 508.1316833496094
dataset_8_undistorted/keyframe_1_frame_000579.png 0.8974809589308149 0.42723383642543594 -0.10953825980014989 -0.4140907484547483 0.9017200904236313 0.12421735678840114 0.15184283713594537 -0.06612401166946569 0.9861906997052738 -11.42076851852687 12.94312261937148 -28.83867206138109 PINHOLE 1280 1024 1024.0877685546875 1023.894775390625 601.8067016601562 508.1316833496094
dataset_8_undistorted/keyframe_1_frame_000581.png 0.8989326048333097 0.42424730319130327 -0.10924382040251288 -0.41179470772596877 0.903377467500954 0.11972767134643217 0.14948262003155333 -0.0626410279693676 0.9867784897532766 -11.348056342150585 12.46042612227643 -28.79552689490265 PINHOLE 1280 1024 1024.0877685546875 1023.894775390625 601.8067016601562 508.1316833496094
dataset_8_undistorted/keyframe_1_frame_000583.png 0.8986151100724673 0.4252498398639681 -0.10795208913412226 -0.41369841731429563 0.9032140530806608 0.11427136642235608 0.14609767054932862 -0.05802629119506703 0.9875669242022443 -11.213511449065493 11.891786937212373 -28.735024472909913 PINHOLE 1280 1024 1024.0877685546875 1023.894775390625 601.8067016601562 508.1316833496094
dataset_8_undistorted/keyframe_1_frame_000587.png 0.8934345942463842 0.43718171734764644 -0.10318168414589109 -0.42704587190910637 0.897909543176796 0.10672351390548046 0.13930556501333657 -0.05128728257912108 0.9889202955102289 -10.755575826363724 11.12188260828816 -28.496019339765553 PINHOLE 1280 1024 1024.0877685546875 1023.894775390625 601.8067016601562 508.1316833496094
dataset_8_undistorted/keyframe_1_frame_000588.png 0.8916588348385325 0.441045568190301 -0.10209414836118517 -0.43109557083086353 0.8960656024008471 0.10593635242015144 0.13820583466639977 -0.050446756785518895 0.989117632106679 -10.603401661776786 11.02271683123945 -28.454130277139825 PINHOLE 1280 1024 1024.0877685546875 1023.894775390625 601.8067016601562 508.1316833496094
dataset_8_undistorted/keyframe_1_frame_000591.png 0.8870637936551308 0.450861546196721 -0.0992052026271868 -0.44140018362504024 0.8912869914036293 0.10379276909731898 0.13521645503764607 -0.0482815918276215 0.9896386691154824 -10.338363033564633 10.817941223237085 -28.27014903227291 PINHOLE 1280 1024 1024.0877685546875 1023.894775390625 601.8067016601562 508.1316833496094
dataset_8_undistorted/keyframe_1_frame_000592.png 0.8856378162594595 0.4538515593541581 -0.09830631067600898 -0.44453798636330333 0.8898026958544442 0.10313265772980915 0.13428021250937028 -0.04763727486443025 0.9897974409402065 -10.238822493610883 10.752011333067003 -28.198756056439493 PINHOLE 1280 1024 1024.0877685546875 1023.894775390625 601.8067016601562 508.1316833496094
dataset_8_undistorted/keyframe_1_frame_000593.png 0.8829319864274099 0.4595059230882837 -0.0963603334531485 -0.45060223589338955 0.886997222400703 0.10096585463942861 0.13186581746813789 -0.04572582493362392 0.990212667925157 -10.038888036878745 10.524667672844544 -28.08328900426693 PINHOLE 1280 1024 1024.0877685546875 1023.894775390625 601.8067016601562 508.1316833496094
dataset_8_undistorted/keyframe_1_frame_000594.png 0.8814894162900649 0.46251127871506126 -0.09518182456834197 -0.45395880790108994 0.8855259133215292 0.09881856704870338 0.12999070283196817 -0.04389883076962815 0.9905428809848625 -9.880679480689025 10.281450411890319 -28.020240398064175 PINHOLE 1280 1024 1024.0877685546875 1023.894775390625 601.8067016601562 508.1316833496094
dataset_8_undistorted/keyframe_1_frame_000597.png 0.8801983134202108 0.4653335936960987 -0.09335795281571398 -0.45781908020713447 0.8843305340883825 0.0914428861729314 0.12511067737479714 -0.03774667996503217 0.9914246830159895 -9.690694599336098 9.512618116339127 -27.976109468625737 PINHOLE 1280 1024 1024.0877685546875 1023.894775390625 601.8067016601562 508.1316833496094
dataset_8_undistorted/keyframe_1_frame_000598.png 0.8804547553732197 0.46487526790810546 -0.09322264559121754 -0.4576835924492741 0.8846599862606433 0.08889292763422 0.12379450203463369 -0.0355998350911764 0.9916688945641422 -9.642542457113791 9.252179787944215 -28.112454962303218 PINHOLE 1280 1024 1024.0877685546875 1023.894775390625 601.8067016601562 508.1316833496094
dataset_8_undistorted/keyframe_1_frame_000599.png 0.8812384045667999 0.4633557805502643 -0.09338190997076388 -0.4564699253163137 0.8855412206413634 0.08632869179170805 0.12269449748651647 -0.0334500544729116 0.9918809580935181 -9.731534578542494 8.99762194354662 -28.252202338678217 PINHOLE 1280 1024 1024.0877685546875 1023.894775390625 601.8067016601562 508.1316833496094
dataset_8_undistorted/keyframe_1_frame_000601.png 0.8837159080334521 0.4584718282746767 -0.09407420654053816 -0.4521114022767027 0.8882147813271226 0.08167206978060346 0.12100244392377546 -0.02964278167324681 0.992209699848482 -9.765189470640337 8.494776007559949 -28.685503132075496 PINHOLE 1280 1024 1024.0877685546875 1023.894775390625 601.8067016601562 508.1316833496094
dataset_8_undistorted/keyframe_1_frame_000602.png 0.8840428845337359 0.45780049404072026 -0.09426697748234009 -0.4516367016527093 0.8886095718127519 0.07998062470616399 0.12038187870367846 -0.02813203801627566 0.9923289454657762 -9.791049322793299 8.316061451658015 -28.929939410875477 PINHOLE 1280 1024 1024.0877685546875 1023.894775390625 601.8067016601562 508.1316833496094
dataset_8_undistorted/keyframe_1_frame_000603.png 0.8842056947500654 0.45745394159645997 -0.09442437477080157 -0.45145008023921374 0.8888271592491769 0.07860853728436226 0.11988684156163663 -0.026878277159609477 0.9924238430707172 -9.807518467254567 8.173100854182394 -29.17919580477394 PINHOLE 1280 1024 1024.0877685546875 1023.894775390625 601.8067016601562 508.1316833496094
dataset_8_undistorted/keyframe_1_frame_000607.png 0.8833049195453047 0.4592540764514878 -0.09411592152121266 -0.4539277688822988 0.8880364924346958 0.07307631149970535 0.11713908886512747 -0.02182693007097257 0.9928753924813809 -9.772461466489688 7.5978063109371305 -30.027270115689817 PINHOLE 1280 1024 1024.0877685546875 1023.894775390625 601.8067016601562 508.1316833496094
dataset_8_undistorted/keyframe_1_frame_000608.png 0.8822301738519422 0.4614309275136863 -0.09354644161002704 -0.45639746572701934 0.8869562486416762 0.07078054577399967 0.11563204853652802 -0.019750339073899347 0.9930960017183498 -9.751544065754217 7.376078657456674 -30.131159951549535 PINHOLE 1280 1024 1024.0877685546875 1023.894775390625 601.8067016601562 508.1316833496094
dataset_8_undistorted/keyframe_1_frame_000609.png 0.8811962979659163 0.4635150882120761 -0.09298583470229123 -0.4586922875954349 0.8859000889080674 0.06915014962125514 0.11442835117444178 -0.018282869481499084 0.9932631392917965 -9.65491566726854 7.188546108484388 -30.183438168821226 PINHOLE 1280 1024 1024.0877685546875 1023.894775390625 601.8067016601562 508.1316833496094
dataset_8_undistorted/keyframe_1_frame_000610.png 0.8795556021853427 0.46676607295272793 -0.09225527226264679 -0.4621395973559413 0.8842188274307236 0.067701186565697 0.1131746268186468 -0.01691250696478631 0.9934308210894068 -9.611211720995243 7.0572942428891565 -30.17985856459825 PINHOLE 1280 1024 1024.0877685546875 1023.894775390625 601.8067016601562 508.1316833496094
dataset_8_undistorted/keyframe_1_frame_000612.png 0.8757519861851185 0.4742562777751211 -0.09021791695589308 -0.4698952742040803 0.8802525827914155 0.06598883691611729 0.1107102712279592 -0.015396978525569266 0.9937338771624968 -9.404728293433323 6.87664561812835 -30.24753452120467 PINHOLE 1280 1024 1024.0877685546875 1023.894775390625 601.8067016601562 508.1316833496094
dataset_8_undistorted/keyframe_1_frame_000615.png 0.8705264687459479 0.484264953220981 -0.08758340964036576 -0.48001664264951077 0.8747891017848343 0.06579151301769397 0.10847759572843865 -0.015231631822544172 0.9939825496150207 -9.11826385397353 6.860075953613432 -30.27805014847445 PINHOLE 1280 1024 1024.0877685546875 1023.894775390625 601.8067016601562 508.1316833496094
dataset_8_undistorted/keyframe_1_frame_000618.png 0.8665655685048897 0.49158999225960365 -0.08603880678917923 -0.4869281477558995 0.8706216378910847 0.07012705400904648 0.10938115645002511 -0.018875098118720887 0.993820378032158 -8.963185030115483 7.310068816031617 -30.354546391778285 PINHOLE 1280 1024 1024.0877685546875 1023.894775390625 601.8067016601562 508.1316833496094
dataset_8_undistorted/keyframe_1_frame_000620.png 0.8639840205393278 0.4960980013877704 -0.08612673645363665 -0.49101313233271277 0.8679944380793634 0.07410692525835316 0.1115220251838663 -0.021738019691960184 0.9935244154778614 -8.943819178732156 7.702668670076264 -30.52195506997157 PINHOLE 1280 1024 1024.0877685546875 1023.894775390625 601.8067016601562 508.1316833496094
dataset_8_undistorted/keyframe_1_frame_000622.png 0.8619996819680432 0.4993145266943161 -0.08741210811044481 -0.49358935172156226 0.8660470312161767 0.07957491149036444 0.11543601869052193 -0.025447987990264744 0.9929891194055986 -9.112312324717664 8.292622203287237 -30.649668847400903 PINHOLE 1280 1024 1024.0877685546875 1023.894775390625 601.8067016601562 508.1316833496094
dataset_8_undistorted/keyframe_1_frame_000625.png 0.8594590697103864 0.5031358752336744 -0.09046862311703086 -0.4962196906883538 0.8636323597515356 0.08891234296261478 0.12286652522747517 -0.031524069315621774 0.9919226323638735 -9.424833425903785 9.267939078537438 -30.773867328982988 PINHOLE 1280 1024 1024.0877685546875 1023.894775390625 601.8067016601562 508.1316833496094
dataset_8_undistorted/keyframe_1_frame_000626.png 0.8577366551427364 0.5059175165559563 -0.09129794058609463 -0.4985958975739108 0.8619341519631019 0.09204384462652239 0.12525947106058322 -0.03342846629933822 0.9915609947376991 -9.473740114338398 9.574690181641017 -30.799949639457054 PINHOLE 1280 1024 1024.0877685546875 1023.894775390625 601.8067016601562 508.1316833496094
dataset_8_undistorted/keyframe_1_frame_000628.png 0.8552603273781197 0.5098752908010674 -0.09250271295977455 -0.5019591034236877 0.8594903868620328 0.09650539699526794 0.12871105698353996 -0.03610463598732208 0.9910248292838343 -9.599372325470654 10.039471746321851 -30.745717340491638 PINHOLE 1280 1024 1024.0877685546875 1023.894775390625 601.8067016601562 508.1316833496094
dataset_8_undistorted/keyframe_1_frame_000630.png 0.8523686137624923 0.5143615176251302 -0.09433897186497256 -0.5056787262456462 0.8566771414363374 0.10194230675371226 0.13325330368282312 -0.03918737058091272 0.9903064446523958 -9.796684422862427 10.603614154907973 -30.513726532885926 PINHOLE 1280 1024 1024.0877685546875 1023.894775390625 601.8067016601562 508.1316833496094
dataset_8_undistorted/keyframe_1_frame_000633.png 0.8493923582066557 0.5190039965056588 -0.09574323703770708 -0.5100031522101707 0.8538561247826345 0.10404709319187078 0.1357519446581245 -0.03954758341081835 0.989953088563569 -9.977497973312666 10.844375954809266 -30.262919001804676 PINHOLE 1280 1024 1024.0877685546875 1023.894775390625 601.8067016601562 508.1316833496094
dataset_8_undistorted/keyframe_1_frame_000634.png 0.8490084967753152 0.5198715823890179 -0.0944369291371164 -0.5109233342308206 0.8533019117004118 0.104080859131543 0.13469180833218444 -0.040115324628327884 0.9900748391587021 -9.81007366590552 10.825012877921836 -30.41341432247532 PINHOLE 1280 1024 1024.0877685546875 1023.894775390625 601.8067016601562 508.1316833496094
dataset_8_undistorted/keyframe_1_frame_000635.png 0.8507708945407857 0.5169375685187844 -0.09468112273452535 -0.5080126349538405 0.8550808596396238 0.10372717868429601 0.13458045355242484 -0.04014876745927529 0.990088555293909 -9.82646632561773 10.791933598645073 -30.4249289403773 PINHOLE 1280 1024 1024.0877685546875 1023.894775390625 601.8067016601562 508.1316833496094
dataset_8_undistorted/keyframe_1_frame_000636.png 0.852594669908841 0.5138553866335215 -0.0950503223087806 -0.5049628178694402 0.8569414915992645 0.10326332079455401 0.13451503390170522 -0.04004478935281095 0.9901020361062802 -9.8708959498058 10.74126331981688 -30.45283673638255 PINHOLE 1280 1024 1024.0877685546875 1023.894775390625 601.8067016601562 508.1316833496094
dataset_8_undistorted/keyframe_2_frame_000000.png 0.9999937632589919 -0.0030848449191502787 -0.0016453248356000066 0.0030849869946722227 0.9999953602831256 -1.5800487609572736e-05 0.0016453456508628043 1.0902847101694503e-05 0.9999986558748644 -0.25444623701935143 0.019111292667275848 0.02427282313874457 PINHOLE 1280 1024 1024.0877685546875 1023.894775390625 601.8067016601562 508.1316833496094
dataset_8_undistorted/keyframe_2_frame_000001.png 0.9999839412400737 -0.004571714850993977 -0.00331952412874177 0.00457026209983261 0.9999891950069361 -0.0004336444139952463 0.00332145466373623 0.00041856979153690463 0.9999941078594603 -0.47527533122570276 -0.03549442298799477 0.18393052496480777 PINHOLE 1280 1024 1024.0877685546875 1023.894775390625 601.8067016601562 508.1316833496094
dataset_8_undistorted/keyframe_2_frame_000002.png 0.9999777948573861 -0.005036529752701932 -0.004348513199142383 0.005030882065604284 0.9999864061481457 -0.0013227851896796079 0.0043550749535443845 0.0013009471112211584 0.9999895747995775 -0.5693709240800899 -0.1719242698859489 0.43700703387810336 PINHOLE 1280 1024 1024.0877685546875 1023.894775390625 601.8067016601562 508.1316833496094
dataset_8_undistorted/keyframe_2_frame_000003.png 0.9999681921512931 -0.005692555480416167 -0.0055373432271138435 0.005680666773266123 0.9999810194565089 -0.0021501980069889193 0.005549509219698833 0.002118678679575136 0.9999817989484002 -0.7370834051183692 -0.28604863378564005 0.6465709587281481 PINHOLE 1280 1024 1024.0877685546875 1023.894775390625 601.8067016601562 508.1316833496094
dataset_8_undistorted/keyframe_2_frame_000008.png 0.9997148240391511 -0.0193886547755643 -0.01393949677677193 0.019318204254674145 0.9998002728233717 -0.005186841227453197 0.014037340958494557 0.004916122303312482 0.9998896180779645 -1.851373994495475 -0.6882709695817084 0.45836201587167125 PINHOLE 1280 1024 1024.0877685546875 1023.894775390625 601.8067016601562 508.1316833496094
dataset_8_undistorted/keyframe_2_frame_000009.png 0.9996627160347775 -0.021114698497893377 -0.015111283428098529 0.021038227627161354 0.9997651037881425 -0.00521198957883716 0.015217776078225281 0.004892287416718121 0.9998721249021545 -2.0516357707535917 -0.6748513323298084 0.2665058220652554 PINHOLE 1280 1024 1024.0877685546875 1023.894775390625 601.8067016601562 508.1316833496094
dataset_8_undistorted/keyframe_2_frame_000012.png 0.9994779612668361 -0.025837713131518787 -0.019382472100343627 0.02574630082057064 0.9996562339681441 -0.004960598074060729 0.01950402434807597 0.00445907227221178 0.9997999751087069 -2.5871794465200537 -0.6616698355232984 -0.5294343252122644 PINHOLE 1280 1024 1024.0877685546875 1023.894775390625 601.8067016601562 508.1316833496094
dataset_8_undistorted/keyframe_2_frame_000013.png 0.9994568007623099 -0.02533114515305895 -0.021064625481800943 0.0252371411674961 0.9996701153421529 -0.0047242462602740815 0.021177388128645946 0.0041901502016287165 0.999766903323219 -2.8474376969693367 -0.6097774517390917 -0.8252250171877904 PINHOLE 1280 1024 1024.0877685546875 1023.894775390625 601.8067016601562 508.1316833496094
dataset_8_undistorted/keyframe_2_frame_000015.png 0.9993374554113582 -0.026671919936254364 -0.02474551860058267 0.026572839981167294 0.9996370958781654 -0.004328809254837126 0.024852002506904534 0.003668431537678775 0.9996843077028352 -3.303873758016721 -0.5772050219750327 -1.5700386119222003 PINHOLE 1280 1024 1024.0877685546875 1023.894775390625 601.8067016601562 508.1316833496094
dataset_8_undistorted/keyframe_2_frame_000017.png 0.9992255510266834 -0.027667067351375366 -0.027968855425360355 0.027567295454754333 0.9996120750372397 -0.003954161010439784 0.02806745323885119 0.0031799829626329742 0.9996011802160106 -3.726511862613222 -0.523359496474086 -2.062707701036061 PINHOLE 1280 1024 1024.0877685546875 1023.894775390625 601.8067016601562 508.1316833496094
dataset_8_undistorted/keyframe_2_frame_000018.png 0.9991788230101674 -0.027691756408135773 -0.02957397476004048 0.027594995114771786 0.9996125376393442 -0.003682051421572723 0.029664481607374067 0.0028629068202751175 0.9995558472905222 -3.9899750100870506 -0.47304165541936527 -2.2628166754776657 PINHOLE 1280 1024 1024.0877685546875 1023.894775390625 601.8067016601562 508.1316833496094
dataset_8_undistorted/keyframe_2_frame_000019.png 0.9990713658594832 -0.028741901937515586 -0.032092121445023665 0.02864964538592213 0.9995839468912205 -0.0033356727632043582 0.03217461970166556 0.002413074520246788 0.9994792886922114 -4.288221714747294 -0.4457113430812569 -2.46811472354716 PINHOLE 1280 1024 1024.0877685546875 1023.894775390625 601.8067016601562 508.1316833496094
dataset_8_undistorted/keyframe_2_frame_000020.png 0.9989828420748849 -0.029630839751053992 -0.033985256557734794 0.029544264320423126 0.9995587528927538 -0.003052817005172569 0.034060735081724164 0.0020456389272641633 0.9994175231039422 -4.576910167592246 -0.3876710068873308 -2.559913216703876 PINHOLE 1280 1024 1024.0877685546875 1023.894775390625 601.8067016601562 508.1316833496094
dataset_8_undistorted/keyframe_2_frame_000021.png 0.9988507807710936 -0.030558199270513068 -0.03691366705289511 0.03047785745374024 0.9995313030459905 -0.0027386289241073405 0.03698008545719035 0.0016103123293126876 0.9993145098478711 -4.929866753736064 -0.3646791380651848 -2.673254587534757 PINHOLE 1280 1024 1024.0877685546875 1023.894775390625 601.8067016601562 508.1316833496094
dataset_8_undistorted/keyframe_2_frame_000024.png 0.9982021816464359 -0.04020273181308585 -0.044447622726831934 0.04013984785230647 0.9991912446160479 -0.0023100776089711576 0.044504611510425444 0.00052180596386819 0.9990089088813728 -5.934164570917687 -0.3060568975215574 -2.8464597862839582 PINHOLE 1280 1024 1024.0877685546875 1023.894775390625 601.8067016601562 508.1316833496094
dataset_8_undistorted/keyframe_2_frame_000026.png 0.9976389223564321 -0.04736173566180713 -0.04973199363341438 0.04731005079659129 0.998877935768613 -0.002221366650391362 0.04978146385537161 -0.00013671270131346738 0.9987602128326931 -6.679164354455509 -0.2758661621064675 -3.0861816505466777 PINHOLE 1280 1024 1024.0877685546875 1023.894775390625 601.8067016601562 508.1316833496094
dataset_8_undistorted/keyframe_2_frame_000027.png 0.9973935980338305 -0.050455362369741234 -0.05157618338668339 0.05040790064949542 0.9987262715012933 -0.002225145301219107 0.05162278245029425 -0.000380598463938202 0.9986667799245363 -6.8917628185116655 -0.2973152573279094 -3.2514710003914615 PINHOLE 1280 1024 1024.0877685546875 1023.894775390625 601.8067016601562 508.1316833496094
dataset_8_undistorted/keyframe_2_frame_000028.png 0.9971748020541592 -0.053034256611020396 -0.0531917654098004 0.0529934245442869 0.998592468129398 -0.002184138699140397 0.05323277167811041 -0.000640999998945763 0.9985819753406094 -7.102807831726295 -0.2892176190796363 -3.422440916439996 PINHOLE 1280 1024 1024.0877685546875 1023.894775390625 601.8067016601562 508.1316833496094
dataset_8_undistorted/keyframe_2_frame_000031.png 0.996779696933189 -0.05595005371981564 -0.057442243467855314 0.055941856054853085 0.9984323474032532 -0.001755373636076552 0.0574505247869852 -0.0014636177107213756 0.9983473100856073 -7.67557789829101 -0.23450364632935816 -4.0868130631738495 PINHOLE 1280 1024 1024.0877685546875 1023.894775390625 601.8067016601562 508.1316833496094
dataset_8_undistorted/keyframe_2_frame_000034.png 0.9968920652898864 -0.05208553531920509 -0.05909776449586499 0.05224328145087783 0.9986330174860577 0.001126071419993406 0.05895844765868874 -0.004210064880185482 0.9982510483604231 -7.930935493922732 0.1714451694008403 -4.42575412144015 PINHOLE 1280 1024 1024.0877685546875 1023.894775390625 601.8067016601562 508.1316833496094
dataset_8_undistorted/keyframe_2_frame_000036.png 0.9969571969166258 -0.05216863749990852 -0.057916113905647194 0.052580460105573205 0.9986003912803852 0.005609077502925319 0.05754251121221726 -0.008637321451052202 0.9983051112586673 -7.731594678023953 0.7539792513764496 -4.475892793518142 PINHOLE 1280 1024 1024.0877685546875 1023.894775390625 601.8067016601562 508.1316833496094
dataset_8_undistorted/keyframe_2_frame_000037.png 0.9969879998424784 -0.05260162557917923 -0.05698661062660338 0.0531308457093328 0.9985567236237257 0.0078076276136437835 0.05649380287224078 -0.010811780359301986 0.9983442653789507 -7.614666279067023 1.0434953449764635 -4.4200616597237286 PINHOLE 1280 1024 1024.0877685546875 1023.894775390625 601.8067016601562 508.1316833496094
dataset_8_undistorted/keyframe_2_frame_000038.png 0.9970259778940095 -0.05299205664449097 -0.055953932777873534 0.05363604286585818 0.998509562428673 0.01006857432553761 0.05533709816560094 -0.013039764366223018 0.998382473446818 -7.471853207834727 1.348468107394865 -4.289891591300716 PINHOLE 1280 1024 1024.0877685546875 1023.894775390625 601.8067016601562 508.1316833496094
dataset_8_undistorted/keyframe_2_frame_000039.png 0.9970939228905195 -0.05245363081935498 -0.05524603966669495 0.05317464994499435 0.9985170644625689 0.011658638616705956 0.05455261319271566 -0.014562506185947824 0.9984045698565833 -7.421067524202385 1.5761581012577608 -4.200075508243231 PINHOLE 1280 1024 1024.0877685546875 1023.894775390625 601.8067016601562 508.1316833496094
dataset_8_undistorted/keyframe_2_frame_000041.png 0.9973289128941799 -0.04996772470167541 -0.053274206942881076 0.05084167352159813 0.9985915873777779 0.015172009663130594 0.05244107718242802 -0.017840128439592207 0.9984645912693455 -7.150154740921721 2.0501649957127484 -3.7673889224990944 PINHOLE 1280 1024 1024.0877685546875 1023.894775390625 601.8067016601562 508.1316833496094
dataset_8_undistorted/keyframe_2_frame_000043.png 0.9972056541096344 -0.05396449106328792 -0.051653326999180384 0.05496281926961816 0.9983239730082477 0.018102118484670762 0.05058994696571584 -0.02089057425743898 0.99850083933971 -6.902008710185157 2.4190669951153723 -3.3242119714216187 PINHOLE 1280 1024 1024.0877685546875 1023.894775390625 601.8067016601562 508.1316833496094
dataset_8_undistorted/keyframe_2_frame_000044.png 0.9971840069149849 -0.05485730224294236 -0.05113209461814149 0.05592183429342858 0.9982417743846851 0.019625403168683463 0.04996568654153195 -0.022429478677496575 0.9984985564990151 -6.82249163128904 2.628880373923721 -3.146329585595595 PINHOLE 1280 1024 1024.0877685546875 1023.894775390625 601.8067016601562 508.1316833496094
dataset_8_undistorted/keyframe_2_frame_000045.png 0.9972148008295875 -0.05495616776523812 -0.05041622977753061 0.05611282344473198 0.9981859894404683 0.021814065496095228 0.04912601809873749 -0.024582411071176317 0.9984900835808904 -6.7243616180288655 2.92281841383101 -2.9388372860776144 PINHOLE 1280 1024 1024.0877685546875 1023.894775390625 601.8067016601562 508.1316833496094
dataset_8_undistorted/keyframe_2_frame_000047.png 0.9973888543212062 -0.05294458613456309 -0.04911337388541579 0.05424972808504959 0.9981978766514263 0.025632544415513606 0.04766778991972784 -0.028230126435520933 0.998463841064701 -6.562557773343258 3.425517059304866 -2.675138609273631 PINHOLE 1280 1024 1024.0877685546875 1023.894775390625 601.8067016601562 508.1316833496094
dataset_8_undistorted/keyframe_2_frame_000050.png 0.9981216715634877 -0.03952918276191677 -0.046804628261895485 0.041002317857052446 0.9986792238304424 0.030946376733604338 0.04551960661333378 -0.03280710517531447 0.9984241097102405 -6.2514998552514385 4.137387288845957 -2.2030973532200733 PINHOLE 1280 1024 1024.0877685546875 1023.894775390625 601.8067016601562 508.1316833496094
dataset_8_undistorted/keyframe_2_frame_000051.png 0.9983591395198795 -0.03417097694476999 -0.04594788275739795 0.03568078570485085 0.9988354130022858 0.03245413900932155 0.044785400235575 -0.03404038949669048 0.9984157757708293 -6.1395270809580325 4.3372114615865485 -2.057221075275379 PINHOLE 1280 1024 1024.0877685546875 1023.894775390625 601.8067016601562 508.1316833496094
dataset_8_undistorted/keyframe_2_frame_000052.png 0.9985413186492038 -0.029713052028472426 -0.04507792783791898 0.03125533485879664 0.9989361873803911 0.03389963011375825 0.04402279635155882 -0.035259050962109635 0.9984079797619795 -6.049057370983235 4.557258772103751 -1.8566113241710127 PINHOLE 1280 1024 1024.0877685546875 1023.894775390625 601.8067016601562 508.1316833496094
dataset_8_undistorted/keyframe_2_frame_000053.png 0.9986827714252661 -0.026303954695823067 -0.044055718647617044 0.02787626087542788 0.9989821198684631 0.03546029123713704 0.04307821417379793 -0.0366415166989504 0.998399389084191 -5.8816859104148875 4.741863497891018 -1.74799947291865 PINHOLE 1280 1024 1024.0877685546875 1023.894775390625 601.8067016601562 508.1316833496094
dataset_8_undistorted/keyframe_2_frame_000054.png 0.9988121917247473 -0.022836985667499185 -0.043040325652313145 0.024428451021093953 0.999023369427833 0.03681645272004512 0.042157625749419156 -0.037824130531532385 0.9983946515226927 -5.786782079248553 4.941038537505619 -1.6209715196614525 PINHOLE 1280 1024 1024.0877685546875 1023.894775390625 601.8067016601562 508.1316833496094
dataset_8_undistorted/keyframe_2_frame_000056.png 0.9990632138164459 -0.01646462995379882 -0.04001993742072463 0.018058116429678056 0.9990449512417091 0.039784873663125574 0.039326700639919325 -0.040470140876902115 0.9984063267556926 -5.342223455356873 5.319895349296303 -1.348796902815252 PINHOLE 1280 1024 1024.0877685546875 1023.894775390625 601.8067016601562 508.1316833496094
dataset_8_undistorted/keyframe_2_frame_000057.png 0.999145592961107 -0.013389739196686243 -0.039101928163808065 0.014974235739723287 0.9990667892442959 0.04051199311769065 0.03852303918300151 -0.04106286982458414 0.998413494443944 -5.219575519651357 5.416907728286333 -1.287904154246121 PINHOLE 1280 1024 1024.0877685546875 1023.894775390625 601.8067016601562 508.1316833496094
dataset_8_undistorted/keyframe_2_frame_000061.png 0.9992949063787351 0.00458445208943089 -0.037256067951302735 -0.002940124360051124 0.9990237315455992 0.04406883442315607 0.03742182844211372 -0.043928310189948555 0.9983333565839295 -4.918069000008359 5.8465521509886 -1.0665454020492007 PINHOLE 1280 1024 1024.0877685546875 1023.894775390625 601.8067016601562 508.1316833496094
dataset_8_undistorted/keyframe_2_frame_000062.png 0.9992464054627807 0.01145570406790824 -0.037084274784480155 -0.009773690010378602 0.9989293684531662 0.045217950300986354 0.037562619263283206 -0.0448213619391198 0.9982886096824377 -4.987405593715266 6.066715615602334 -0.9586182919598514 PINHOLE 1280 1024 1024.0877685546875 1023.894775390625 601.8067016601562 508.1316833496094
dataset_8_undistorted/keyframe_2_frame_000064.png 0.9990141302613953 0.024945872362427755 -0.036720125796900566 -0.023183886362608843 0.9985944031093468 0.047654100702720414 0.03785730433061454 -0.04675562371779672 0.9981881482058051 -4.906468501082372 6.368402686103991 -0.8309228340639265 PINHOLE 1280 1024 1024.0877685546875 1023.894775390625 601.8067016601562 508.1316833496094
dataset_8_undistorted/keyframe_2_frame_000067.png 0.9984926612578654 0.04085470633472863 -0.036646557963575827 -0.03894650535469758 0.9979204013859478 0.051353049127603 0.03866845557176029 -0.04984832644552423 0.9980076129303331 -4.8884615032911825 6.8670924445737 -0.5983738695778129 PINHOLE 1280 1024 1024.0877685546875 1023.894775390625 601.8067016601562 508.1316833496094
dataset_8_undistorted/keyframe_2_frame_000068.png 0.9982961314823919 0.04536334912107296 -0.036706460850742965 -0.043399155363339874 0.9976702221245117 0.05263998217548745 0.03900892091570658 -0.050956993087283305 0.99793872650721 -4.904623702590243 7.034489472145424 -0.565525369244483 PINHOLE 1280 1024 1024.0877685546875 1023.894775390625 601.8067016601562 508.1316833496094
dataset_8_undistorted/keyframe_2_frame_000070.png 0.997832150058445 0.054451416030827586 -0.0369545192724612 -0.05236397487149301 0.9970958806851614 0.055285358099963836 0.039857627901727095 -0.05323031051776215 0.9977858063485641 -4.926880061481484 7.394127539347892 -0.4249704292528804 PINHOLE 1280 1024 1024.0877685546875 1023.894775390625 601.8067016601562 508.1316833496094
dataset_8_undistorted/keyframe_2_frame_000071.png 0.9976017362400598 0.0583507590474139 -0.037234196249201254 -0.05619833192187955 0.9968230707196811 0.056443775689825545 0.040409418596272347 -0.0542157958339468 0.9977112714648745 -4.97511620212174 7.5427882743426835 -0.4069214043827287 PINHOLE 1280 1024 1024.0877685546875 1023.894775390625 601.8067016601562 508.1316833496094
dataset_8_undistorted/keyframe_2_frame_000072.png 0.9973721669651724 0.06193383127023088 -0.03758159486378877 -0.05971394511664037 0.9965531949734004 0.057569695044402916 0.04101768585800321 -0.055174101874631044 0.9976333320070786 -5.0187664497449305 7.694957543574219 -0.3502379256722179 PINHOLE 1280 1024 1024.0877685546875 1023.894775390625 601.8067016601562 508.1316833496094
dataset_8_undistorted/keyframe_2_frame_000073.png 0.997006464812713 0.06709120852246855 -0.03841997681804599 -0.06472526215079352 0.996107354384474 0.059828108947318256 0.04228437426645798 -0.05716240602901151 0.9974685802756355 -5.133577016703271 7.9950095716324086 -0.26187388170092163 PINHOLE 1280 1024 1024.0877685546875 1023.894775390625 601.8067016601562 508.1316833496094
dataset_8_undistorted/keyframe_2_frame_000075.png 0.9965028005287874 0.07315099096302502 -0.04038362381301933 -0.07046307152933384 0.9954345863955028 0.0643822370229335 0.04490894535223554 -0.0613114527477526 0.9971079643788004 -5.393174560608713 8.60520734802435 -0.09469945139846914 PINHOLE 1280 1024 1024.0877685546875 1023.894775390625 601.8067016601562 508.1316833496094
dataset_8_undistorted/keyframe_2_frame_000076.png 0.9963680682420015 0.0743384932335159 -0.04152954034379232 -0.07148688642260333 0.9952308767927955 0.06637280444814496 0.04626557483591349 -0.06316277779679277 0.9969303760204207 -5.543718611467625 8.87261848038952 -0.02321830809535186 PINHOLE 1280 1024 1024.0877685546875 1023.894775390625 601.8067016601562 508.1316833496094
dataset_8_undistorted/keyframe_2_frame_000077.png 0.9961715988043095 0.07639149096411633 -0.04249200564743944 -0.0733663258752192 0.9949353253971744 0.06869947117326139 0.047524981191180524 -0.06531899829989701 0.9967315638549039 -5.669505043569984 9.185296756073512 0.016231585970899687 PINHOLE 1280 1024 1024.0877685546875 1023.894775390625 601.8067016601562 508.1316833496094
dataset_8_undistorted/keyframe_2_frame_000078.png 0.9958874180711043 0.07959344330203819 -0.04327687759921078 -0.07640121366724241 0.9945458801002852 0.07099455101363578 0.048691540796920556 -0.06739615647843991 0.996536904758188 -5.774364096138356 9.492037664775125 0.0181045886058655 PINHOLE 1280 1024 1024.0877685546875 1023.894775390625 601.8067016601562 508.1316833496094
dataset_8_undistorted/keyframe_2_frame_000079.png 0.9955574272189041 0.08326951011194163 -0.04395017065083727 -0.0799307629327091 0.9941283097767698 0.07292936351350074 0.049764984609008744 -0.06909217014238837 0.9963673725415332 -5.869678311992743 9.74758002687804 -0.00783835026993529 PINHOLE 1280 1024 1024.0877685546875 1023.894775390625 601.8067016601562 508.1316833496094
dataset_8_undistorted/keyframe_2_frame_000080.png 0.9952045137749158 0.0871927635967829 -0.04433189505747045 -0.08372811349310849 0.9936779490951982 0.07478221894550137 0.05057214876368546 -0.07071175725033466 0.9962133183510729 -5.920693420826865 9.99510982677748 -0.021062735141299527 PINHOLE 1280 1024 1024.0877685546875 1023.894775390625 601.8067016601562 508.1316833496094
dataset_8_undistorted/keyframe_2_frame_000082.png 0.9943747814954574 0.09608392337089618 -0.04457001196571731 -0.0924147867246633 0.9926500129178922 0.0781360640303382 0.051750129563008056 -0.0735776864145599 0.9959459034055573 -5.952565725242152 10.443128456541444 -0.05591470428350931 PINHOLE 1280 1024 1024.0877685546875 1023.894775390625 601.8067016601562 508.1316833496094
dataset_8_undistorted/keyframe_2_frame_000086.png 0.992676197013706 0.11217904038019076 -0.04482847402095984 -0.10822553880607068 0.9906911064478957 0.08257193815822722 0.05367407795554045 -0.07711574358705639 0.9955763691359344 -5.984437322638655 11.037266219634375 -0.10334537081666895 PINHOLE 1280 1024 1024.0877685546875 1023.894775390625 601.8067016601562 508.1316833496094
dataset_8_undistorted/keyframe_2_frame_000087.png 0.9923665172425228 0.11489239403133178 -0.04481451610327353 -0.11089624071466751 0.9903354746773445 0.08328709021160596 0.053950574170524894 -0.07768127016098597 0.9955167613997026 -5.9768979626846885 11.136404858036713 -0.09328439812986744 PINHOLE 1280 1024 1024.0877685546875 1023.894775390625 601.8067016601562 508.1316833496094
dataset_8_undistorted/keyframe_2_frame_000088.png 0.9916243353898251 0.12115055818209038 -0.04475891038569097 -0.11705491242134414 0.9894856846560288 0.0849451094179382 0.054579458937674706 -0.07899460722478928 0.9953796160446944 -5.977720066827715 11.352976339952875 -0.12721751525714353 PINHOLE 1280 1024 1024.0877685546875 1023.894775390625 601.8067016601562 508.1316833496094
dataset_8_undistorted/keyframe_2_frame_000092.png 0.9898474539315973 0.13494605310744642 -0.044628864851761194 -0.1306361722343778 0.9874793512959266 0.0884233609454557 0.056002561945487826 -0.08169544678175843 0.9950827111270135 -5.957512273614157 11.819368001796875 -0.11029341537334858 PINHOLE 1280 1024 1024.0877685546875 1023.894775390625 601.8067016601562 508.1316833496094
dataset_8_undistorted/keyframe_2_frame_000093.png 0.9893644052295919 0.13845231719869172 -0.044590131186164554 -0.13408032991150418 0.9869263967261493 0.08943067617976853 0.056389145420643355 -0.08250111217004001 0.9949943403864587 -5.949636047430431 11.955481093524213 -0.10724415978518209 PINHOLE 1280 1024 1024.0877685546875 1023.894775390625 601.8067016601562 508.1316833496094
dataset_8_undistorted/keyframe_2_frame_000094.png 0.9888848930021393 0.14185312756203233 -0.04454429699488847 -0.13741929874078182 0.9863755409974007 0.0904363643009168 0.0567661229627165 -0.08330984571661361 0.9949053379420851 -5.951708451499485 12.085219408123066 -0.14103925358551805 PINHOLE 1280 1024 1024.0877685546875 1023.894775390625 601.8067016601562 508.1316833496094
dataset_8_undistorted/keyframe_2_frame_000095.png 0.9883745439717995 0.1453836198528596 -0.04449326198466702 -0.14088461494863475 0.985789593284054 0.09148999885995614 0.057162260050308035 -0.08415791761829929 0.9948116139312151 -5.939396138057418 12.229178185446472 -0.1369178398801978 PINHOLE 1280 1024 1024.0877685546875 1023.894775390625 601.8067016601562 508.1316833496094
dataset_8_undistorted/keyframe_2_frame_000096.png 0.9877972984884871 0.1492805466162847 -0.044405888460930486 -0.144720586722918 0.9851394892131837 0.09249775550281561 0.0575542214496732 -0.08494243979645044 0.9947221781263182 -5.933085311805826 12.360829095187455 -0.1656607109335937 PINHOLE 1280 1024 1024.0877685546875 1023.894775390625 601.8067016601562 508.1316833496094
dataset_8_undistorted/keyframe_2_frame_000099.png 0.9861314369164622 0.1599762138061073 -0.044184510563981656 -0.15523157275278396 0.9832544060193259 0.09546663274346756 0.05871709861697585 -0.08728374546559195 0.994451668762068 -5.9035295728409665 12.757473557521507 -0.21026592998475735 PINHOLE 1280 1024 1024.0877685546875 1023.894775390625 601.8067016601562 508.1316833496094
dataset_8_undistorted/keyframe_2_frame_000101.png 0.9849894846053033 0.16697329429145372 -0.04376461724156263 -0.16211661945595962 0.9819298630700269 0.09762834173252372 0.059275194122886475 -0.08906790997101441 0.9942600650469937 -5.841948724610802 13.049314334758492 -0.23579611903323894 PINHOLE 1280 1024 1024.0877685546875 1023.894775390625 601.8067016601562 508.1316833496094
dataset_8_undistorted/keyframe_2_frame_000105.png 0.9822377522040353 0.18275390680153322 -0.042541361656242095 -0.17772023130600798 0.978826264007364 0.10155937334191428 0.060201093559159764 -0.09219483684155189 0.9939195009649775 -5.683893895052734 13.571615348676687 -0.30266811582851005 PINHOLE 1280 1024 1024.0877685546875 1023.894775390625 601.8067016601562 508.1316833496094
dataset_8_undistorted/keyframe_2_frame_000109.png 0.9791682566898569 0.19895338798146323 -0.04058508376428578 -0.19380954006843532 0.9753586451745211 0.10541930669268694 0.06055865757721717 -0.0953572457094201 0.9935992980192212 -5.419670242649431 14.088920133613101 -0.3122372486449194 PINHOLE 1280 1024 1024.0877685546875 1023.894775390625 601.8067016601562 508.1316833496094
dataset_8_undistorted/keyframe_2_frame_000110.png 0.9784184048385783 0.20268329013813446 -0.04020461849775025 -0.19751416602639577 0.9745302782896075 0.10619713335519679 0.06070508508782464 -0.0959643616983642 0.993531498552092 -5.363180736418258 14.19582483393333 -0.29403615008686756 PINHOLE 1280 1024 1024.0877685546875 1023.894775390625 601.8067016601562 508.1316833496094
dataset_8_undistorted/keyframe_2_frame_000113.png 0.9762039862934934 0.21330602571354415 -0.03906397123989735 -0.20807450818750658 0.9720969683956089 0.10831193457669322 0.061077648704799196 -0.09760632371031915 0.9933487732831646 -5.219196157054057 14.473891689558968 -0.284268320305614 PINHOLE 1280 1024 1024.0877685546875 1023.894775390625 601.8067016601562 508.1316833496094
dataset_8_undistorted/keyframe_2_frame_000116.png 0.9738033871764891 0.22428306299978729 -0.03746548792200919 -0.2190206229782744 0.9694293502299393 0.1106122020886456 0.06112870452166155 -0.0995086746112619 0.9931564081044036 -4.999859607976418 14.784280911026372 -0.20911365665722315 PINHOLE 1280 1024 1024.0877685546875 1023.894775390625 601.8067016601562 508.1316833496094
dataset_8_undistorted/keyframe_2_frame_000117.png 0.9729824128491071 0.2279076354546752 -0.03692485948634524 -0.2226413883335646 0.9685290465882744 0.1112746247313113 0.061123309611306145 -0.10004704591263482 0.9931034991337746 -4.9276405973014334 14.872745637731668 -0.18454101986583282 PINHOLE 1280 1024 1024.0877685546875 1023.894775390625 601.8067016601562 508.1316833496094
dataset_8_undistorted/keyframe_2_frame_000118.png 0.9722062760165497 0.23127484376324695 -0.03642791785530008 -0.2260054764855646 0.9676789707454889 0.11188588163560076 0.06112696659192353 -0.10054326096348168 0.9930529115945238 -4.8668795742953534 14.951580921855339 -0.17645187541154428 PINHOLE 1280 1024 1024.0877685546875 1023.894775390625 601.8067016601562 508.1316833496094
dataset_8_undistorted/keyframe_2_frame_000121.png 0.9693120331135797 0.2434622558613073 -0.03405560675124396 -0.23814449572120017 0.9643172215663045 0.11566331011185849 0.061000146692980005 -0.10400365716000302 0.9927036184671951 -4.541124700087153 15.460691617244038 -0.12615880573969207 PINHOLE 1280 1024 1024.0877685546875 1023.894775390625 601.8067016601562 508.1316833496094
dataset_8_undistorted/keyframe_2_frame_000126.png 0.9641661558388188 0.26354479236032746 -0.03045764459911706 -0.2579560827346913 0.9581047125401059 0.1244719590804078 0.06198562809128206 -0.11215482013587791 0.9917549706245458 -4.063230492563889 16.636227607828914 0.10106030355245821 PINHOLE 1280 1024 1024.0877685546875 1023.894775390625 601.8067016601562 508.1316833496094
dataset_8_undistorted/keyframe_2_frame_000127.png 0.962776001740513 0.268673827697125 -0.02960986667167453 -0.2630220542866591 0.9564627853404934 0.1264826972429715 0.06230338903439167 -0.113986551500378 0.9915267231424648 -3.952736265099702 16.903585476215994 0.20664572870759912 PINHOLE 1280 1024 1024.0877685546875 1023.894775390625 601.8067016601562 508.1316833496094
dataset_8_undistorted/keyframe_2_frame_000128.png 0.9615137836850165 0.27323247693835917 -0.02889630469313233 -0.2675093433803643 0.9549570943360346 0.12843278316310158 0.06268681420781788 -0.11575995191510577 0.9912969079128353 -3.854509695384877 17.165519599310755 0.34026011028799985 PINHOLE 1280 1024 1024.0877685546875 1023.894775390625 601.8067016601562 508.1316833496094
dataset_8_undistorted/keyframe_2_frame_000129.png 0.9601209278773758 0.2781307153642827 -0.028479906115788357 -0.2723208265981222 0.953378818195645 0.13003617015201077 0.06331934459722126 -0.11709452395164069 0.9910995505672643 -3.7927769350629887 17.382825129213415 0.467497503436789 PINHOLE 1280 1024 1024.0877685546875 1023.894775390625 601.8067016601562 508.1316833496094
dataset_8_undistorted/keyframe_2_frame_000130.png 0.9586504670422327 0.2831883907283813 -0.028169974758614137 -0.2772823803821013 0.9517422584648068 0.13153241790512682 0.06405911314294525 -0.1182826117426869 0.9909114187046677 -3.760402027363398 17.578231053154013 0.5469959675298242 PINHOLE 1280 1024 1024.0877685546875 1023.894775390625 601.8067016601562 508.1316833496094
dataset_8_undistorted/keyframe_2_frame_000131.png 0.9577595481906673 0.28621363006111433 -0.027890365779823 -0.2802648949473628 0.9507514119796133 0.13237086783934252 0.0644032492155032 -0.11896282388436878 0.9908070851538483 -3.7288362079023045 17.687482295464406 0.5833204244121362 PINHOLE 1280 1024 1024.0877685546875 1023.894775390625 601.8067016601562 508.1316833496094
dataset_8_undistorted/keyframe_2_frame_000132.png 0.9568325453319819 0.2893267840703549 -0.027595675506703953 -0.2833338993373246 0.9497216354690362 0.1332300587386182 0.06475536400578895 -0.11965993851636082 0.9907008147781584 -3.6836030635665793 17.805144692447357 0.6564346826834253 PINHOLE 1280 1024 1024.0877685546875 1023.894775390625 601.8067016601562 508.1316833496094
dataset_8_undistorted/keyframe_2_frame_000133.png 0.955803025108959 0.2927407595752345 -0.027267681211867244 -0.2867068404641864 0.948590650794207 0.1340690680989893 0.06511348097217985 -0.12032562504262179 0.9905965981327989 -3.633796808244824 17.920047787540852 0.740394281097565 PINHOLE 1280 1024 1024.0877685546875 1023.894775390625 601.8067016601562 508.1316833496094
dataset_8_undistorted/keyframe_2_frame_000135.png 0.9537435979698765 0.29943169664145397 -0.02671873059831621 -0.2933152999638552 0.9463577688485072 0.13554593399692336 0.06587233100027384 -0.12143908574617737 0.9904108122705475 -3.5692172273967344 18.113229704388004 0.8759193782829016 PINHOLE 1280 1024 1024.0877685546875 1023.894775390625 601.8067016601562 508.1316833496094
dataset_8_undistorted/keyframe_2_frame_000140.png 0.9487352915923789 0.31507895217688986 -0.025013569920878945 -0.3088062345377281 0.9408919898124839 0.13913765222291344 0.06737450905455543 -0.12428062894266698 0.9899563086106067 -3.3383302043976073 18.59465447229536 1.3227016795181044 PINHOLE 1280 1024 1024.0877685546875 1023.894775390625 601.8067016601562 508.1316833496094
dataset_8_undistorted/keyframe_2_frame_000141.png 0.9471250101359081 0.31995373404649785 -0.024156260412983285 -0.3136584962518576 0.9390933609828553 0.1404325741205429 0.06761700162070729 -0.12543049552895266 0.9897954629880232 -3.223923710453164 18.767471092475716 1.490679079383085 PINHOLE 1280 1024 1024.0877685546875 1023.894775390625 601.8067016601562 508.1316833496094
dataset_8_undistorted/keyframe_2_frame_000142.png 0.9460387159223593 0.32321417005709574 -0.023303688896788553 -0.3169076217927844 0.9378017590346553 0.14176222501756558 0.06767398908864332 -0.1267274366112017 0.9896264245661488 -3.106937794884516 18.94655830210354 1.6263459080965958 PINHOLE 1280 1024 1024.0877685546875 1023.894775390625 601.8067016601562 508.1316833496094
dataset_8_undistorted/keyframe_2_frame_000144.png 0.944932443378127 0.32667652940159336 -0.01961875559050514 -0.3206496875613661 0.9361580361896261 0.14419105932517318 0.06547021564352708 -0.1299600542123183 0.9893548905168635 -2.6142993342567706 19.27125907572372 1.6570127189015693 PINHOLE 1280 1024 1024.0877685546875 1023.894775390625 601.8067016601562 508.1316833496094
dataset_8_undistorted/keyframe_2_frame_000146.png 0.9438688515540111 0.32995188094589667 -0.015605973079437185 -0.32447263005786514 0.9349743613748933 0.14331831037023138 0.06187940736945309 -0.1302099437395545 0.9895536043125504 -2.078179465409221 19.1545162910204 1.4522677083091367 PINHOLE 1280 1024 1024.0877685546875 1023.894775390625 601.8067016601562 508.1316833496094
dataset_8_undistorted/keyframe_2_frame_000148.png 0.9439580651377748 0.3298491755206707 -0.011932730514503623 -0.3249192283634519 0.9349936958174878 0.14217426662346838 0.05805320290762275 -0.13032943592386823 0.9897696210648922 -1.5903988469685828 19.000246658973992 1.5323446971769954 PINHOLE 1280 1024 1024.0877685546875 1023.894775390625 601.8067016601562 508.1316833496094
dataset_8_undistorted/keyframe_2_frame_000150.png 0.9439645465251012 0.3299461013810969 -0.008121324763284529 -0.3256240367377475 0.935050123633807 0.1401759708456093 0.05384445981498694 -0.1296767538288488 0.9900932665477022 -1.0841487952257012 18.731910031260895 1.756572853020998 PINHOLE 1280 1024 1024.0877685546875 1023.894775390625 601.8067016601562 508.1316833496094
dataset_8_undistorted/keyframe_2_frame_000152.png 0.9431478892294518 0.33234719912559263 -0.004110255965410568 -0.32863723594883376 0.9343268034881864 0.13794982069458478 0.04968773897321944 -0.12875612405458245 0.9904306412177822 -0.5705256035632829 18.469568031265908 1.9990357456977108 PINHOLE 1280 1024 1024.0877685546875 1023.894775390625 601.8067016601562 508.1316833496094
dataset_8_undistorted/keyframe_2_frame_000153.png 0.9428683630873825 0.3331559032394135 -0.002581347297523426 -0.32967837234037356 0.9340890338764828 0.13707560241186947 0.04807882877839294 -0.12839316891419428 0.9905572000429237 -0.3375897106144521 18.32027212958826 2.0795284356888715 PINHOLE 1280 1024 1024.0877685546875 1023.894775390625 601.8067016601562 508.1316833496094
dataset_8_undistorted/keyframe_2_frame_000154.png 0.9439585309875032 0.3300495081335054 -0.003004563644856006 -0.32655332728655234 0.935206269393372 0.13693514524710437 0.04800539627584008 -0.1282801309856982 0.9905754454796144 -0.39420263406350387 18.301453754706586 2.1214751755056795 PINHOLE 1280 1024 1024.0877685546875 1023.894775390625 601.8067016601562 508.1316833496094
dataset_8_undistorted/keyframe_2_frame_000156.png 0.9460935796842058 0.3238104649332529 -0.007325957831948845 -0.31981453060684556 0.9375192721158222 0.1370246303575396 0.05123834758489491 -0.12729508550325325 0.9905404717641489 -0.9684680186007881 18.31487321284294 2.0784250483873166 PINHOLE 1280 1024 1024.0877685546875 1023.894775390625 601.8067016601562 508.1316833496094
dataset_8_undistorted/keyframe_2_frame_000158.png 0.9488623678732412 0.3154398168586202 -0.012558484356247672 -0.3109003875342836 0.9406312604255512 0.13621021635880004 0.05477916458359459 -0.12534029112256986 0.9906004189377449 -1.6678623998244575 18.2060273772031 2.0827422193896155 PINHOLE 1280 1024 1024.0877685546875 1023.894775390625 601.8067016601562 508.1316833496094
dataset_8_undistorted/keyframe_2_frame_000162.png 0.9536999452763422 0.3000028114076052 -0.02131187409973477 -0.29468479504465744 0.9462587943789059 0.13324412305148553 0.06014030831796586 -0.12079456344706511 0.9908536050151042 -2.84377833125518 17.80699813287947 2.1564150497149512 PINHOLE 1280 1024 1024.0877685546875 1023.894775390625 601.8067016601562 508.1316833496094
dataset_8_undistorted/keyframe_2_frame_000164.png 0.9565859205370894 0.29028737121623743 -0.02601235798592519 -0.2846285594970536 0.949665064747166 0.1308527950912357 0.06268808078193595 -0.11776798446577025 0.9910604866641762 -3.4719635438327714 17.487470859136465 2.2288080980912355 PINHOLE 1280 1024 1024.0877685546875 1023.894775390625 601.8067016601562 508.1316833496094
dataset_8_undistorted/keyframe_2_frame_000165.png 0.9578399835384048 0.2859005003756258 -0.02834241880034279 -0.2800828089340664 0.9511932456463947 0.12955465589599077 0.06399899195592776 -0.1161544015017718 0.9911671028453262 -3.7833910486724562 17.313963852712504 2.2543923558271217 PINHOLE 1280 1024 1024.0877685546875 1023.894775390625 601.8067016601562 508.1316833496094
dataset_8_undistorted/keyframe_2_frame_000166.png 0.9588868415075467 0.2821380164186903 -0.030556173762031843 -0.27617371320044404 0.9525085618239926 0.12827483538657417 0.06529636135589477 -0.114562244229967 0.9912673654934414 -4.082158554203829 17.141575529654574 2.264373636498931 PINHOLE 1280 1024 1024.0877685546875 1023.894775390625 601.8067016601562 508.1316833496094
dataset_8_undistorted/keyframe_2_frame_000168.png 0.9605453266145746 0.27590087197968866 -0.03509941290701289 -0.2696595522856886 0.9547636406984907 0.12534132227005937 0.06809347512685543 -0.1109310681985811 0.9914927145871276 -4.683577407061648 16.75225987336148 2.330923047267788 PINHOLE 1280 1024 1024.0877685546875 1023.894775390625 601.8067016601562 508.1316833496094
dataset_8_undistorted/keyframe_2_frame_000169.png 0.9611506337558938 0.2735342439831419 -0.036995376991623106 -0.26718698900689436 0.9556261222404819 0.12405418225933189 0.06928689026915537 -0.10935012127211671 0.9915853250976553 -4.942567179639013 16.577558680995935 2.334432161384939 PINHOLE 1280 1024 1024.0877685546875 1023.894775390625 601.8067016601562 508.1316833496094
dataset_8_undistorted/keyframe_2_frame_000170.png 0.9617914519311925 0.27099621829815024 -0.0389677671088344 -0.264552785839037 0.9565493465703033 0.12257635512803831 0.07049244155361951 -0.10758377181823969 0.9916936809690003 -5.200532832590852 16.38284521799278 2.360270601517527 PINHOLE 1280 1024 1024.0877685546875 1023.894775390625 601.8067016601562 508.1316833496094
dataset_8_undistorted/keyframe_2_frame_000172.png 0.9635152148422759 0.26409902588075085 -0.04347957542634916 -0.25748212667541137 0.9589440323954193 0.11886536768907814 0.07308681370932774 -0.10333322026846722 0.9919575664007363 -5.806330565371354 15.88553321909717 2.1910026154637308 PINHOLE 1280 1024 1024.0877685546875 1023.894775390625 601.8067016601562 508.1316833496094
dataset_8_undistorted/keyframe_2_frame_000173.png 0.9646329096027568 0.2596064106441123 -0.04569119059365066 -0.2529216509746358 0.9603857070795069 0.11700022767536458 0.07425522137131639 -0.10130598565218245 0.992079936727579 -6.099143125259957 15.637582191003048 2.049771973499219 PINHOLE 1280 1024 1024.0877685546875 1023.894775390625 601.8067016601562 508.1316833496094
dataset_8_undistorted/keyframe_2_frame_000175.png 0.9663172889955849 0.25242643111431146 -0.050113866597336486 -0.24564279251474225 0.9627624997470793 0.11290249626729199 0.07674749462132296 -0.0967892851606908 0.9923409233705696 -6.690103076959531 15.090148808282947 1.7689219590305356 PINHOLE 1280 1024 1024.0877685546875 1023.894775390625 601.8067016601562 508.1316833496094
dataset_8_undistorted/keyframe_2_frame_000177.png 0.9665880233073362 0.2505907338094873 -0.0539539408232587 -0.24370674674381715 0.9636339382242423 0.10961223819433763 0.07945972522042051 -0.0928011083067361 0.9925081329766509 -7.203358795081385 14.650362256728613 1.6308253123982013 PINHOLE 1280 1024 1024.0877685546875 1023.894775390625 601.8067016601562 508.1316833496094
dataset_8_undistorted/keyframe_2_frame_000178.png 0.9662008583479262 0.25174022796058665 -0.05552448965755549 -0.2448114028013758 0.9635005668194582 0.10832263814937561 0.08076713272524345 -0.09106840716575929 0.9925639033557925 -7.413331503893346 14.477903429150729 1.6275481640612952 PINHOLE 1280 1024 1024.0877685546875 1023.894775390625 601.8067016601562 508.1316833496094
dataset_8_undistorted/keyframe_2_frame_000179.png 0.9649662559568453 0.2561592185003128 -0.05676542565082315 -0.24918614550245938 0.9624879380665439 0.10734407662956848 0.0821333723215063 -0.08943835885667242 0.9926001429276411 -7.581903079840913 14.345714487364376 1.6335744863253012 PINHOLE 1280 1024 1024.0877685546875 1023.894775390625 601.8067016601562 508.1316833496094
dataset_8_undistorted/keyframe_2_frame_000180.png 0.9640902421976015 0.25933218285820275 -0.057245677698564486 -0.2523410902326704 0.9617094562680416 0.1069516291825421 0.08278976274473387 -0.08866560306821007 0.9926146201458375 -7.643358255676844 14.294589241930453 1.6659802689209755 PINHOLE 1280 1024 1024.0877685546875 1023.894775390625 601.8067016601562 508.1316833496094
dataset_8_undistorted/keyframe_2_frame_000181.png 0.9632320019747367 0.2624049661619147 -0.05768464431759326 -0.25539615780174524 0.960940553208651 0.10660821120882794 0.08340616268276209 -0.08795612391162658 0.9926263201934897 -7.707320130390713 14.246159895266146 1.6858632578550896 PINHOLE 1280 1024 1024.0877685546875 1023.894775390625 601.8067016601562 508.1316833496094
dataset_8_undistorted/keyframe_2_frame_000182.png 0.9623136317708529 0.2656562448669502 -0.05813460910304771 -0.2586310768263569 0.9601162287761225 0.10623936352926093 0.08403929418346186 -0.08719997310962006 0.9926398492327307 -7.759488903107126 14.200598705944003 1.7562675571747377 PINHOLE 1280 1024 1024.0877685546875 1023.894775390625 601.8067016601562 508.1316833496094
dataset_8_undistorted/keyframe_2_frame_000183.png 0.9615036335279867 0.2684875584106171 -0.05852745704899487 -0.2614473524901121 0.9593856613410988 0.105943293101689 0.0845949872841026 -0.08656285280563361 0.9926478098174164 -7.809200784676818 14.162317589937402 1.8065528242668734 PINHOLE 1280 1024 1024.0877685546875 1023.894775390625 601.8067016601562 508.1316833496094
dataset_8_undistorted/keyframe_2_frame_000186.png 0.9587413624092055 0.2778949006739627 -0.059913537990221075 -0.27079053769888206 0.956886652380695 0.10507267890110705 0.0865297325382829 -0.08451349175891494 0.992658270705685 -8.005201492149126 14.04085844562519 1.9763626831953616 PINHOLE 1280 1024 1024.0877685546875 1023.894775390625 601.8067016601562 508.1316833496094
dataset_8_undistorted/keyframe_2_frame_000187.png 0.9575403516836264 0.2819175501780348 -0.060322928279929654 -0.2747825517596992 0.9557608499573821 0.10495118076445292 0.08724197619049416 -0.08391928973340532 0.992645378326337 -8.051776413285666 14.028371198855666 2.097606331562929 PINHOLE 1280 1024 1024.0877685546875 1023.894775390625 601.8067016601562 508.1316833496094
dataset_8_undistorted/keyframe_2_frame_000188.png 0.9562968235019808 0.28602377505435844 -0.06071690532074215 -0.27884986283186114 0.9545853463238445 0.10492333514846201 0.08797019612185228 -0.08340691054686694 0.9926250599951951 -8.10987443148224 14.02211334982212 2.198967411145418 PINHOLE 1280 1024 1024.0877685546875 1023.894775390625 601.8067016601562 508.1316833496094
dataset_8_undistorted/keyframe_2_frame_000189.png 0.9541903139852438 0.2928781485821994 -0.06118069556152921 -0.28563515799101924 0.9525537751673179 0.10513326457349856 0.08906926972907733 -0.0828416737408957 0.9925738446498658 -8.166432332805016 14.052543886647982 2.431579758517273 PINHOLE 1280 1024 1024.0877685546875 1023.894775390625 601.8067016601562 508.1316833496094
dataset_8_undistorted/keyframe_2_frame_000190.png 0.9505699603873315 0.30434388962023073 -0.06157157472812488 -0.29698779892017607 0.949001040122512 0.1058037943285842 0.0906324861628131 -0.08228786249879592 0.9924791207342808 -8.226737008178361 14.138482022391827 2.820875363932487 PINHOLE 1280 1024 1024.0877685546875 1023.894775390625 601.8067016601562 508.1316833496094
dataset_8_undistorted/keyframe_2_frame_000192.png 0.9464326279883144 0.31689738430945485 -0.06197662081009268 -0.309420908557888 0.9449388729027304 0.10652920354676235 0.09232307870760478 -0.0816458740970815 0.992376123868238 -8.28078017000962 14.235563019246001 3.302408081939916 PINHOLE 1280 1024 1024.0877685546875 1023.894775390625 601.8067016601562 508.1316833496094
dataset_8_undistorted/keyframe_2_frame_000193.png 0.9444669586797722 0.3226515136870939 -0.06227161119711202 -0.31511014292996203 0.9430182695451934 0.10686986694343853 0.09320517911952418 -0.08131263961733134 0.9923208801188104 -8.314927452453958 14.283191497886037 3.591808171065054 PINHOLE 1280 1024 1024.0877685546875 1023.894775390625 601.8067016601562 508.1316833496094
dataset_8_undistorted/keyframe_2_frame_000195.png 0.9407062713597839 0.33332497523428184 -0.06297412193239932 -0.3256592929814055 0.9393658050252428 0.10741007681009604 0.09495835944312425 -0.08053330036823557 0.9922182567210248 -8.411512255960247 14.354121562811542 4.132186921360926 PINHOLE 1280 1024 1024.0877685546875 1023.894775390625 601.8067016601562 508.1316833496094
dataset_8_undistorted/keyframe_2_frame_000197.png 0.9376676281784772 0.3415833457842393 -0.06402941883150051 -0.33379859738143525 0.9364771787161091 0.10764726305487711 0.09673281920944943 -0.0795643847715527 0.992125153077095 -8.552515484337732 14.385844842108895 4.711951314570001 PINHOLE 1280 1024 1024.0877685546875 1023.894775390625 601.8067016601562 508.1316833496094
dataset_8_undistorted/keyframe_2_frame_000198.png 0.9363898179973412 0.3449512674720389 -0.0646714764645802 -0.3371139181782031 0.9352912464605313 0.10762571708200494 0.09761247691691716 -0.07897785869542859 0.9920852720149212 -8.63815850607682 14.383047525071447 5.008931176196597 PINHOLE 1280 1024 1024.0877685546875 1023.894775390625 601.8067016601562 508.1316833496094
dataset_8_undistorted/keyframe_2_frame_000201.png 0.9331910426254546 0.3531177332277787 -0.06680268735120923 -0.3451392853013081 0.9324007963041553 0.10727185077843326 0.10016656585071147 -0.07704898914463795 0.9919829360523785 -8.925706315331809 14.33460552305337 5.9087277381079275 PINHOLE 1280 1024 1024.0877685546875 1023.894775390625 601.8067016601562 508.1316833496094
dataset_8_undistorted/keyframe_2_frame_000202.png 0.9321718178243368 0.3556649989208669 -0.06751681641558796 -0.3476419496421025 0.9314846259635937 0.10714970134007709 0.1010004286757532 -0.07641004788504727 0.991947566599537 -9.015904449700429 14.320279671887874 6.222620862718031 PINHOLE 1280 1024 1024.0877685546875 1023.894775390625 601.8067016601562 508.1316833496094
dataset_8_undistorted/keyframe_2_frame_000207.png 0.9265461212823323 0.369364738447152 -0.07128670275178639 -0.3610905414302474 0.9263970424577875 0.1067769497840293 0.1054795653847808 -0.07319272911442863 0.9917235987747722 -9.519804853284768 14.270281481523853 7.7241297440216385 PINHOLE 1280 1024 1024.0877685546875 1023.894775390625 601.8067016601562 508.1316833496094
dataset_8_undistorted/keyframe_2_frame_000208.png 0.9250488108243462 0.3729575376828244 -0.07202607138053035 -0.3646188332628053 0.9250044997677975 0.10686205070004458 0.10647962651023504 -0.07259040469087741 0.9916617321254877 -9.62122600170369 14.280626677158807 8.003203516981785 PINHOLE 1280 1024 1024.0877685546875 1023.894775390625 601.8067016601562 508.1316833496094
dataset_8_undistorted/keyframe_2_frame_000209.png 0.9234774863813101 0.3766953553097534 -0.07272744708210081 -0.3682813115104556 0.9235251754976059 0.10709295316662264 0.10750722668286643 -0.07211379304452321 0.9915848755935086 -9.717389478472796 14.31072309351407 8.25743311737051 PINHOLE 1280 1024 1024.0877685546875 1023.894775390625 601.8067016601562 508.1316833496094
dataset_8_undistorted/keyframe_2_frame_000216.png 0.9100432488450995 0.40733065978594113 -0.07682754173877705 -0.39825852785651256 0.9106015546008105 0.11042557524825265 0.11493923274237831 -0.06989475035490811 0.9909099717353769 -10.255000237335253 14.759314348048406 9.661186869487892 PINHOLE 1280 1024 1024.0877685546875 1023.894775390625 601.8067016601562 508.1316833496094
dataset_8_undistorted/keyframe_2_frame_000218.png 0.9065465964162546 0.41489361838048705 -0.07769603959162835 -0.4056512119588734 0.9072137048876471 0.11139864702913435 0.11670570225115415 -0.06947049679622976 0.9907338447459222 -10.376423555267365 14.887425291817635 9.879947998981379 PINHOLE 1280 1024 1024.0877685546875 1023.894775390625 601.8067016601562 508.1316833496094
dataset_8_undistorted/keyframe_2_frame_000222.png 0.9001607218517766 0.4283372146746797 -0.07897867313580989 -0.4188786909544303 0.9010376414988668 0.11256475497615367 0.11937856112086057 -0.06824390088915847 0.9905001299639374 -10.550103624313465 15.042574808391691 10.300796380381712 PINHOLE 1280 1024 1024.0877685546875 1023.894775390625 601.8067016601562 508.1316833496094
dataset_8_undistorted/keyframe_2_frame_000224.png 0.8963509088653618 0.4362028568497394 -0.07926320792001806 -0.42669189562635246 0.8973225049593362 0.11289857167046244 0.12037145384521133 -0.06737580504710541 0.9904399484545381 -10.588298488308851 15.087036882103689 10.53108929047005 PINHOLE 1280 1024 1024.0877685546875 1023.894775390625 601.8067016601562 508.1316833496094
dataset_8_undistorted/keyframe_2_frame_000225.png 0.8942849789987432 0.44041158983981993 -0.07932418693677426 -0.43088547000292543 0.8952991972952139 0.11303391806905327 0.12080047571339493 -0.06690470046695178 0.9904190338517175 -10.59123756662268 15.106714128471594 10.683308190824505 PINHOLE 1280 1024 1024.0877685546875 1023.894775390625 601.8067016601562 508.1316833496094
dataset_8_undistorted/keyframe_2_frame_000226.png 0.8919783334572569 0.44507584466392447 -0.07926389170077532 -0.43554087885842413 0.8930254839498843 0.11317905072644042 0.1211580451576864 -0.06643057410305328 0.990407888762286 -10.588438408092316 15.124381959558832 10.809871665353171 PINHOLE 1280 1024 1024.0877685546875 1023.894775390625 601.8067016601562 508.1316833496094
dataset_8_undistorted/keyframe_2_frame_000227.png 0.8894893449904153 0.45005877566150015 -0.07909542582423994 -0.4405197685467231 0.8905578166909711 0.11335174236878395 0.12145418919520422 -0.06598200381281302 0.9904015315233823 -10.565913939948473 15.147464764944743 10.95532520337008 PINHOLE 1280 1024 1024.0877685546875 1023.894775390625 601.8067016601562 508.1316833496094
dataset_8_undistorted/keyframe_2_frame_000228.png 0.8869150825810724 0.45515406956684873 -0.07884681594888301 -0.44561705770765137 0.8879963317292336 0.11352402940283797 0.12168669896616187 -0.06555052572245458 0.9904011848788695 -10.532459507290014 15.170645543810338 11.097283308998726 PINHOLE 1280 1024 1024.0877685546875 1023.894775390625 601.8067016601562 508.1316833496094
dataset_8_undistorted/keyframe_2_frame_000229.png 0.8831451725659842 0.46248929963638913 -0.07847766104114007 -0.45296223000348534 0.88424808353181 0.11371120097298536 0.12198408393157381 -0.06487591146137195 0.9904095321917947 -10.480929288126845 15.196072580473924 11.347617424978353 PINHOLE 1280 1024 1024.0877685546875 1023.894775390625 601.8067016601562 508.1316833496094
dataset_8_undistorted/keyframe_2_frame_000230.png 0.8817673944832239 0.46513332374083766 -0.07834246854254126 -0.45561038739228193 0.8828781257295479 0.11377487100552632 0.12208754643170341 -0.06462917976788732 0.9904129439192787 -10.465412496535805 15.20387766141289 11.425348001205066 PINHOLE 1280 1024 1024.0877685546875 1023.894775390625 601.8067016601562 508.1316833496094
dataset_8_undistorted/keyframe_2_frame_000231.png 0.8793567833077073 0.46970759906740944 -0.07814265243587486 -0.4601959995456155 0.8804879674403969 0.1138410358234774 0.12227575939269045 -0.06414588662446288 0.9904204239940793 -10.435876834431497 15.213573551464947 11.593847908882026 PINHOLE 1280 1024 1024.0877685546875 1023.894775390625 601.8067016601562 508.1316833496094
dataset_8_undistorted/keyframe_2_frame_000232.png 0.8770972460942867 0.47394583357573494 -0.07795379905009527 -0.4644490735754686 0.8782500772490713 0.11385944023645025 0.12242621280881139 -0.06366016587586948 0.9904338260306798 -10.410833505959772 15.215837449409719 11.748678953950161 PINHOLE 1280 1024 1024.0877685546875 1023.894775390625 601.8067016601562 508.1316833496094
dataset_8_undistorted/keyframe_2_frame_000234.png 0.8695134440413007 0.4879022381254534 -0.07679276680339832 -0.4784762130802028 0.870663168890048 0.11403930294165503 0.12250083307004365 -0.06241526455503161 0.9905032114803225 -10.253096076234897 15.24038983893604 12.329315395552953 PINHOLE 1280 1024 1024.0877685546875 1023.894775390625 601.8067016601562 508.1316833496094
dataset_8_undistorted/keyframe_2_frame_000237.png 0.8635786204165886 0.4984719700809773 -0.07588195244874153 -0.48912940410109096 0.8647371779976285 0.11393724896733955 0.12241260174178849 -0.061277474949427785 0.9905854238243504 -10.133916614416194 15.226108534749528 12.779789847561233 PINHOLE 1280 1024 1024.0877685546875 1023.894775390625 601.8067016601562 508.1316833496094
dataset_8_undistorted/keyframe_2_frame_000240.png 0.8572252286061132 0.5095133805548974 -0.07457195823884216 -0.5002761680831858 0.858347420626137 0.11385348788499354 0.12201873653099642 -0.06029137746250893 0.9906947112227535 -9.961457283026903 15.214274581019254 13.266486375701788 PINHOLE 1280 1024 1024.0877685546875 1023.894775390625 601.8067016601562 508.1316833496094
dataset_8_undistorted/keyframe_2_frame_000241.png 0.8551192387538709 0.513117498753474 -0.07404197678783565 -0.5039225367480525 0.8562182633772177 0.11380713951682837 0.12179255379890899 -0.060007483933743236 0.990740007995223 -9.88823569357919 15.208450121301667 13.43752089614577 PINHOLE 1280 1024 1024.0877685546875 1023.894775390625 601.8067016601562 508.1316833496094
dataset_8_undistorted/keyframe_2_frame_000242.png 0.8529143946909039 0.5168574614820572 -0.07345752397883966 -0.5077086334505778 0.8539851258522922 0.11375843549261085 0.12152873464873785 -0.05973104495814547 0.9907891623541318 -9.812546132498937 15.20153692847066 13.599360566072505 PINHOLE 1280 1024 1024.0877685546875 1023.894775390625 601.8067016601562 508.1316833496094
dataset_8_undistorted/keyframe_2_frame_000243.png 0.8506140711436253 0.5207166053124643 -0.07286986051567898 -0.5116178028031733 0.851659289967128 0.11367984195106949 0.12125540782009168 -0.05941628494638128 0.9908413211778224 -9.731567622679222 15.191380237364342 13.790332449381253 PINHOLE 1280 1024 1024.0877685546875 1023.894775390625 601.8067016601562 508.1316833496094
dataset_8_undistorted/keyframe_2_frame_000246.png 0.8437862685271191 0.5319675859081825 -0.0709596687402249 -0.5230317712307803 0.8447368080447475 0.11338991011689802 0.1202620831827636 -0.05856268986599058 0.99101276032322 -9.478633372864806 15.152273528249566 14.293026225471294 PINHOLE 1280 1024 1024.0877685546875 1023.894775390625 601.8067016601562 508.1316833496094
dataset_8_undistorted/keyframe_2_frame_000247.png 0.8415499051992025 0.5355875397110368 -0.07028068168784961 -0.5267005533698063 0.8424592853689089 0.11334968436957002 0.11991742198464624 -0.05837261113531104 0.9910657929629441 -9.385399461528323 15.147262885889745 14.475246756331217 PINHOLE 1280 1024 1024.0877685546875 1023.894775390625 601.8067016601562 508.1316833496094
dataset_8_undistorted/keyframe_2_frame_000253.png 0.8306574340674404 0.5527845892202083 -0.06660316527422236 -0.5441533139435473 0.8313195928064325 0.11315091941447686 0.11791679906333333 -0.05774749199855901 0.9913423192779451 -8.89909207314372 15.119905576910583 15.209027371627712 PINHOLE 1280 1024 1024.0877685546875 1023.894775390625 601.8067016601562 508.1316833496094
dataset_8_undistorted/keyframe_2_frame_000256.png 0.8245043337581688 0.5622541077333268 -0.06374259053592604 -0.5537652941356656 0.8249134937600368 0.11340555556440017 0.11634505703791362 -0.05820493168210216 0.9915020433497344 -8.511814900834679 15.154445863089336 15.529701886051157 PINHOLE 1280 1024 1024.0877685546875 1023.894775390625 601.8067016601562 508.1316833496094
dataset_8_undistorted/keyframe_2_frame_000258.png 0.8210231843622724 0.5677532225816849 -0.05980592803443512 -0.5594468015863215 0.8210060009273141 0.11387467330872635 0.11375393969315133 -0.06003546326394308 0.9916929997100177 -7.985627669437008 15.21717519834965 15.635137822207867 PINHOLE 1280 1024 1024.0877685546875 1023.894775390625 601.8067016601562 508.1316833496094
dataset_8_undistorted/keyframe_2_frame_000259.png 0.8203881629545071 0.5689099513426207 -0.05748857052978874 -0.5607177154627246 0.8201057697616814 0.11411200551138444 0.11206638689652003 -0.06138119198353726 0.9918032176471961 -7.681238627879793 15.24824022353505 15.54651974012188 PINHOLE 1280 1024 1024.0877685546875 1023.894775390625 601.8067016601562 508.1316833496094
dataset_8_undistorted/keyframe_2_frame_000260.png 0.8205526131288623 0.568929835634641 -0.054882327135688413 -0.5608522183671218 0.8199524003682863 0.11455152688731213 0.1101728531308693 -0.06321458905878044 0.9918997840936474 -7.3276559975142845 15.307585752685327 15.357297679776252 PINHOLE 1280 1024 1024.0877685546875 1023.894775390625 601.8067016601562 508.1316833496094
dataset_8_undistorted/keyframe_2_frame_000261.png 0.8209533468027223 0.5685239987202503 -0.053062209449169805 -0.5605179432075188 0.8201220422433138 0.11497322468722809 0.10888268716232688 -0.0646450989221438 0.9919496951607661 -7.084259094920981 15.364009701613327 15.144595460675646 PINHOLE 1280 1024 1024.0877685546875 1023.894775390625 601.8067016601562 508.1316833496094
dataset_8_undistorted/keyframe_2_frame_000263.png 0.8234353287806747 0.565341887549627 -0.04839572774132169 -0.5574487093126685 0.8219434098180988 0.11687024173924179 0.10585037024658332 -0.06925708546716412 0.9919671117066832 -6.457881032830528 15.617875825070996 14.513977690410115 PINHOLE 1280 1024 1024.0877685546875 1023.894775390625 601.8067016601562 508.1316833496094
dataset_8_undistorted/keyframe_2_frame_000264.png 0.8249143089977856 0.5633742423261491 -0.046107150019834904 -0.5555089529259097 0.823069407352628 0.11817653155502385 0.10452713468480934 -0.07187258852082654 0.9919215338653402 -6.15486091463481 15.792084621974368 14.122422672853304 PINHOLE 1280 1024 1024.0877685546875 1023.894775390625 601.8067016601562 508.1316833496094
dataset_8_undistorted/keyframe_2_frame_000267.png 0.8270544353742999 0.5605403442262316 -0.042131058015736245 -0.5527016873444653 0.8245711257667415 0.12083994434698266 0.10247590057350392 -0.07665530177007497 0.991777471968852 -5.628989209300471 16.147369483274815 13.474951826428196 PINHOLE 1280 1024 1024.0877685546875 1023.894775390625 601.8067016601562 508.1316833496094
dataset_8_undistorted/keyframe_2_frame_000268.png 0.8278644340376845 0.5594479518935561 -0.040715414947426955 -0.5516165551525793 0.8251447191081929 0.1218784195850829 0.10178092267041158 -0.07843949975568573 0.9917090055185301 -5.431233667744664 16.2873857400848 13.266084902223838 PINHOLE 1280 1024 1024.0877685546875 1023.894775390625 601.8067016601562 508.1316833496094
dataset_8_undistorted/keyframe_2_frame_000269.png 0.8288960766499012 0.5580146424434097 -0.039378332132115564 -0.5501835111636773 0.8259404548722056 0.12296150623950645 0.10113858398895738 -0.08025704117406678 0.9916295663820981 -5.255378674344911 16.431785421636278 13.018280688136997 PINHOLE 1280 1024 1024.0877685546875 1023.894775390625 601.8067016601562 508.1316833496094
dataset_8_undistorted/keyframe_2_frame_000270.png 0.8303262739995674 0.5559735828164188 -0.038098551727730856 -0.5481374341954748 0.8271279410258976 0.12411147234652527 0.10051523835703396 -0.082169841092679 0.9915364399809694 -5.087187425844149 16.58506306246386 12.74231413269274 PINHOLE 1280 1024 1024.0877685546875 1023.894775390625 601.8067016601562 508.1316833496094
dataset_8_undistorted/keyframe_2_frame_000275.png 0.8377639014147935 0.5451063180227246 -0.031804565039776356 -0.5372506331772507 0.8332943228381109 0.13031633580523627 0.09753899378065956 -0.09208704941247328 0.9909621935658068 -4.261075366336627 17.453408365872974 11.346891422815588 PINHOLE 1280 1024 1024.0877685546875 1023.894775390625 601.8067016601562 508.1316833496094
dataset_8_undistorted/keyframe_2_frame_000276.png 0.8393083607850534 0.5427852083487111 -0.030757121199883893 -0.534927983116638 0.8346081783742753 0.1314559978930511 0.09702264981048063 -0.09387934442640967 0.9908448101108573 -4.097453205219608 17.56812459233879 11.047330004389778 PINHOLE 1280 1024 1024.0877685546875 1023.894775390625 601.8067016601562 508.1316833496094
dataset_8_undistorted/keyframe_2_frame_000277.png 0.8407257597714944 0.5406469682382418 -0.02968979742281186 -0.5327877483259301 0.8357882750777915 0.13264616093265771 0.09652925643910712 -0.09570051173573857 0.9907183914792996 -3.954609817998744 17.727400710434154 10.75772836717465 PINHOLE 1280 1024 1024.0877685546875 1023.894775390625 601.8067016601562 508.1316833496094
dataset_8_undistorted/keyframe_2_frame_000279.png 0.843284845607091 0.53676405755787 -0.027479629009987176 -0.5289115922736657 0.8378622840864756 0.13505065874194533 0.09551458776233411 -0.09935197451844233 0.9904574194614008 -3.6709240403993135 18.046470416272996 10.165963850322214 PINHOLE 1280 1024 1024.0877685546875 1023.894775390625 601.8067016601562 508.1316833496094
dataset_8_undistorted/keyframe_2_frame_000281.png 0.8450951077558568 0.5340107985117191 -0.025444297930313088 -0.526180109137394 0.839238209187019 0.13716283519262265 0.09460035214743226 -0.10252723410834193 0.9902215784986116 -3.3988722449885245 18.32881798987944 9.684170455847152 PINHOLE 1280 1024 1024.0877685546875 1023.894775390625 601.8067016601562 508.1316833496094
dataset_8_undistorted/keyframe_2_frame_000283.png 0.8465825261847127 0.5317321775173506 -0.023629114876405725 -0.5239358966561468 0.8403449865892264 0.13896151197191992 0.0937470649271374 -0.10526242587704641 0.9900157289472242 -3.156285977107018 18.569152498637322 9.257170901850259 PINHOLE 1280 1024 1024.0877685546875 1023.894775390625 601.8067016601562 508.1316833496094
dataset_8_undistorted/keyframe_2_frame_000284.png 0.848515996019895 0.5287084460991727 -0.02207755943138758 -0.5209470246132882 0.8419298018179758 0.14059680656300907 0.09292259586107539 -0.10779725344459706 0.9898200775263365 -2.945933713724571 18.788386348415997 8.925077395351195 PINHOLE 1280 1024 1024.0877685546875 1023.894775390625 601.8067016601562 508.1316833496094
dataset_8_undistorted/keyframe_2_frame_000286.png 0.8535913958354411 0.5205441481999284 -0.02038373652539585 -0.5128081854056074 0.8465061983123539 0.14301874426480987 0.09170263624654934 -0.11162660098539497 0.9895096836688639 -2.719603887833955 19.112006070035022 8.49395024285127 PINHOLE 1280 1024 1024.0877685546875 1023.894775390625 601.8067016601562 508.1316833496094
dataset_8_undistorted/keyframe_2_frame_000288.png 0.8586758727763311 0.5121259572230841 -0.020093523106991928 -0.5043288519462849 0.8512844836801834 0.1448004930862348 0.09126146466533941 -0.11420282572962678 0.9892570627773528 -2.683842916201911 19.349407179524974 8.383598487623999 PINHOLE 1280 1024 1024.0877685546875 1023.894775390625 601.8067016601562 508.1316833496094
dataset_8_undistorted/keyframe_2_frame_000289.png 0.8601876531103131 0.5095696670801166 -0.0203798527762234 -0.5016863718663046 0.8527033574251335 0.14562547817929292 0.0915843726382292 -0.11504096099021814 0.9891292196079321 -2.7129904749979232 19.462037665748994 8.437691803389612 PINHOLE 1280 1024 1024.0877685546875 1023.894775390625 601.8067016601562 508.1316833496094
dataset_8_undistorted/keyframe_2_frame_000293.png 0.8613707839607411 0.5073574384479347 -0.02507114510356494 -0.49873188774065547 0.8540366677950566 0.14794296565064097 0.09647179747323445 -0.11492982518411046 0.9886775483299419 -3.3459708434816093 19.770140129967558 9.212539737906127 PINHOLE 1280 1024 1024.0877685546875 1023.894775390625 601.8067016601562 508.1316833496094
dataset_8_undistorted/keyframe_2_frame_000297.png 0.860659890639804 0.5083464390174596 -0.029121688489798007 -0.4994989466370952 0.854013601866039 0.14546705139191318 0.09881805720845499 -0.1106515106433755 0.9889339117902721 -3.884401704356378 19.439973863341606 10.198287983785463 PINHOLE 1280 1024 1024.0877685546875 1023.894775390625 601.8067016601562 508.1316833496094
dataset_8_undistorted/keyframe_2_frame_000298.png 0.8607782967080021 0.508084513218565 -0.030182781057228627 -0.49924532206320293 0.8543712366304446 0.14423334161009072 0.09907022925150963 -0.10908416575093009 0.9890831348570195 -4.023255122388264 19.275859715973297 10.447758307545314 PINHOLE 1280 1024 1024.0877685546875 1023.894775390625 601.8067016601562 508.1316833496094
dataset_8_undistorted/keyframe_2_frame_000300.png 0.8640649847305552 0.5023409852367097 -0.03232982453898235 -0.4935398814630362 0.8580615945249744 0.1419434002997608 0.09904510865470302 -0.10669230624184908 0.9893464365711006 -4.3160243527688635 18.968399004641014 10.99928737420953 PINHOLE 1280 1024 1024.0877685546875 1023.894775390625 601.8067016601562 508.1316833496094
dataset_8_undistorted/keyframe_2_frame_000301.png 0.8652822490136882 0.5002147711972045 -0.03272915747877878 -0.4914655556577888 0.8593821857005137 0.14114823242701008 0.09873140244397735 -0.1060479780005013 0.9894466974550782 -4.372237695634567 18.861390955705133 11.250538025846026 PINHOLE 1280 1024 1024.0877685546875 1023.894775390625 601.8067016601562 508.1316833496094
dataset_8_undistorted/keyframe_2_frame_000302.png 0.8656903296699429 0.49951531606562033 -0.03263782984893843 -0.49086894640894274 0.8598701158374092 0.14025174810255653 0.09812225127378585 -0.10539379925146819 0.9895778209139364 -4.357327143344264 18.74222420270155 11.51039506261941 PINHOLE 1280 1024 1024.0877685546875 1023.894775390625 601.8067016601562 508.1316833496094
dataset_8_undistorted/keyframe_2_frame_000303.png 0.8658511205633757 0.49927383749580356 -0.03206479784315881 -0.49078853918589177 0.8600791314305356 0.13924906225130781 0.09710181890156115 -0.10483183016616593 0.9897382073791049 -4.277798747398492 18.609017255763547 11.776015198820687 PINHOLE 1280 1024 1024.0877685546875 1023.894775390625 601.8067016601562 508.1316833496094
dataset_8_undistorted/keyframe_2_frame_000304.png 0.866035058013327 0.4990139404631484 -0.031121456723825464 -0.4907489147165331 0.8602990896520004 0.13802376771264 0.09564968844423068 -0.10426054200814991 0.9899397371799669 -4.154643358869862 18.444595645128288 12.045356808071233 PINHOLE 1280 1024 1024.0877685546875 1023.894775390625 601.8067016601562 508.1316833496094
dataset_8_undistorted/keyframe_2_frame_000305.png 0.8662762493384107 0.49867172811324006 -0.02987026633946055 -0.49068855555792795 0.8605822983072408 0.1364644151229642 0.09375689045422451 -0.10355879859968953 0.9901943059452685 -3.9845766180678766 18.236914120594406 12.342534604957336 PINHOLE 1280 1024 1024.0877685546875 1023.894775390625 601.8067016601562 508.1316833496094
dataset_8_undistorted/keyframe_2_frame_000306.png 0.866772615766307 0.4978932283486309 -0.028425245404965754 -0.49023613381878417 0.8611286514418525 0.13463207624970994 0.09151027119467295 -0.10276021341862059 0.9904874680585176 -3.797275930493697 17.990663394132866 12.588308817136522 PINHOLE 1280 1024 1024.0877685546875 1023.894775390625 601.8067016601562 508.1316833496094
dataset_8_undistorted/keyframe_2_frame_000308.png 0.8678516485929143 0.49623064286631635 -0.024243516603039344 -0.489447044790823 0.8623256003961165 0.12974917167931344 0.08529142218740049 -0.10073722204372648 0.9912494746965697 -3.235491758733133 17.3389338122588 13.22790772842734 PINHOLE 1280 1024 1024.0877685546875 1023.894775390625 601.8067016601562 508.1316833496094
dataset_8_undistorted/keyframe_2_frame_000309.png 0.8680842465701932 0.4958994387267857 -0.022659166470043547 -0.48942821535424086 0.8626024683718682 0.12797125325402636 0.08300685666804972 -0.09999950195604423 0.9915182561842973 -3.03758808851876 17.140221638025764 13.445346269873767 PINHOLE 1280 1024 1024.0877685546875 1023.894775390625 601.8067016601562 508.1316833496094
dataset_8_undistorted/keyframe_2_frame_000313.png 0.8694662398770233 0.4938471854115773 -0.011972814668252256 -0.48924924083215 0.8642151100780536 0.11733218996947466 0.06829139402627744 -0.09615853245583574 0.9930201758356487 -1.595866606411846 15.67957832823356 13.771622965956567 PINHOLE 1280 1024 1024.0877685546875 1023.894775390625 601.8067016601562 508.1316833496094
dataset_8_undistorted/keyframe_2_frame_000315.png 0.8720141793361778 0.48943852347709316 -0.006377163384468997 -0.4857198885909507 0.8668535288728365 0.1124288819340767 0.060555216944452366 -0.09494205809588546 0.9936390865907134 -0.8512294675435896 15.023858433979171 13.588741118447956 PINHOLE 1280 1024 1024.0877685546875 1023.894775390625 601.8067016601562 508.1316833496094
dataset_8_undistorted/keyframe_2_frame_000319.png 0.8741355539739286 0.48565936291545214 0.004657802070798134 -0.48333844564951434 0.8689366404654952 0.10645360244151895 0.047652892541315835 -0.09530618386540794 0.9943063024183786 0.6328873251375171 14.226916220377575 13.280474684310207 PINHOLE 1280 1024 1024.0877685546875 1023.894775390625 601.8067016601562 508.1316833496094
dataset_8_undistorted/keyframe_2_frame_000320.png 0.8742690950918223 0.48539444908387835 0.006751981703443526 -0.4833132742277972 0.8690512509407591 0.10562959857929691 0.04540431203903608 -0.09561181636332729 0.9943824493593636 0.9030772958515172 14.115364557959083 13.173917728646416 PINHOLE 1280 1024 1024.0877685546875 1023.894775390625 601.8067016601562 508.1316833496094
dataset_8_undistorted/keyframe_2_frame_000322.png 0.8747463131030654 0.484457376505748 0.01094608217950709 -0.4828553929795061 0.86950448018298 0.10398164317872188 0.04085710551914479 -0.0962427336377581 0.9945188823647747 1.473321513037945 13.896595804377057 13.008459345876645 PINHOLE 1280 1024 1024.0877685546875 1023.894775390625 601.8067016601562 508.1316833496094
dataset_8_undistorted/keyframe_2_frame_000323.png 0.875179525609662 0.48362469887914145 0.01293748794556664 -0.4822548979625552 0.869941196965083 0.10310998803881424 0.03861177243337263 -0.0964788684837592 0.9945851093163549 1.7297482946389664 13.778805983400503 12.87995605733272 PINHOLE 1280 1024 1024.0877685546875 1023.894775390625 601.8067016601562 508.1316833496094
dataset_8_undistorted/keyframe_2_frame_000324.png 0.8757388286525121 0.4825547855083137 0.014929443966539483 -0.4814155816419591 0.870508215022694 0.1022476257626972 0.036343899551314326 -0.0967293764520358 0.9946469076709716 2.002344658596712 13.664403151395163 12.774195428825692 PINHOLE 1280 1024 1024.0877685546875 1023.894775390625 601.8067016601562 508.1316833496094
dataset_8_undistorted/keyframe_2_frame_000327.png 0.87848747907371 0.4773096101137608 0.020854307015882978 -0.47685492079830094 0.8732847155692686 0.09991284353077311 0.02947754825306406 -0.0977168503432054 0.9947770780889922 2.7908679743072753 13.352021638377323 12.294291485104054 PINHOLE 1280 1024 1024.0877685546875 1023.894775390625 601.8067016601562 508.1316833496094
dataset_8_undistorted/keyframe_2_frame_000329.png 0.880819896461502 0.4728056393806274 0.024713844850821804 -0.4727929309781003 0.8756454533962919 0.09854550022736742 0.024952347569215143 -0.09848546072466041 0.9948254874758116 3.3133879790402716 13.170276447166202 11.892714977338983 PINHOLE 1280 1024 1024.0877685546875 1023.894775390625 601.8067016601562 508.1316833496094
dataset_8_undistorted/keyframe_2_frame_000332.png 0.883936532972657 0.4666174320139456 0.030409173442358786 -0.4672368621575436 0.8787799429758775 0.09713812771786601 0.018603477794092084 -0.1000719968018871 0.9948063560790168 4.067599244980556 12.981232109224834 11.218971262596142 PINHOLE 1280 1024 1024.0877685546875 1023.894775390625 601.8067016601562 508.1316833496094
dataset_8_undistorted/keyframe_2_frame_000333.png 0.8845068419950376 0.46540594806436575 0.03232204252630508 -0.46622883256175607 0.8793401628476942 0.09690701518917694 0.01667901551140143 -0.10078452512881077 0.9947680524939999 4.323211085616549 12.950390485275534 10.993054255707989 PINHOLE 1280 1024 1024.0877685546875 1023.894775390625 601.8067016601562 508.1316833496094
dataset_8_undistorted/keyframe_2_frame_000334.png 0.8847109799719348 0.4648813329174354 0.03423267088659286 -0.46590214282437714 0.8795274616468762 0.09678039480248643 0.014882900768227339 -0.1015717227386173 0.9947169514135195 4.585514928422754 12.934476373349526 10.788252478515233 PINHOLE 1280 1024 1024.0877685546875 1023.894775390625 601.8067016601562 508.1316833496094
dataset_8_undistorted/keyframe_2_frame_000336.png 0.8845327347585136 0.46493682390138624 0.03788996785133911 -0.46633221461970165 0.8793026034302915 0.09675248680784998 0.011667122325916471 -0.10324991390220853 0.9945868721519281 5.077812623251248 12.931241724305892 10.379197579735205 PINHOLE 1280 1024 1024.0877685546875 1023.894775390625 601.8067016601562 508.1316833496094
dataset_8_undistorted/keyframe_2_frame_000339.png 0.8836798487244766 0.46611598411314104 0.0429568169914041 -0.4680257452849769 0.8782955514650902 0.09771535000428253 0.00781797207903772 -0.10645399394917805 0.9942870720771076 5.748008489334097 13.05902296968759 9.755505118248607 PINHOLE 1280 1024 1024.0877685546875 1023.894775390625 601.8067016601562 508.1316833496094
dataset_8_undistorted/keyframe_2_frame_000340.png 0.8834172043985232 0.4664689547936277 0.04450478944806188 -0.4685390716475437 0.8779778567582867 0.09811177480017864 0.006691931503610334 -0.10752591583042721 0.9941798108042803 5.987314082209878 13.045698168113972 9.55682806036964 PINHOLE 1280 1024 1024.0877685546875 1023.894775390625 601.8067016601562 508.1316833496094
dataset_8_undistorted/keyframe_2_frame_000343.png 0.8850509490387919 0.46271552819485273 0.05077690539342384 -0.46548910553288414 0.8793033204291031 0.10071949236258386 0.0019562272486412895 -0.11277805733362546 0.9936181391372563 6.78577648789701 13.459476142979725 8.698421833320822 PINHOLE 1280 1024 1024.0877685546875 1023.894775390625 601.8067016601562 508.1316833496094
dataset_8_undistorted/keyframe_2_frame_000344.png 0.8871422859320489 0.4584772937242535 0.05269470660999678 -0.46149532884265326 0.8812763249303334 0.10185084851039036 0.0002577089741603445 -0.11467458283963869 0.9934030728502246 7.045833725562261 13.61133117712427 8.383157120586816 PINHOLE 1280 1024 1024.0877685546875 1023.894775390625 601.8067016601562 508.1316833496094
dataset_8_undistorted/keyframe_2_frame_000345.png 0.8883608908195267 0.4560190886078187 0.05347690592863891 -0.45914404152013966 0.882458061675526 0.1022375214864341 -0.0005688613024438184 -0.11537756135380905 0.9933208845354728 7.1502706782011956 13.66294848346945 8.237593052624447 PINHOLE 1280 1024 1024.0877685546875 1023.894775390625 601.8067016601562 508.1316833496094
dataset_8_undistorted/keyframe_2_frame_000348.png 0.8993819209722517 0.43348240447815944 0.05661212761116896 -0.4371303830644695 0.8933338406868756 0.10426640970645452 -0.005375781722515401 -0.11852212622163406 0.9929368972983252 7.575763663272255 13.903680949483373 7.26971678082316 PINHOLE 1280 1024 1024.0877685546875 1023.894775390625 601.8067016601562 508.1316833496094
dataset_8_undistorted/keyframe_2_frame_000349.png 0.9014779190487155 0.4290806240267104 0.05680858637645052 -0.4327826740320006 0.8954225405618838 0.10448645262055009 -0.0060345110392988855 -0.1187780100320745 0.9929024789790736 7.59173848518958 13.962962431516871 7.113529221501267 PINHOLE 1280 1024 1024.0877685546875 1023.894775390625 601.8067016601562 508.1316833496094
dataset_8_undistorted/keyframe_2_frame_000350.png 0.9035899631069942 0.42459952556087893 0.056921641141245795 -0.42834634520094195 0.8975350271743816 0.10464099676633119 -0.0066586418788811014 -0.11893473879251924 0.992879391634516 7.6107147349819115 13.984425886814165 6.951009145314629 PINHOLE 1280 1024 1024.0877685546875 1023.894775390625 601.8067016601562 508.1316833496094
dataset_8_undistorted/keyframe_2_frame_000351.png 0.9056125337315357 0.4202497761813864 0.05705509397964624 -0.4240425726458725 0.8995641046800495 0.10474380016423149 -0.007306211894231934 -0.1190511800132461 0.9928606413975591 7.632091771727801 13.998833747909543 6.794734740957892 PINHOLE 1280 1024 1024.0877685546875 1023.894775390625 601.8067016601562 508.1316833496094
dataset_8_undistorted/keyframe_2_frame_000355.png 0.9138993219770412 0.4018572641162228 0.057432208965533235 -0.40582074845416966 0.9078735160473025 0.1052384687818492 -0.009850309799696765 -0.11948453630860548 0.9927873294702009 7.678759850054803 14.064278994481242 6.133170504124678 PINHOLE 1280 1024 1024.0877685546875 1023.894775390625 601.8067016601562 508.1316833496094
dataset_8_undistorted/keyframe_2_frame_000357.png 0.9176405270037921 0.3932122101394473 0.05762113130882055 -0.39725849375519784 0.9116176819928381 0.10554174740638887 -0.011028088057650329 -0.11973974353511803 0.9927439237457921 7.700389867306512 14.104043321313839 5.79896555781329 PINHOLE 1280 1024 1024.0877685546875 1023.894775390625 601.8067016601562 508.1316833496094
dataset_8_undistorted/keyframe_2_frame_000358.png 0.9192285317151947 0.38946034751314484 0.05778431644563968 -0.39355312402040055 0.9132020130644709 0.10572239568565507 -0.01159406651543155 -0.11992424802782306 0.9927150319909117 7.729484316743992 14.129843391549912 5.662718695281001 PINHOLE 1280 1024 1024.0877685546875 1023.894775390625 601.8067016601562 508.1316833496094
dataset_8_undistorted/keyframe_2_frame_000359.png 0.9205390305496117 0.38632002025907775 0.0579969377264837 -0.39046172164836523 0.9145041612156407 0.10592609913309944 -0.01211709285103167 -0.12015487583541833 0.992680294072092 7.754288480965442 14.156315564696001 5.51472591534457 PINHOLE 1280 1024 1024.0877685546875 1023.894775390625 601.8067016601562 508.1316833496094
dataset_8_undistorted/keyframe_2_frame_000360.png 0.9223563908916267 0.3818673787395821 0.05861620347797915 -0.38611860631641814 0.9162908052140118 0.10641135460479278 -0.013074521133643257 -0.12078190707322038 0.9925927292295853 7.810743950867845 14.255096434926372 5.2560925111239385 PINHOLE 1280 1024 1024.0877685546875 1023.894775390625 601.8067016601562 508.1316833496094
dataset_8_undistorted/keyframe_2_frame_000362.png 0.9249474930689133 0.3753650776522256 0.059778208549137186 -0.3798136838854494 0.9188113438340613 0.10736644905821127 -0.014623274150157607 -0.12201279877063882 0.9924207083174601 7.995828395282842 14.34962234564182 4.769307096654757 PINHOLE 1280 1024 1024.0877685546875 1023.894775390625 601.8067016601562 508.1316833496094
dataset_8_undistorted/keyframe_2_frame_000363.png 0.9262404334002964 0.37212600238842813 0.060002118780168694 -0.37663189740162195 0.9200551140658472 0.10791752338360605 -0.0150463569445144 -0.12255621879054793 0.9923474319554877 8.025812235063768 14.423306056806723 4.58034935566684 PINHOLE 1280 1024 1024.0877685546875 1023.894775390625 601.8067016601562 508.1316833496094
dataset_8_undistorted/keyframe_2_frame_000365.png 0.928688874828179 0.3662572108274753 0.05824592417846158 -0.37060308321079727 0.9223726216149931 0.10900319449484919 -0.01380115871183046 -0.12281595283774695 0.9923330725329436 7.783831012857604 14.566673859803586 4.45729472594121 PINHOLE 1280 1024 1024.0877685546875 1023.894775390625 601.8067016601562 508.1316833496094
dataset_8_undistorted/keyframe_2_frame_000368.png 0.9318627252829362 0.3589745465552136 0.052621758887672794 -0.3627000300205279 0.9253164485280648 0.11062399528840731 -0.008980572096243302 -0.12217197419221891 0.9924678104392856 7.032361736073085 14.783264112210418 4.591914641454878 PINHOLE 1280 1024 1024.0877685546875 1023.894775390625 601.8067016601562 508.1316833496094
dataset_8_undistorted/keyframe_2_frame_000369.png 0.9329992569345997 0.35628129931522856 0.05075797384701961 -0.35980205624220535 0.9263912265098787 0.11109290213934217 -0.007441390574390898 -0.12191217075825633 0.9925125001814875 6.7869695004179675 14.846965681119968 4.703432210163328 PINHOLE 1280 1024 1024.0877685546875 1023.894775390625 601.8067016601562 508.1316833496094
dataset_8_undistorted/keyframe_2_frame_000373.png 0.9381455279804051 0.34369358394292004 0.04192179382808371 -0.3462405743773427 0.9313499537002629 0.1127130927945895 -0.0003051048974557785 -0.12025637212574507 0.9927425954849528 5.616655658348122 15.066392170489735 5.326197485520765 PINHOLE 1280 1024 1024.0877685546875 1023.894775390625 601.8067016601562 508.1316833496094
dataset_8_undistorted/keyframe_2_frame_000375.png 0.940260051085127 0.33841581010229793 0.037226304739862694 -0.3404386174785068 0.9334297442200286 0.11318161252065134 0.003554361188189847 -0.1190932584165362 0.9928763596799346 4.9785507702422365 15.12596958264794 5.628104057853079 PINHOLE 1280 1024 1024.0877685546875 1023.894775390625 601.8067016601562 508.1316833496094
dataset_8_undistorted/keyframe_2_frame_000379.png 0.9415869207245754 0.3356006394538025 0.02803413443758755 -0.33654517680524393 0.9346605871592504 0.11465881292284055 0.012277229888785072 -0.11739607376758128 0.9930094510405623 3.7639385840342356 15.32767467735664 6.112499791326513 PINHOLE 1280 1024 1024.0877685546875 1023.894775390625 601.8067016601562 508.1316833496094
dataset_8_undistorted/keyframe_2_frame_000381.png 0.9422029129987266 0.3342012383866181 0.023722187863277584 -0.3346181529108833 0.9350895299660495 0.11678013575937558 0.016845671230014327 -0.11796861012180734 0.9928744379100946 3.1740254964890937 15.606802491334292 6.224377486624235 PINHOLE 1280 1024 1024.0877685546875 1023.894775390625 601.8067016601562 508.1316833496094
dataset_8_undistorted/keyframe_2_frame_000382.png 0.9429606343822998 0.3322067718225934 0.021543970059136844 -0.3323623313577056 0.9357603750162554 0.1178466079274313 0.018989540198830552 -0.11828493268418767 0.9927981330931438 2.889737730397428 15.751625474725756 6.320635738764736 PINHOLE 1280 1024 1024.0877685546875 1023.894775390625 601.8067016601562 508.1316833496094
dataset_8_undistorted/keyframe_2_frame_000383.png 0.9442325531352693 0.32873609723722175 0.01891412992084432 -0.3285816374319883 0.9369381178183842 0.11908519552178609 0.02142623955588803 -0.11865898858674505 0.9927037949103613 2.528184397611767 15.913726793264118 6.402582665853288 PINHOLE 1280 1024 1024.0877685546875 1023.894775390625 601.8067016601562 508.1316833496094
dataset_8_undistorted/keyframe_2_frame_000385.png 0.9471593086829152 0.32051239918177826 0.012684592749802884 -0.319608510312643 0.9396598645403702 0.12202204521316001 0.02719036953422257 -0.11962863643277546 0.9924463058020699 1.6957848536862912 16.30616941867072 6.582897206948246 PINHOLE 1280 1024 1024.0877685546875 1023.894775390625 601.8067016601562 508.1316833496094
dataset_8_undistorted/keyframe_2_frame_000389.png 0.9501161108257234 0.31184326496343645 0.005760511218069189 -0.3100671268743536 0.9423862618612018 0.12556392464224353 0.03372766699682645 -0.12108638129314891 0.9920687842199867 0.7510333851149653 16.814935522871338 6.743640814972309 PINHOLE 1280 1024 1024.0877685546875 1023.894775390625 601.8067016601562 508.1316833496094
dataset_8_undistorted/keyframe_2_frame_000390.png 0.9513016173760509 0.3082534580160515 0.0023144704536012706 -0.3060249443428999 0.9434689173559191 0.1273389342552731 0.037069064590024514 -0.12184583453431937 0.9918566746599472 0.31667517116466115 17.01928603518195 6.791315688242889 PINHOLE 1280 1024 1024.0877685546875 1023.894775390625 601.8067016601562 508.1316833496094
dataset_8_undistorted/keyframe_2_frame_000391.png 0.9522706812913977 0.30525238691555084 -0.0011162241136165418 -0.3025568812372498 0.9443348641949928 0.12919173145372004 0.04049024473352291 -0.12268770641788831 0.9916187148729733 -0.1419459490311965 17.266829384671155 6.839567861458136 PINHOLE 1280 1024 1024.0877685546875 1023.894775390625 601.8067016601562 508.1316833496094
dataset_8_undistorted/keyframe_2_frame_000393.png 0.9540169307281097 0.2996322901291013 -0.008495732318539482 -0.29588374769111053 0.9458633798213099 0.13339584574366747 0.0480055391128186 -0.12474814206838979 0.9910260043806827 -1.1218364226607491 17.83152585178118 6.985988613206359 PINHOLE 1280 1024 1024.0877685546875 1023.894775390625 601.8067016601562 508.1316833496094
dataset_8_undistorted/keyframe_2_frame_000394.png 0.9549248455401129 0.29661730188722596 -0.011707983168008394 -0.29240215092163563 0.9466916511491128 0.13518814096968815 0.051183103419639005 -0.12567102342346803 0.9907508618238687 -1.5604514403706844 18.066823651657387 7.008947858772217 PINHOLE 1280 1024 1024.0877685546875 1023.894775390625 601.8067016601562 508.1316833496094
dataset_8_undistorted/keyframe_2_frame_000396.png 0.9569776495977397 0.2896066448839982 -0.017918729088307182 -0.2844852757249802 0.9486242985589003 0.1384880108128287 0.05710521593565548 -0.1274325040888128 0.9902018391897753 -2.3873826085221026 18.509310171000152 7.103395368464135 PINHOLE 1280 1024 1024.0877685546875 1023.894775390625 601.8067016601562 508.1316833496094
dataset_8_undistorted/keyframe_2_frame_000397.png 0.9582256381907099 0.28523142770578425 -0.02113370685467143 -0.2796523322609056 0.9498512115568235 0.13991768246031655 0.059982988835534455 -0.1281623703059359 0.989937676144475 -2.8170417260747627 18.700359342043157 7.140922220599236 PINHOLE 1280 1024 1024.0877685546875 1023.894775390625 601.8067016601562 508.1316833496094
dataset_8_undistorted/keyframe_2_frame_000399.png 0.9601734472126574 0.2780802372860199 -0.027172523707154457 -0.2716195026435587 0.95179293877238 0.14252209812913108 0.06549533153307503 -0.12946530377860144 0.9894185455543085 -3.6269889057689397 19.046914276755388 7.188886853686881 PINHOLE 1280 1024 1024.0877685546875 1023.894775390625 601.8067016601562 508.1316833496094
dataset_8_undistorted/keyframe_2_frame_000400.png 0.960926844173835 0.27515951315015474 -0.0301121132606965 -0.2682686836011868 0.9525796237003752 0.14360833341389187 0.06819951249150835 -0.12991896954042 0.9891763560860349 -4.022709819867373 19.190583283744672 7.210558692426503 PINHOLE 1280 1024 1024.0877685546875 1023.894775390625 601.8067016601562 508.1316833496094
dataset_8_undistorted/keyframe_2_frame_000403.png 0.96308762598298 0.2663332388627741 -0.03908966282348117 -0.258188400342221 0.9550320720349734 0.1457780191481417 0.076157605350219 -0.1303046600522641 0.9885446991788452 -5.213770978320667 19.48530538706791 7.197531471569619 PINHOLE 1280 1024 1024.0877685546875 1023.894775390625 601.8067016601562 508.1316833496094
dataset_8_undistorted/keyframe_2_frame_000405.png 0.9649724434627499 0.2585407199183678 -0.04455336698390941 -0.2497299110254403 0.957246446493998 0.14599224140484945 0.08039354938265417 -0.12975228380967568 0.9882818677546195 -5.949533281322488 19.510797842850025 7.139707359356862 PINHOLE 1280 1024 1024.0877685546875 1023.894775390625 601.8067016601562 508.1316833496094
dataset_8_undistorted/keyframe_2_frame_000406.png 0.9660315662032818 0.2541143140230596 -0.04699622226245447 -0.24504684336073634 0.9585040206649008 0.14567555678765892 0.08206448178739831 -0.1292109134249647 0.9882155791538098 -6.273245170098221 19.470138658689166 7.141306082954088 PINHOLE 1280 1024 1024.0877685546875 1023.894775390625 601.8067016601562 508.1316833496094
dataset_8_undistorted/keyframe_2_frame_000407.png 0.966682278224045 0.2513938187712941 -0.04823027075964101 -0.24221452727572285 0.9592721649082933 0.14535473662122808 0.08280741809574972 -0.1288296636641727 0.9882031438361331 -6.4353672105502255 19.428848843996775 7.154639016560736 PINHOLE 1280 1024 1024.0877685546875 1023.894775390625 601.8067016601562 508.1316833496094
dataset_8_undistorted/keyframe_2_frame_000410.png 0.9690189016225155 0.24140398596180085 -0.05221977690019764 -0.231941873555021 0.9620836345345812 0.14351960237619774 0.08488613720315717 -0.1269610185596 0.9882687450301838 -6.974133809594605 19.1802764091035 7.255453902148474 PINHOLE 1280 1024 1024.0877685546875 1023.894775390625 601.8067016601562 508.1316833496094
dataset_8_undistorted/keyframe_2_frame_000415.png 0.9723119776751966 0.2251405502347654 -0.06261341763274482 -0.21519518849163008 0.9670975774528273 0.13569018137332775 0.09110283547176648 -0.11845918070961882 0.9887704406501512 -8.36573993982995 18.132412330187663 7.91598338032145 PINHOLE 1280 1024 1024.0877685546875 1023.894775390625 601.8067016601562 508.1316833496094
dataset_8_undistorted/keyframe_2_frame_000417.png 0.972834252243714 0.22160004171225456 -0.06698154437519395 -0.21147116091577076 0.9683786895288025 0.132368671148457 0.09419647238057122 -0.11460831465591195 0.9889344266484453 -8.941583418180926 17.693557925756295 8.187556734825193 PINHOLE 1280 1024 1024.0877685546875 1023.894775390625 601.8067016601562 508.1316833496094
dataset_8_undistorted/keyframe_2_frame_000418.png 0.9730078643683584 0.2200026354626729 -0.06967834522960557 -0.20974850388510494 0.9690021974283795 0.130538438245573 0.09623734947740037 -0.112399930877214 0.9889918841546839 -9.309802601485444 17.44393025653858 8.267280491302927 PINHOLE 1280 1024 1024.0877685546875 1023.894775390625 601.8067016601562 508.1316833496094
dataset_8_undistorted/keyframe_2_frame_000420.png 0.9733804018125284 0.21636981062663516 -0.07559243963040303 -0.20578750915924462 0.9702712286673297 0.12737197124626062 0.100904825025389 -0.10842526278550346 0.9889694803067424 -10.09240854934933 17.025793256657835 8.425136462778369 PINHOLE 1280 1024 1024.0877685546875 1023.894775390625 601.8067016601562 508.1316833496094
dataset_8_undistorted/keyframe_2_frame_000422.png 0.973402454285324 0.2142763990292607 -0.08107526028472586 -0.20330663357481135 0.9710430435776727 0.12546433894832826 0.10561174844941407 -0.105644241722497 0.98877971086057 -10.830244483672118 16.767555610413865 8.436212331420279 PINHOLE 1280 1024 1024.0877685546875 1023.894775390625 601.8067016601562 508.1316833496094
dataset_8_undistorted/keyframe_2_frame_000424.png 0.9725891894658458 0.21628773400610732 -0.08537383970711336 -0.20501861664635695 0.970867590834066 0.12402116966919575 0.10971120835124663 -0.10311858438669602 0.9885992522311554 -11.407055487255661 16.573114236322454 8.488544153711018 PINHOLE 1280 1024 1024.0877685546875 1023.894775390625 601.8067016601562 508.1316833496094
dataset_8_undistorted/keyframe_2_frame_000425.png 0.9722372603626099 0.21718400961607245 -0.08709694094091065 -0.20581424269237408 0.9707906834476371 0.12331004143545757 0.11133400547048125 -0.10196082660981405 0.9885382628000955 -11.660592695378227 16.512800855056867 8.58255139338985 PINHOLE 1280 1024 1024.0877685546875 1023.894775390625 601.8067016601562 508.1316833496094
dataset_8_undistorted/keyframe_2_frame_000426.png 0.9719424665767715 0.2178439278503404 -0.08872461833570984 -0.20643108182934472 0.970798842072938 0.12221049970412311 0.11275675488263695 -0.10046596589119619 0.9885304869045057 -11.847636724323252 16.335821095714437 8.65605881770216 PINHOLE 1280 1024 1024.0877685546875 1023.894775390625 601.8067016601562 508.1316833496094
dataset_8_undistorted/keyframe_2_frame_000429.png 0.9709322968443692 0.22041257854170396 -0.09331992596154816 -0.2091099311090346 0.9708255482145118 0.11734523000801289 0.11646196758163607 -0.09442003576498145 0.9886963986554312 -12.464261002358853 15.683844037252584 9.079772440905685 PINHOLE 1280 1024 1024.0877685546875 1023.894775390625 601.8067016601562 508.1316833496094
dataset_8_undistorted/keyframe_2_frame_000430.png 0.9707263500149467 0.2209767438558814 -0.09412728142477098 -0.209886624462404 0.9709512838495233 0.11489545901687447 0.1167824108133137 -0.09177588334297761 0.9889079433877194 -12.574579884052582 15.354850723531172 9.246161926180662 PINHOLE 1280 1024 1024.0877685546875 1023.894775390625 601.8067016601562 508.1316833496094
dataset_8_undistorted/keyframe_2_frame_000432.png 0.9711532673466214 0.21919102585228614 -0.09389648931767686 -0.20863707648419727 0.971729943913207 0.1105023865246845 0.11546336433172448 -0.087724339596902 0.9894301238119699 -12.545993070781492 14.766583027172146 9.575365322335529 PINHOLE 1280 1024 1024.0877685546875 1023.894775390625 601.8067016601562 508.1316833496094
dataset_8_undistorted/keyframe_2_frame_000433.png 0.9715242682425368 0.2177282267747283 -0.09346480641579888 -0.20753970780241446 0.9722831356549257 0.10767020079660884 0.11431722118798998 -0.08520635558033775 0.9897833336389384 -12.481344365985251 14.392259884339865 9.819132449813651 PINHOLE 1280 1024 1024.0877685546875 1023.894775390625 601.8067016601562 508.1316833496094
dataset_8_undistorted/keyframe_2_frame_000435.png 0.9715616687278409 0.2184186353077866 -0.0914384134731217 -0.20902644106938786 0.9725576142740112 0.10217078316797588 0.11124530987471423 -0.08015215962781322 0.9905553269710355 -12.217699636102566 13.653003589130094 10.26853404744088 PINHOLE 1280 1024 1024.0877685546875 1023.894775390625 601.8067016601562 508.1316833496094
dataset_8_undistorted/keyframe_2_frame_000436.png 0.9711010173148259 0.2210312898063475 -0.09004080300386232 -0.2120398731048156 0.9721710665812098 0.09960418692785573 0.10955090720313546 -0.0776333875106288 0.9909440174463986 -12.023664182056109 13.314299967126544 10.55034187448814 PINHOLE 1280 1024 1024.0877685546875 1023.894775390625 601.8067016601562 508.1316833496094
dataset_8_undistorted/keyframe_2_frame_000439.png 0.9685611257664457 0.23348394487978866 -0.08587707481255115 -0.2254039798178048 0.9696983065025949 0.09422176238866639 0.10527425263134431 -0.0719023037262521 0.9918399551303437 -11.467328647443424 12.594656688979057 11.268103830335576 PINHOLE 1280 1024 1024.0877685546875 1023.894775390625 601.8067016601562 508.1316833496094
dataset_8_undistorted/keyframe_2_frame_000441.png 0.9669550850263876 0.2408160266327185 -0.08369912004467775 -0.23316080471473577 0.9681009958266148 0.09173726364519602 0.10312116049998812 -0.06919031280792312 0.9922589864212742 -11.181152690715408 12.260019283001611 11.657357425052624 PINHOLE 1280 1024 1024.0877685546875 1023.894775390625 601.8067016601562 508.1316833496094
dataset_8_undistorted/keyframe_2_frame_000442.png 0.9661008279652571 0.24452386491618103 -0.08280627691159158 -0.23702989759372878 0.9672477970631007 0.09081632987157424 0.1023011119544678 -0.06811019293665263 0.992418773600732 -11.093915151711826 12.166234360866383 11.820341723647743 PINHOLE 1280 1024 1024.0877685546875 1023.894775390625 601.8067016601562 508.1316833496094
dataset_8_undistorted/keyframe_2_frame_000443.png 0.9653434856831378 0.2477847140167285 -0.08194189203491922 -0.24045780827030805 0.9664958091383987 0.08980365995858765 0.10144863141273731 -0.06698775874619248 0.9925824427114974 -10.94389077931146 12.002823717813726 11.973439157733765 PINHOLE 1280 1024 1024.0877685546875 1023.894775390625 601.8067016601562 508.1316833496094
dataset_8_undistorted/keyframe_2_frame_000446.png 0.9632379421845327 0.25666423592234844 -0.07934768387470349 -0.24993798457899477 0.9644677134204741 0.0856294253138815 0.09850649021487717 -0.06264935718981161 0.9931623826582561 -10.599756390320408 11.443671970594778 12.556800360532407 PINHOLE 1280 1024 1024.0877685546875 1023.894775390625 601.8067016601562 508.1316833496094
dataset_8_undistorted/keyframe_2_frame_000447.png 0.9626033334664218 0.25918858722703436 -0.07884502056777404 -0.2527368590443876 0.9639510475935407 0.08319902014654879 0.09756703957598993 -0.06016054746858896 0.9934085944050128 -10.532550798857073 11.119024557133116 12.820083806204707 PINHOLE 1280 1024 1024.0877685546875 1023.894775390625 601.8067016601562 508.1316833496094
dataset_8_undistorted/keyframe_2_frame_000448.png 0.9622864816959985 0.2604478710669312 -0.07856027596921186 -0.25423748649899763 0.9637500581934226 0.08092317432091144 0.09678871413033628 -0.05789855074211446 0.9936191358418827 -10.492017828896678 10.815849477447046 13.05582862749759 PINHOLE 1280 1024 1024.0877685546875 1023.894775390625 601.8067016601562 508.1316833496094
dataset_8_undistorted/keyframe_2_frame_000449.png 0.9626421253970838 0.2591216679150314 -0.07859170756248049 -0.25312376317325497 0.9642279068260493 0.07869462374756869 0.09617184632230087 -0.0558612607789461 0.9937957372001093 -10.496247207453052 10.51805104255186 13.284202360023642 PINHOLE 1280 1024 1024.0877685546875 1023.894775390625 601.8067016601562 508.1316833496094
dataset_8_undistorted/keyframe_2_frame_000450.png 0.9634745466303426 0.25588340953534927 -0.07899832699873555 -0.2500759591078758 0.9652050062691611 0.07642845810096142 0.09580643398630695 -0.053881332051010034 0.9939406365215956 -10.582279949113968 10.244693876502879 13.516964010244578 PINHOLE 1280 1024 1024.0877685546875 1023.894775390625 601.8067016601562 508.1316833496094
dataset_8_undistorted/keyframe_2_frame_000453.png 0.9662700366108397 0.24455461435174836 -0.08071806186388551 -0.23923764622000576 0.968421982183453 0.07016901062915999 0.09532933331105832 -0.0484913940457499 0.9942636649485656 -10.785380814674454 9.376690663024192 14.014800009843384 PINHOLE 1280 1024 1024.0877685546875 1023.894775390625 601.8067016601562 508.1316833496094
dataset_8_undistorted/keyframe_2_frame_000456.png 0.9632313802868213 0.25687031796230025 -0.07875441175423999 -0.25150698573070596 0.9651765622866254 0.07194970987139859 0.09449373658083363 -0.04949696136129375 0.9942933516645133 -10.522922603637767 9.614722842810806 13.852135758775944 PINHOLE 1280 1024 1024.0877685546875 1023.894775390625 601.8067016601562 508.1316833496094
dataset_8_undistorted/keyframe_2_frame_000457.png 0.9621615767080368 0.2610211029942135 -0.07818892254731818 -0.25560769233443303 0.9640316221615695 0.07285415441848143 0.09439315584171616 -0.050111766840423046 0.9942731028045059 -10.444999946030748 9.736382082939144 13.796862349480193 PINHOLE 1280 1024 1024.0877685546875 1023.894775390625 601.8067016601562 508.1316833496094
dataset_8_undistorted/keyframe_2_frame_000460.png 0.9584429690949156 0.2747901701882147 -0.07666639186997805 -0.2691799653179827 0.9600849116987652 0.07601870082326195 0.09449554065742964 -0.05222245991847504 0.9941546197504088 -10.24406907877119 10.158177962738364 13.5946406017448 PINHOLE 1280 1024 1024.0877685546875 1023.894775390625 601.8067016601562 508.1316833496094
dataset_8_undistorted/keyframe_2_frame_000464.png 0.9506175558539303 0.3012675660716232 -0.07459303425074255 -0.2952553262796713 0.9519076327841386 0.08182724111383477 0.09565770809848204 -0.05576230247248379 0.9938510826512719 -9.964394276222038 10.935419970261933 13.346999354388458 PINHOLE 1280 1024 1024.0877685546875 1023.894775390625 601.8067016601562 508.1316833496094
dataset_8_undistorted/keyframe_2_frame_000468.png 0.9406384672141174 0.3314355029356617 -0.07313973021884568 -0.32495566705624407 0.9416385653367544 0.08786183179565855 0.09799190943692797 -0.058879173082826 0.9934440096978692 -9.76759988355002 11.74253935865704 13.03870393545094 PINHOLE 1280 1024 1024.0877685546875 1023.894775390625 601.8067016601562 508.1316833496094
dataset_8_undistorted/keyframe_2_frame_000470.png 0.9354282191440877 0.34595635486863147 -0.07271887206297144 -0.33924640580269855 0.93632555242323 0.0905834057201288 0.09942670998052973 -0.060064410929776046 0.9932301470594027 -9.708682062684261 12.107082951778011 12.839936324817813 PINHOLE 1280 1024 1024.0877685546875 1023.894775390625 601.8067016601562 508.1316833496094
dataset_8_undistorted/keyframe_2_frame_000472.png 0.9289724616012256 0.36293222683546456 -0.07273627380518126 -0.35596564353912713 0.9298327244331577 0.09326951580491782 0.10148318029339531 -0.06075310670688043 0.9929801031146008 -9.708296362400233 12.466906968644025 12.594094126666164 PINHOLE 1280 1024 1024.0877685546875 1023.894775390625 601.8067016601562 508.1316833496094
dataset_8_undistorted/keyframe_2_frame_000474.png 0.9235001215531975 0.3766453868081973 -0.07270551652065904 -0.36949212729708913 0.9243422087350537 0.09521955361268837 0.10306895198137554 -0.0610709727391203 0.9927974838954967 -9.742427144296357 12.757218901949614 12.363327218916424 PINHOLE 1280 1024 1024.0877685546875 1023.894775390625 601.8067016601562 508.1316833496094
dataset_8_undistorted/keyframe_2_frame_000475.png 0.9207060782468862 0.3834071546312119 -0.07280127120778199 -0.37617701585280716 0.921565527019365 0.09595829590993742 0.10388234903303901 -0.06096311703702286 0.9927197008431032 -9.722329134772167 12.824190187224644 12.282902603517414 PINHOLE 1280 1024 1024.0877685546875 1023.894775390625 601.8067016601562 508.1316833496094
dataset_8_undistorted/keyframe_2_frame_000480.png 0.9070071279838628 0.4144833179038076 -0.074438513412889 -0.4070637471466015 0.908217899970698 0.09715071859154564 0.10787395084166722 -0.05781512872439519 0.992481624643468 -9.938417694717373 12.98414240285706 12.086531813594434 PINHOLE 1280 1024 1024.0877685546875 1023.894775390625 601.8067016601562 508.1316833496094
dataset_8_undistorted/keyframe_2_frame_000481.png 0.9044247698482152 0.42001948162014335 -0.0748271214121231 -0.4125932095839475 0.9057275244210007 0.0970744365446842 0.10854624546592581 -0.056923469048706175 0.9924599479698666 -9.990394520621749 12.973846696946907 12.074474579436583 PINHOLE 1280 1024 1024.0877685546875 1023.894775390625 601.8067016601562 508.1316833496094
dataset_8_undistorted/keyframe_2_frame_000484.png 0.8975349482741277 0.4342516152226354 -0.07652630547692285 -0.42687149075700503 0.8992007449519149 0.096009345466324 0.11050494011820806 -0.05350477237646371 0.9924341223752478 -10.21746463875229 12.831298248775965 12.067057749273431 PINHOLE 1280 1024 1024.0877685546875 1023.894775390625 601.8067016601562 508.1316833496094
dataset_8_undistorted/keyframe_2_frame_000487.png 0.8914501682310553 0.4462951510894832 -0.07834030517776824 -0.43899277978991696 0.8934862341187655 0.09469443253762105 0.11225778459420734 -0.05002452855369704 0.9924189058946942 -10.46261756280171 12.654806381111712 12.050637191464148 PINHOLE 1280 1024 1024.0877685546875 1023.894775390625 601.8067016601562 508.1316833496094
dataset_8_undistorted/keyframe_2_frame_000490.png 0.8852840457225849 0.4581180259801895 -0.08000102888678334 -0.4508899865124643 0.8876592962660323 0.09358729035850036 0.11388782508905294 -0.04677956932569685 0.9923914649522052 -10.687030791194047 12.506207864861153 11.969466220198 PINHOLE 1280 1024 1024.0877685546875 1023.894775390625 601.8067016601562 508.1316833496094
dataset_8_undistorted/keyframe_2_frame_000493.png 0.8793050937660469 0.4691557391876066 -0.08194969466737395 -0.462011885425378 0.8820504946612407 0.09236610338754145 0.11561801354932424 -0.043356305216502765 0.9923471570338509 -10.947451704958894 12.342987705851442 11.903069408883198 PINHOLE 1280 1024 1024.0877685546875 1023.894775390625 601.8067016601562 508.1316833496094
dataset_8_undistorted/keyframe_2_frame_000494.png 0.8773119547821026 0.4727838332425883 -0.08246169703995614 -0.4656597662132724 0.8801575899962781 0.09210681468179902 0.1161259685217536 -0.04240735014671936 0.9923286969797006 -11.015941071451039 12.30821749533743 11.872500880409234 PINHOLE 1280 1024 1024.0877685546875 1023.894775390625 601.8067016601562 508.1316833496094
dataset_8_undistorted/keyframe_2_frame_000495.png 0.8754924775883426 0.47607011381853237 -0.0828844740224573 -0.4689593502983637 0.8784211843497624 0.09193747619466497 0.11657634023972523 -0.041620975509491454 0.992308651987253 -11.074782218115956 12.285328673097297 11.828405361221712 PINHOLE 1280 1024 1024.0877685546875 1023.894775390625 601.8067016601562 508.1316833496094
dataset_8_undistorted/keyframe_2_frame_000496.png 0.8737488204380703 0.47919517226295183 -0.08328151662291555 -0.47209546232273564 0.8767559295652092 0.09178744903485712 0.1170017358800454 -0.040882275640542094 0.9922898307650521 -11.125597143986397 12.265518164601303 11.803163408538921 PINHOLE 1280 1024 1024.0877685546875 1023.894775390625 601.8067016601562 508.1316833496094
dataset_8_undistorted/keyframe_2_frame_000497.png 0.8719613098851544 0.48236238457984243 -0.08372499676921967 -0.475277836989094 0.8750536654834777 0.0916041905579456 0.11745048035635465 -0.04008244100130707 0.9922690346021003 -11.182201445116334 12.241538819951302 11.778679810418907 PINHOLE 1280 1024 1024.0877685546875 1023.894775390625 601.8067016601562 508.1316833496094
dataset_8_undistorted/keyframe_2_frame_000499.png 0.8685277243579899 0.4883507089022069 -0.084698412443819 -0.48130717580327426 0.8718037054001081 0.09111241366214569 0.11833526205044333 -0.03836773654914473 0.9922322555487401 -11.309947744245164 12.176060506893805 11.731000385379957 PINHOLE 1280 1024 1024.0877685546875 1023.894775390625 601.8067016601562 508.1316833496094
dataset_8_undistorted/keyframe_2_frame_000501.png 0.8645805244298154 0.49516512205884133 -0.08551318861214059 -0.4881615200082635 0.8680232249227962 0.09073904871774266 0.11915835640795909 -0.03670719028610996 0.9921966911214052 -11.421394956759627 12.125694005661671 11.65786729699596 PINHOLE 1280 1024 1024.0877685546875 1023.894775390625 601.8067016601562 508.1316833496094
dataset_8_undistorted/keyframe_2_frame_000502.png 0.8628684794497298 0.49808239248096675 -0.08585457860376168 -0.4911032627729745 0.8663830337409274 0.09053645073781239 0.11947770238011954 -0.03595776643229312 0.9921848828835635 -11.471754408248898 12.098008162127485 11.576723195214072 PINHOLE 1280 1024 1024.0877685546875 1023.894775390625 601.8067016601562 508.1316833496094
dataset_8_undistorted/keyframe_2_frame_000504.png 0.8665208043252389 0.49173401725880633 -0.0856746711728968 -0.48477531835684745 0.8699748798484866 0.0902030021938404 0.11889081297488244 -0.0366297924383662 0.9922315871211997 -11.445420310494 12.053615033646452 11.311154043943702 PINHOLE 1280 1024 1024.0877685546875 1023.894775390625 601.8067016601562 508.1316833496094
dataset_8_undistorted/keyframe_2_frame_000505.png 0.8656043469711623 0.49369798451920555 -0.08361759199661511 -0.48685333817039067 0.8688391909671206 0.08995543080514412 0.11706116168735742 -0.03715624377554746 0.9924292206692034 -11.196244292764504 12.05690262602036 11.430691899350109 PINHOLE 1280 1024 1024.0877685546875 1023.894775390625 601.8067016601562 508.1316833496094
dataset_8_undistorted/keyframe_2_frame_000508.png 0.8656279945827082 0.49374725647580847 -0.08307958878657445 -0.48766683363807506 0.8690241349509259 0.08353359628815436 0.11344278197401438 -0.03179388321277512 0.9930357423962812 -11.093727427792828 11.162982847798503 11.532633311689892 PINHOLE 1280 1024 1024.0877685546875 1023.894775390625 601.8067016601562 508.1316833496094
dataset_8_undistorted/keyframe_2_frame_000509.png 0.8658037121247012 0.49338871639304416 -0.08337185802349904 -0.48763830480704073 0.869321762247897 0.08054577102596536 0.11221742372349951 -0.02908164885207171 0.9932570435418441 -11.137479924277955 10.763340998679723 11.506137323019288 PINHOLE 1280 1024 1024.0877685546875 1023.894775390625 601.8067016601562 508.1316833496094
dataset_8_undistorted/keyframe_2_frame_000510.png 0.8648524547100962 0.49505649662612405 -0.08336385346307028 -0.4896249536064277 0.8684583506361255 0.07776329041766371 0.11089537720440738 -0.026436622468705786 0.9934802747234744 -11.12918899426711 10.392103147271655 11.436969930009127 PINHOLE 1280 1024 1024.0877685546875 1023.894775390625 601.8067016601562 508.1316833496094
dataset_8_undistorted/keyframe_2_frame_000511.png 0.8634689597051531 0.4974223295890843 -0.08362271026172124 -0.49219357368730615 0.867164132574825 0.07597061770513332 0.11030426300746109 -0.024439579873085496 0.9935972326129398 -11.176082474051327 10.151345152038061 11.249983080137554 PINHOLE 1280 1024 1024.0877685546875 1023.894775390625 601.8067016601562 508.1316833496094
dataset_8_undistorted/keyframe_2_frame_000512.png 0.8616843098424691 0.5004377976784307 -0.08403496804694152 -0.49534808157938337 0.8654721911946253 0.07474684085610692 0.11013620780044121 -0.0227816407468978 0.9936551286737563 -11.223903052529636 9.988402097684798 11.1084274915803 PINHOLE 1280 1024 1024.0877685546875 1023.894775390625 601.8067016601562 508.1316833496094
dataset_8_undistorted/keyframe_2_frame_000515.png 0.8550056036769088 0.5118352645502322 -0.08360573381733954 -0.5067861256588869 0.8588093284295194 0.07492410700911782 0.11015042887936714 -0.021690174830668384 0.9936780611474451 -11.166599015336033 10.011935772836637 10.872662330785374 PINHOLE 1280 1024 1024.0877685546875 1023.894775390625 601.8067016601562 508.1316833496094
dataset_8_undistorted/keyframe_2_frame_000516.png 0.8531019537381708 0.5150182637658002 -0.08350838515892113 -0.5099629557979262 0.8569093813597219 0.07512590460248289 0.11025042889772073 -0.021503760814547926 0.9936710868634389 -11.180886883801918 10.075735283830227 10.819920462568348 PINHOLE 1280 1024 1024.0877685546875 1023.894775390625 601.8067016601562 508.1316833496094
dataset_8_undistorted/keyframe_2_frame_000517.png 0.8513153466781429 0.5179816207559257 -0.08341448006726628 -0.512923189125054 0.8551264944043613 0.07528981359673145 0.11032872236117312 -0.021310137135061406 0.9936666597446442 -11.141072991710075 10.0607875692383 10.799622632236378 PINHOLE 1280 1024 1024.0877685546875 1023.894775390625 601.8067016601562 508.1316833496094
dataset_8_undistorted/keyframe_2_frame_000518.png 0.8487052880570273 0.522270647257691 -0.08326320077066973 -0.5171863300364714 0.8525158203236367 0.07572734837749097 0.11053348318103051 -0.021207646512358208 0.993645871946306 -11.123222804984266 10.119137941220401 10.73943175806221 PINHOLE 1280 1024 1024.0877685546875 1023.894775390625 601.8067016601562 508.1316833496094
dataset_8_undistorted/keyframe_2_frame_000519.png 0.8464188971267176 0.5259858120279994 -0.08314892894023858 -0.520873016754342 0.8502299135530348 0.07615567454067483 0.11075258469596529 -0.02114964920500466 0.993622511453958 -11.105505032872998 10.176474337402851 10.715252177603247 PINHOLE 1280 1024 1024.0877685546875 1023.894775390625 601.8067016601562 508.1316833496094
dataset_8_undistorted/keyframe_2_frame_000522.png 0.8420166210804799 0.5331596613429319 -0.08214627147590399 -0.527853949152411 0.8457110731081687 0.07837055618923285 0.11125616919949989 -0.0226281091244398 0.9935333945070025 -10.976279219178195 10.472312840919244 10.130811422366264 PINHOLE 1280 1024 1024.0877685546875 1023.894775390625 601.8067016601562 508.1316833496094
dataset_8_undistorted/keyframe_2_frame_000524.png 0.838605871295714 0.5383195029250315 -0.08338229815083731 -0.5326233861008047 0.8423948298196671 0.08174977087776462 0.11424842373122535 -0.024144397820702893 0.9931585646975282 -11.158159089411583 10.961634235605061 9.682008522347815 PINHOLE 1280 1024 1024.0877685546875 1023.894775390625 601.8067016601562 508.1316833496094
dataset_8_undistorted/keyframe_2_frame_000525.png 0.836535699850662 0.5414232690632985 -0.08407322547910746 -0.5354529432436123 0.8403678792118634 0.08408958009797557 0.11618059790830954 -0.025326767604119425 0.9929045335392112 -11.22907131045099 11.236601702513212 9.481062411926473 PINHOLE 1280 1024 1024.0877685546875 1023.894775390625 601.8067016601562 508.1316833496094
dataset_8_undistorted/keyframe_2_frame_000526.png 0.8340257008210662 0.5451451141537078 -0.08495798525339018 -0.5388346341569759 0.8379157630152051 0.08691262790849015 0.11856783971755848 -0.02670882963766179 0.9925865199065436 -11.349711912899693 11.613775513627957 9.294326193927532 PINHOLE 1280 1024 1024.0877685546875 1023.894775390625 601.8067016601562 508.1316833496094
dataset_8_undistorted/keyframe_2_frame_000533.png 0.8262667331522212 0.5553498022209243 -0.09417654836423238 -0.5469571874639436 0.8309874555721752 0.10147054420321196 0.13461147678193258 -0.03233127543777808 0.9903707509652788 -12.574664440071501 13.559691810201002 8.63360604694708 PINHOLE 1280 1024 1024.0877685546875 1023.894775390625 601.8067016601562 508.1316833496094
dataset_8_undistorted/keyframe_2_frame_000535.png 0.8232892051727563 0.5600907553035902 -0.09215440837045548 -0.5518961481630524 0.8278104550244854 0.10069478878570085 0.1326848124386835 -0.03204116316650605 0.9906394742397768 -12.304177960525294 13.456112643686652 8.804957110031523 PINHOLE 1280 1024 1024.0877685546875 1023.894775390625 601.8067016601562 508.1316833496094
dataset_8_undistorted/keyframe_2_frame_000537.png 0.8201605466314728 0.564984253102191 -0.09016026909707758 -0.5569800378578318 0.8244897204116508 0.09994421434579208 0.13080338304233824 -0.03175278475129215 0.9908993089227359 -12.044773531320516 13.355170452461039 8.869621260929875 PINHOLE 1280 1024 1024.0877685546875 1023.894775390625 601.8067016601562 508.1316833496094
dataset_8_undistorted/keyframe_2_frame_000538.png 0.8188937045942817 0.567080566951908 -0.08850143276490242 -0.5592892863719855 0.8230626201056213 0.098805089775338 0.12887286835940237 -0.03141301073065071 0.9911633282867915 -11.840955178999138 13.241533556364857 8.980162777153168 PINHOLE 1280 1024 1024.0877685546875 1023.894775390625 601.8067016601562 508.1316833496094
dataset_8_undistorted/keyframe_2_frame_000540.png 0.8190402577119582 0.567391043657863 -0.08509010697557925 -0.5599169940172294 0.8228275012456526 0.09719516359132425 0.12516236461222952 -0.03196335135088135 0.9916213466500369 -11.369801988832023 12.987534503874599 9.053955588041276 PINHOLE 1280 1024 1024.0877685546875 1023.894775390625 601.8067016601562 508.1316833496094
dataset_8_undistorted/keyframe_2_frame_000541.png 0.8195145387803641 0.5669543850942146 -0.08341773874408447 -0.5597109279008042 0.823134927457126 0.09577042949816811 0.12296163714971252 -0.03179551191001814 0.9919016154311051 -11.134207683080831 12.797892755615294 8.971728618151815 PINHOLE 1280 1024 1024.0877685546875 1023.894775390625 601.8067016601562 508.1316833496094
dataset_8_undistorted/keyframe_2_frame_000544.png 0.8207942632006531 0.5658682742902047 -0.07803916043152342 -0.5594260888168108 0.8239273726517752 0.09047451713432654 0.11549536935962694 -0.03060392839269367 0.9928365301920242 -10.427626621942409 12.089534098900344 8.27854556681018 PINHOLE 1280 1024 1024.0877685546875 1023.894775390625 601.8067016601562 508.1316833496094
dataset_8_undistorted/keyframe_2_frame_000546.png 0.8226078373277623 0.5638319195966552 -0.07355610571091149 -0.557896205569567 0.8253199464447531 0.08717026919117639 0.10985686723671917 -0.030670196749261854 0.9934741559244338 -9.821028879944379 11.648241923867431 7.692273015801902 PINHOLE 1280 1024 1024.0877685546875 1023.894775390625 601.8067016601562 508.1316833496094
dataset_8_undistorted/keyframe_2_frame_000547.png 0.824141185972389 0.561929245128889 -0.07090703147427814 -0.5562215364828631 0.8265949900859859 0.085780866029176 0.10681423197956197 -0.03125553698419974 0.9937877305274061 -9.469556235432492 11.462500275727507 7.327470408094769 PINHOLE 1280 1024 1024.0877685546875 1023.894775390625 601.8067016601562 508.1316833496094
dataset_8_undistorted/keyframe_2_frame_000549.png 0.8256890287088878 0.5599899368310679 -0.06818917513481479 -0.5544963878407007 0.8278822410193019 0.08452640795542174 0.10378660224152314 -0.03198189499466671 0.9940855146834068 -9.101289591047362 11.29494612702149 6.947569335353137 PINHOLE 1280 1024 1024.0877685546875 1023.894775390625 601.8067016601562 508.1316833496094
dataset_8_undistorted/keyframe_2_frame_000551.png 0.8273741590498329 0.5578463599016529 -0.06527001219816397 -0.552546167766455 0.8292864732006422 0.08352539443438617 0.10072202225734071 -0.0330419433419148 0.9943658735100384 -8.71619332939872 11.161152602141101 6.507120302552835 PINHOLE 1280 1024 1024.0877685546875 1023.894775390625 601.8067016601562 508.1316833496094
dataset_8_undistorted/keyframe_2_frame_000552.png 0.8282682301984526 0.5566921247704628 -0.06376438661957567 -0.5514793464445851 0.8300351293195823 0.08313698932212113 0.09920847930345376 -0.03369500787134643 0.9944958108256645 -8.517456063646705 11.10930099933762 6.290204044089478 PINHOLE 1280 1024 1024.0877685546875 1023.894775390625 601.8067016601562 508.1316833496094
dataset_8_undistorted/keyframe_2_frame_000556.png 0.831748116572488 0.552134745711324 -0.05780883111686434 -0.547235732973386 0.8329523418905795 0.08199128670019716 0.09342232814105289 -0.036561109739597315 0.9949545473148955 -7.721533883124721 10.95620951238925 5.466479950269786 PINHOLE 1280 1024 1024.0877685546875 1023.894775390625 601.8067016601562 508.1316833496094
dataset_8_undistorted/keyframe_2_frame_000560.png 0.8350897934018989 0.5476178396939426 -0.05233976806189467 -0.5429417352506681 0.8357766229954372 0.08179806552605985 0.08853857403811698 -0.03989117197070458 0.9952731952684367 -7.008694944978515 10.968547711426027 4.687544618416382 PINHOLE 1280 1024 1024.0877685546875 1023.894775390625 601.8067016601562 508.1316833496094
dataset_8_undistorted/keyframe_2_frame_000562.png 0.8368781711835807 0.5451076522943322 -0.04992672684035938 -0.5404993208487915 0.8373258724002787 0.08213067490757986 0.08657505049277875 -0.041748218766568514 0.9953701881825159 -6.689085500620649 11.012807239542553 4.2702145247143335 PINHOLE 1280 1024 1024.0877685546875 1023.894775390625 601.8067016601562 508.1316833496094
dataset_8_undistorted/keyframe_2_frame_000566.png 0.8423504217107906 0.5371051285590636 -0.04432869599415399 -0.5325636929341091 0.8421840874922911 0.08427525769716741 0.08259765423391449 -0.04738135173178377 0.9954561800181725 -5.920253342506385 11.261403133948761 3.056365935323356 PINHOLE 1280 1024 1024.0877685546875 1023.894775390625 601.8067016601562 508.1316833496094
dataset_8_undistorted/keyframe_2_frame_000570.png 0.8459354876022437 0.5315980840912962 -0.042379244003922706 -0.526973407311322 0.8454700033160446 0.0864777283847468 0.08180183962561424 -0.05082205215862155 0.9953515529093068 -5.648314160820746 11.55673837097288 1.9869992685333955 PINHOLE 1280 1024 1024.0877685546875 1023.894775390625 601.8067016601562 508.1316833496094
dataset_8_undistorted/keyframe_2_frame_000571.png 0.8461442466970314 0.5312414103606671 -0.04268658288552036 -0.5265662645701725 0.8456799388372794 0.08690622387619985 0.08226745220876748 -0.051057874581853194 0.9953009219301737 -5.700630376804384 11.61319365513225 1.6655465704697008 PINHOLE 1280 1024 1024.0877685546875 1023.894775390625 601.8067016601562 508.1316833496094
dataset_8_undistorted/keyframe_2_frame_000572.png 0.8460589734186774 0.5313444764259184 -0.04308471437704864 -0.5265992411971928 0.8455973321685532 0.08750577838261225 0.08292810990786804 -0.051346711357185104 0.9952308839192904 -5.753737414449233 11.69342934626468 1.3325288590075388 PINHOLE 1280 1024 1024.0877685546875 1023.894775390625 601.8067016601562 508.1316833496094
dataset_8_undistorted/keyframe_2_frame_000574.png 0.8435848158410024 0.5352066767220368 -0.04379364431675127 -0.5303052493489374 0.8431323481237853 0.08890159316156135 0.08450460803145322 -0.051771993576994 0.9950762765117384 -5.866938388820927 11.91776070983542 0.6130813368909003 PINHOLE 1280 1024 1024.0877685546875 1023.894775390625 601.8067016601562 508.1316833496094
dataset_8_undistorted/keyframe_2_frame_000578.png 0.8398318556149027 0.5410568363651275 -0.04403513524716874 -0.5360370442006109 0.8393719341115807 0.0900991587908239 0.08571072490838864 -0.05206367751768787 0.9949580574904777 -5.880846685863389 12.039861082888706 -0.8076847256146493 PINHOLE 1280 1024 1024.0877685546875 1023.894775390625 601.8067016601562 508.1316833496094
dataset_8_undistorted/keyframe_2_frame_000579.png 0.8397779668112058 0.541188021310603 -0.043446280301260014 -0.5362507830809741 0.8393001966233612 0.08949299714105127 0.08489715099372205 -0.05185611979773351 0.9950387849454724 -5.804776534051598 11.958715225975197 -1.175306301023511 PINHOLE 1280 1024 1024.0877685546875 1023.894775390625 601.8067016601562 508.1316833496094
dataset_8_undistorted/keyframe_2_frame_000583.png 0.8418477127361144 0.5382185484366689 -0.04016921123547589 -0.5338959099644138 0.8413607696377597 0.08406513536658093 0.07904233252900049 -0.04932372834891442 0.995650091884404 -5.3614170214084425 11.233677487986824 -2.2472308095900644 PINHOLE 1280 1024 1024.0877685546875 1023.894775390625 601.8067016601562 508.1316833496094
dataset_8_undistorted/keyframe_2_frame_000584.png 0.8416597229256345 0.5385691849119383 -0.03938831541767351 -0.5343936866514662 0.8411807334382629 0.0826895738818545 0.07766680273318474 -0.048547703329259034 0.995795924527311 -5.257024117664969 11.049871095363528 -2.445454980484328 PINHOLE 1280 1024 1024.0877685546875 1023.894775390625 601.8067016601562 508.1316833496094
dataset_8_undistorted/keyframe_2_frame_000588.png 0.8400636249021586 0.5412999424848454 -0.035882789141715256 -0.5377294010447248 0.8396129757058276 0.07679068428025168 0.07169449233425859 -0.04521385484054259 0.9964011833004564 -4.788654960183294 10.261409596749445 -3.2143662043238237 PINHOLE 1280 1024 1024.0877685546875 1023.894775390625 601.8067016601562 508.1316833496094
dataset_8_undistorted/keyframe_2_frame_000590.png 0.8386684766285831 0.5435698749461285 -0.034156458261924545 -0.540271196008231 0.8382292447273981 0.07401440597216317 0.068862953044466 -0.043619921938587665 0.9966715774308244 -4.560793296425572 9.890395073277432 -3.576509920460012 PINHOLE 1280 1024 1024.0877685546875 1023.894775390625 601.8067016601562 508.1316833496094
dataset_8_undistorted/keyframe_2_frame_000593.png 0.8355337060415198 0.5485732046876833 -0.03084345284447268 -0.545702885362148 0.8350785729418237 0.0696569529253052 0.06396870604618558 -0.041369296622781916 0.9970940109802605 -4.1095281814725695 9.307944563356045 -4.167810200933445 PINHOLE 1280 1024 1024.0877685546875 1023.894775390625 601.8067016601562 508.1316833496094
dataset_8_undistorted/keyframe_2_frame_000595.png 0.8325013493212022 0.5533017750739154 -0.02824462766382251 -0.5507087735210267 0.8320129273852485 0.06688271735421332 0.06050631074026549 -0.04012540000912307 0.9973601370437045 -3.7649650563400883 8.937209415685857 -4.626845095147473 PINHOLE 1280 1024 1024.0877685546875 1023.894775390625 601.8067016601562 508.1316833496094
dataset_8_undistorted/keyframe_2_frame_000597.png 0.8295592333786286 0.5578189302370378 -0.02588337520170763 -0.5554665638571572 0.8290464128202065 0.06433457097346978 0.05734565755384753 -0.038991857149744624 0.9975927658802217 -3.4524881731999812 8.59661697565241 -4.922872918990834 PINHOLE 1280 1024 1024.0877685546875 1023.894775390625 601.8067016601562 508.1316833496094
dataset_8_undistorted/keyframe_2_frame_000598.png 0.8280099395371573 0.5601518786649389 -0.025099314345144685 -0.5579046663121613 0.8275110307542742 0.0629917732565035 0.056054935115362366 -0.03815468229458834 0.9976984719713843 -3.344741570105498 8.417042193184443 -5.052860451366655 PINHOLE 1280 1024 1024.0877685546875 1023.894775390625 601.8067016601562 508.1316833496094
dataset_8_undistorted/keyframe_2_frame_000600.png 0.8261229812445238 0.5629538975770881 -0.0245812612778287 -0.5608339574760041 0.82567685262757 0.06101735213404863 0.05464620441343725 -0.03662178407663951 0.9978341426391341 -3.2841867717356763 8.153625741492533 -5.495981523386263 PINHOLE 1280 1024 1024.0877685546875 1023.894775390625 601.8067016601562 508.1316833496094
dataset_8_undistorted/keyframe_2_frame_000604.png 0.8212049490196472 0.5700021023673267 -0.026842251660782763 -0.5676238172442888 0.8207941922959077 0.06403145555908274 0.05853012339046881 -0.03734656215775175 0.9975869393751509 -3.5864462208376153 8.556284384358264 -4.899249869704022 PINHOLE 1280 1024 1024.0877685546875 1023.894775390625 601.8067016601562 508.1316833496094
dataset_8_undistorted/keyframe_2_frame_000606.png 0.8202536836244357 0.5713203157503707 -0.02788514185331311 -0.5688320543825351 0.8198646418126055 0.0652087381261229 0.060117224099177254 -0.037625609933628644 0.9974822888298374 -3.7286305231800725 8.713813662836856 -4.171928712021554 PINHOLE 1280 1024 1024.0877685546875 1023.894775390625 601.8067016601562 508.1316833496094
dataset_8_undistorted/keyframe_2_frame_000607.png 0.8200871195370417 0.5715372523295099 -0.02832476952763174 -0.5690043389381734 0.8197077418438684 0.06567189885408387 0.06075208209669077 -0.03773971783597556 0.9974392409453909 -3.781584079905315 8.775373474741286 -3.8821591883013298 PINHOLE 1280 1024 1024.0877685546875 1023.894775390625 601.8067016601562 508.1316833496094
dataset_8_undistorted/keyframe_2_frame_000608.png 0.8198901388446657 0.5717946873138411 -0.02882815449347075 -0.5692103251510798 0.8195223783069924 0.0661986528125157 0.0614773945878825 -0.037866430250548436 0.9973899178796305 -3.8489857279048465 8.84573271510078 -3.5907136527073362 PINHOLE 1280 1024 1024.0877685546875 1023.894775390625 601.8067016601562 508.1316833496094
dataset_8_undistorted/keyframe_2_frame_000612.png 0.8211998937654623 0.569662194192893 -0.033416021462212155 -0.5666036313831758 0.8209439808143432 0.07079319768757249 0.06776095580371595 -0.039201753289380685 0.9969313270674853 -4.459077775806463 9.45962113130679 -1.4998582885673386 PINHOLE 1280 1024 1024.0877685546875 1023.894775390625 601.8067016601562 508.1316833496094
dataset_8_undistorted/keyframe_2_frame_000614.png 0.821343114763814 0.5693186177585808 -0.035656582648024265 -0.5659938980535912 0.8211402162982716 0.07333984381743608 0.07103289397542373 -0.04005592707951042 0.9966694218510744 -4.7584922183773415 9.800033066129004 -0.5776402367021092 PINHOLE 1280 1024 1024.0877685546875 1023.894775390625 601.8067016601562 508.1316833496094
dataset_8_undistorted/keyframe_2_frame_000615.png 0.8217034583364412 0.5687230572722611 -0.036853004476902734 -0.5652482514871212 0.8215272568987729 0.07474910159121473 0.07278734935424773 -0.040590490285181795 0.9965212554313095 -4.921305409351362 9.988399940135082 -0.10602230281097036 PINHOLE 1280 1024 1024.0877685546875 1023.894775390625 601.8067016601562 508.1316833496094
dataset_8_undistorted/keyframe_2_frame_000621.png 0.8268248324997926 0.5606296262230778 -0.04533315914886444 -0.5560528958299771 0.8268777536782925 0.0841300067596658 0.08465080768150825 -0.04435316408658846 0.9954228914225648 -6.054499343275438 11.241961774517108 3.0192273908526204 PINHOLE 1280 1024 1024.0877685546875 1023.894775390625 601.8067016601562 508.1316833496094
dataset_8_undistorted/keyframe_2_frame_000623.png 0.8294593703279736 0.5564602104883968 -0.04847062859311643 -0.551484771915825 0.8296278154107516 0.08707336943564466 0.08866560453721213 -0.04549294042030672 0.9950220450342825 -6.470983286586261 11.635400597766647 4.077246463719234 PINHOLE 1280 1024 1024.0877685546875 1023.894775390625 601.8067016601562 508.1316833496094
dataset_8_undistorted/keyframe_2_frame_000624.png 0.8309481649641663 0.5540892685215658 -0.050104753292076414 -0.5489121159296639 0.831184722378789 0.08847036600024115 0.0906668813826516 -0.04601120584705723 0.9948177039246754 -6.689436563931395 11.822113411280384 4.589597173038669 PINHOLE 1280 1024 1024.0877685546875 1023.894775390625 601.8067016601562 508.1316833496094
dataset_8_undistorted/keyframe_2_frame_000625.png 0.8323721294431404 0.551804479031479 -0.051658620760172115 -0.5464346532158726 0.8326762852847092 0.0897718296997173 0.09255154321937954 -0.046495562713508014 0.9946219485831701 -6.894259315059571 11.996204092396852 5.104314940839913 PINHOLE 1280 1024 1024.0877685546875 1023.894775390625 601.8067016601562 508.1316833496094
dataset_8_undistorted/keyframe_2_frame_000628.png 0.8357759735383373 0.54622350108944 -0.05584863346170843 -0.5403138056395518 0.8362742385074249 0.09330724778312068 0.09767154883584629 -0.04780799299707744 0.9940697791405694 -7.456990917284884 12.468524248087192 6.536779642299166 PINHOLE 1280 1024 1024.0877685546875 1023.894775390625 601.8067016601562 508.1316833496094
dataset_8_undistorted/keyframe_2_frame_000629.png 0.8366466561806708 0.5447646013441559 -0.057044497545872305 -0.5386981587094611 0.8372044525970044 0.09429997942906292 0.09912935503304855 -0.04816592961531014 0.9939082895344268 -7.619351426977801 12.60107021556621 6.981977027987455 PINHOLE 1280 1024 1024.0877685546875 1023.894775390625 601.8067016601562 508.1316833496094
dataset_8_undistorted/keyframe_2_frame_000630.png 0.8372195905318429 0.5437686452302438 -0.0581286684101913 -0.5375652508668189 0.8378381891393537 0.095131737425803 0.10043214118097181 -0.04839840774394696 0.9937658862431924 -7.761639085371144 12.712452471479764 7.407354288547708 PINHOLE 1280 1024 1024.0877685546875 1023.894775390625 601.8067016601562 508.1316833496094
dataset_8_undistorted/keyframe_2_frame_000632.png 0.8377916351672205 0.5426728354021843 -0.06009207250673435 -0.5362438635313624 0.8385399611744373 0.09639782313789536 0.10270224281624099 -0.048537140072095565 0.993526609949784 -8.021176361800599 12.881998096161851 8.173442264061237 PINHOLE 1280 1024 1024.0877685546875 1023.894775390625 601.8067016601562 508.1316833496094
dataset_8_undistorted/keyframe_2_frame_000633.png 0.8378213371353079 0.5425365698662531 -0.06090522871473669 -0.536021634266015 0.8386315453520893 0.09683579951126749 0.10361413988306419 -0.048484609441917355 0.993435113974031 -8.132680507401346 12.94018879976818 8.495532458653997 PINHOLE 1280 1024 1024.0877685546875 1023.894775390625 601.8067016601562 508.1316833496094
dataset_8_undistorted/keyframe_2_frame_000634.png 0.8377417025928644 0.542588568028762 -0.0615381948609839 -0.5360122400543144 0.8386040979073529 0.09712804396560833 0.1043068838745803 -0.048382880943207446 0.9933676162381841 -8.222429178210177 12.978814198902114 8.749039055067442 PINHOLE 1280 1024 1024.0877685546875 1023.894775390625 601.8067016601562 508.1316833496094
dataset_8_undistorted/keyframe_2_frame_000635.png 0.8376340912906906 0.5426959246725469 -0.062054206025204096 -0.536076514544499 0.8385431068071124 0.0972986504401136 0.10483884157234939 -0.04823488756536551 0.9933189035043017 -8.2889019282768 13.001775023714913 8.988977573961392 PINHOLE 1280 1024 1024.0877685546875 1023.894775390625 601.8067016601562 508.1316833496094
dataset_8_undistorted/keyframe_2_frame_000637.png 0.8372679528326262 0.5432050248957253 -0.06253994459005423 -0.5367736176120116 0.8383267904110271 0.095300992113321 0.10419700172631956 -0.04622256524373203 0.9934818338006877 -8.353850269500299 12.734792012509502 9.142281833504626 PINHOLE 1280 1024 1024.0877685546875 1023.894775390625 601.8067016601562 508.1316833496094
dataset_8_undistorted/keyframe_2_frame_000638.png 0.8372903135343287 0.5432477583751373 -0.061860705232789914 -0.5368510796143997 0.8382803267512753 0.09526921876548528 0.10361158887656174 -0.0465581061181184 0.9935276100110894 -8.263049005804987 12.730575071500084 8.873365677834727 PINHOLE 1280 1024 1024.0877685546875 1023.894775390625 601.8067016601562 508.1316833496094
dataset_8_undistorted/keyframe_2_frame_000640.png 0.8339767146281943 0.5484382176576841 -0.060807182054584394 -0.5420156860794856 0.8348597552747063 0.09605759082138747 0.1034472410160079 -0.04715143444569862 0.9935160455906821 -8.124759747851158 12.835820806668607 8.22882923785994 PINHOLE 1280 1024 1024.0877685546875 1023.894775390625 601.8067016601562 508.1316833496094
dataset_8_undistorted/keyframe_2_frame_000642.png 0.8303494857552786 0.5539797239906972 -0.06021744358780943 -0.5475476151688771 0.8311945907043348 0.09647078227984379 0.10349538289708146 -0.047132620948440104 0.99351225638967 -8.038014536479068 12.891538830026548 7.852401383704887 PINHOLE 1280 1024 1024.0877685546875 1023.894775390625 601.8067016601562 508.1316833496094
dataset_8_undistorted/keyframe_2_frame_000645.png 0.8245026622466445 0.5627425501725462 -0.05929937915890414 -0.5563354654181185 0.8253082637072074 0.09672974499309375 0.10337431039733985 -0.04676344416207605 0.9935424415804479 -7.940690907369344 12.964220334440256 7.292019675319125 PINHOLE 1280 1024 1024.0877685546875 1023.894775390625 601.8067016601562 508.1316833496094
dataset_8_undistorted/keyframe_2_frame_000647.png 0.8207780517599175 0.568241952544337 -0.05852270537217467 -0.5618919643241638 0.8215529791196162 0.09658073414871668 0.10296082336767834 -0.04638785099319465 0.993603125733471 -7.8169144475907615 12.905759227686872 6.904312981902876 PINHOLE 1280 1024 1024.0877685546875 1023.894775390625 601.8067016601562 508.1316833496094
dataset_8_undistorted/keyframe_2_frame_000648.png 0.81884241118618 0.5710638818891575 -0.05816903974235192 -0.5647336754478132 0.8196031002607759 0.09657263356087799 0.10282470328328303 -0.04622787155515219 0.9936247867481199 -7.77223525254999 12.904604491971781 6.663765062811763 PINHOLE 1280 1024 1024.0877685546875 1023.894775390625 601.8067016601562 508.1316833496094
dataset_8_undistorted/keyframe_2_frame_000649.png 0.8170556396449641 0.573649188705872 -0.05785029070867803 -0.5673470797940042 0.8178079822053976 0.09647096751223082 0.10265110210202708 -0.046000834448030756 0.9936529978527838 -7.721873627032437 12.891249484416221 6.381127572598871 PINHOLE 1280 1024 1024.0877685546875 1023.894775390625 601.8067016601562 508.1316833496094
dataset_8_undistorted/keyframe_2_frame_000650.png 0.8161781288686151 0.574920660015034 -0.0576099684224308 -0.5686603703235206 0.8169287039886056 0.09618535638699444 0.10236241734696772 -0.04574383572529594 0.993694634568807 -7.692344786442845 12.853029741110731 6.128267127767799 PINHOLE 1280 1024 1024.0877685546875 1023.894775390625 601.8067016601562 508.1316833496094
dataset_8_undistorted/keyframe_2_frame_000651.png 0.8149517023499436 0.576696210906781 -0.05722180027883829 -0.5705059003987425 0.8156985258032082 0.09569603932497849 0.1018634973854088 -0.04534216839666962 0.9937639837672396 -7.640336143355398 12.787657517987668 5.884304527059044 PINHOLE 1280 1024 1024.0877685546875 1023.894775390625 601.8067016601562 508.1316833496094
dataset_8_undistorted/keyframe_2_frame_000652.png 0.8125979359866532 0.580066003269781 -0.05663433651760577 -0.5739808003479442 0.8133438764315147 0.09495590967023518 0.10114400649810648 -0.044654123297359315 0.9938689283096463 -7.564646365457747 12.688590791715683 5.5913554184310215 PINHOLE 1280 1024 1024.0877685546875 1023.894775390625 601.8067016601562 508.1316833496094
dataset_8_undistorted/keyframe_2_frame_000654.png 0.8071040979094136 0.5877945227900472 -0.05549232420674519 -0.5818938684991234 0.8078477993315405 0.09370118096001355 0.09990657044664028 -0.043336207101434925 0.9940522798737464 -7.414585483949168 12.52085579088589 5.097281347148396 PINHOLE 1280 1024 1024.0877685546875 1023.894775390625 601.8067016601562 508.1316833496094
dataset_8_undistorted/keyframe_2_frame_000655.png 0.8049261655880332 0.5908187776835828 -0.055009163321424255 -0.58498534169055 0.8056620187552637 0.09327208742870678 0.09942591593564463 -0.04289744143179042 0.9941192301507636 -7.349993311859862 12.463591600496443 4.908414187311678 PINHOLE 1280 1024 1024.0877685546875 1023.894775390625 601.8067016601562 508.1316833496094
dataset_8_undistorted/keyframe_2_frame_000657.png 0.8000202600588499 0.5975419693458082 -0.05395545192719383 -0.5918375195053687 0.8007340561694335 0.09247962514541935 0.09846463623958925 -0.04205272890059814 0.9942518642021092 -7.206679610397941 12.357553071224288 4.531857048636539 PINHOLE 1280 1024 1024.0877685546875 1023.894775390625 601.8067016601562 508.1316833496094
dataset_8_undistorted/keyframe_2_frame_000658.png 0.7971661110343777 0.6013995651478223 -0.05333564753493706 -0.595755875806538 0.7978593001295909 0.09216585896370177 0.09798304972765101 -0.04169643214441051 0.9943142713710547 -7.139518236787353 12.354849936949677 4.338142388191386 PINHOLE 1280 1024 1024.0877685546875 1023.894775390625 601.8067016601562 508.1316833496094
dataset_8_undistorted/keyframe_2_frame_000661.png 0.7879248263258575 0.6136295204793372 -0.05131185142420485 -0.6081628887032201 0.7885413498644412 0.09132142344825304 0.09649915246962408 -0.04074842980840057 0.9944980474966295 -6.85063876010895 12.202769747587695 3.672862159490137 PINHOLE 1280 1024 1024.0877685546875 1023.894775390625 601.8067016601562 508.1316833496094
dataset_8_undistorted/keyframe_2_frame_000662.png 0.7847556152924787 0.6177362158609148 -0.05059037368474265 -0.6123236171319788 0.7853398132568702 0.09110373704445454 0.09600883918262142 -0.04051663451473766 0.9945547793012158 -6.754235375779899 12.173596764407193 3.4456087529698607 PINHOLE 1280 1024 1024.0877685546875 1023.894775390625 601.8067016601562 508.1316833496094
dataset_8_undistorted/keyframe_2_frame_000663.png 0.781457782180716 0.6219613538648152 -0.049872976969878524 -0.6165969252778953 0.7820090084584492 0.09093651495155705 0.09556026984215478 -0.04031144641165943 0.9946064287201047 -6.670456817640343 12.190564336421744 3.239784420962451 PINHOLE 1280 1024 1024.0877685546875 1023.894775390625 601.8067016601562 508.1316833496094
dataset_8_undistorted/keyframe_2_frame_000665.png 0.77279802529704 0.6328313341376937 -0.04803706994351332 -0.627590859328989 0.773266765176762 0.09048499854502895 0.09440733613688165 -0.03977893780653858 0.9947384285649347 -6.418408439926679 12.091037588771997 2.673757919129116 PINHOLE 1280 1024 1024.0877685546875 1023.894775390625 601.8067016601562 508.1316833496094
dataset_8_undistorted/keyframe_2_frame_000668.png 0.7587554589037255 0.6498131237242822 -0.04509094031096336 -0.6447824834831049 0.7590980659384453 0.08958171172027035 0.09243992294356207 -0.038896899758421456 0.9949583940617297 -6.024874781915514 11.970302981669874 1.9471016279183004 PINHOLE 1280 1024 1024.0877685546875 1023.894775390625 601.8067016601562 508.1316833496094
dataset_8_undistorted/keyframe_2_frame_000669.png 0.7554889589356338 0.6536542695017875 -0.04441699406718894 -0.6486799228473329 0.7558064186702732 0.08927815213758375 0.09192778232998292 -0.03863634969489941 0.9950158879037351 -5.926693332457717 11.928995326332597 1.8165395639961162 PINHOLE 1280 1024 1024.0877685546875 1023.894775390625 601.8067016601562 508.1316833496094
dataset_8_undistorted/keyframe_2_frame_000672.png 0.7466587170105868 0.6638467348233568 -0.04252672378848444 -0.6590475459537483 0.7469112188771841 0.08820196782948742 0.09031640853935281 -0.037829606655134136 0.9951943621894819 -5.679537370883736 11.785636126620034 1.4274234532812216 PINHOLE 1280 1024 1024.0877685546875 1023.894775390625 601.8067016601562 508.1316833496094
dataset_8_undistorted/keyframe_2_frame_000673.png 0.7443377166814766 0.6664807552767081 -0.042000463047090715 -0.6617417429136631 0.7445758827643528 0.08776991253782243 0.08976960831026656 -0.03753726620823507 0.9952545420933715 -5.609219365103172 11.72789224807832 1.3290030276335756 PINHOLE 1280 1024 1024.0877685546875 1023.894775390625 601.8067016601562 508.1316833496094
dataset_8_undistorted/keyframe_2_frame_000675.png 0.7394375887699228 0.6719889483612133 -0.04077180378465243 -0.6674081382778163 0.7396469057367038 0.08653304298617973 0.08830605884148296 -0.03677445602041753 0.9954139708835098 -5.439609254467541 11.561909530474054 1.1767307572963546 PINHOLE 1280 1024 1024.0877685546875 1023.894775390625 601.8067016601562 508.1316833496094
dataset_8_undistorted/keyframe_2_frame_000677.png 0.7352131490787976 0.6766591477761001 -0.039935867560067805 -0.6722401457488837 0.7354315737808095 0.08505182087295499 0.08692128719455217 -0.03568463689794885 0.9955758741341604 -5.337111033746851 11.40378734193257 1.285512305842417 PINHOLE 1280 1024 1024.0877685546875 1023.894775390625 601.8067016601562 508.1316833496094
dataset_8_undistorted/keyframe_2_frame_000678.png 0.7352660703577336 0.6765427028786826 -0.04091251000953678 -0.6721094104541996 0.7355771610652161 0.08482232803544656 0.08748030213987557 -0.0348694412706882 0.9955554973062006 -5.4585116797018145 11.333118778527023 1.5011356739759094 PINHOLE 1280 1024 1024.0877685546875 1023.894775390625 601.8067016601562 508.1316833496094
dataset_8_undistorted/keyframe_2_frame_000679.png 0.7359159271975723 0.6757514564439834 -0.042280890458137044 -0.6712470973107812 0.7363339062921045 0.08508222992779295 0.08862737247061722 -0.03423249225164192 0.995476229134514 -5.6637556734701775 11.409842796252065 1.694909478295017 PINHOLE 1280 1024 1024.0877685546875 1023.894775390625 601.8067016601562 508.1316833496094
dataset_8_undistorted/keyframe_2_frame_000680.png 0.7366956255343325 0.6747884627883479 -0.04404818772145004 -0.6701738532000362 0.7372474311619356 0.08563178509010125 0.09025784570247564 -0.03356478275245471 0.9953526481829708 -5.885526136250746 11.442501131625022 1.9290031001713714 PINHOLE 1280 1024 1024.0877685546875 1023.894775390625 601.8067016601562 508.1316833496094
dataset_8_undistorted/keyframe_2_frame_000681.png 0.7366748054270931 0.6746755730324197 -0.046073865236996615 -0.6699100942307404 0.7373810544631361 0.0865385992709743 0.09235953757104565 -0.032885611013443866 0.9951823385822409 -6.150948660306085 11.562978259458077 2.205611514390739 PINHOLE 1280 1024 1024.0877685546875 1023.894775390625 601.8067016601562 508.1316833496094
dataset_8_undistorted/keyframe_2_frame_000682.png 0.7361223889033719 0.6751114481181015 -0.04844964459990939 -0.6701492254897335 0.7370129786237182 0.0878102998636525 0.09498988522253543 -0.032170699538345345 0.9949577516600974 -6.473564990439627 11.733662223186457 2.458877355529694 PINHOLE 1280 1024 1024.0877685546875 1023.894775390625 601.8067016601562 508.1316833496094
dataset_8_undistorted/keyframe_2_frame_000683.png 0.7346679799175595 0.6765316751083077 -0.050668151164579324 -0.6713481943082542 0.7357325327225704 0.08937803766475515 0.09774540184976739 -0.03164720058523152 0.99470768570751 -6.765010372554798 11.942388073193683 2.7213714867995122 PINHOLE 1280 1024 1024.0877685546875 1023.894775390625 601.8067016601562 508.1316833496094
dataset_8_undistorted/keyframe_2_frame_000685.png 0.7303316764966904 0.6810002403856682 -0.05342537726089289 -0.6754791006602796 0.731623600849131 0.09194833353556378 0.10170421118014139 -0.031064949670043005 0.9943290969722023 -7.138412446114444 12.286581219990921 3.088089403983304 PINHOLE 1280 1024 1024.0877685546875 1023.894775390625 601.8067016601562 508.1316833496094
dataset_8_undistorted/keyframe_2_frame_000686.png 0.7273060220567713 0.6841095967440958 -0.054957387953601805 -0.6784148974957702 0.7287405043599541 0.09321995621084778 0.10382241388612302 -0.030515715372489552 0.9941277151526313 -7.340803558997322 12.456017849540103 3.2993857304470566 PINHOLE 1280 1024 1024.0877685546875 1023.894775390625 601.8067016601562 508.1316833496094
dataset_8_undistorted/keyframe_2_frame_000687.png 0.7240367334883302 0.6874980529455477 -0.05583057529248812 -0.6816904681199041 0.7255624501138447 0.09411130299777207 0.10521004261493148 -0.030080673680491502 0.9939945734732956 -7.459868126346237 12.575536894680681 3.4567818924721223 PINHOLE 1280 1024 1024.0877685546875 1023.894775390625 601.8067016601562 508.1316833496094
dataset_8_undistorted/keyframe_2_frame_000688.png 0.7218722116573225 0.6897273514082067 -0.05635974176315967 -0.683876865717115 0.723463210298803 0.09440582759644045 0.10588863834748954 -0.029605905813869744 0.9939369105999983 -7.5256383108012415 12.6141897847383 3.586713876962449 PINHOLE 1280 1024 1024.0877685546875 1023.894775390625 601.8067016601562 508.1316833496094
dataset_8_undistorted/keyframe_2_frame_000692.png 0.7262806627023711 0.6850580881595101 -0.056671108426248465 -0.6793730551158463 0.7279185159939122 0.09266280969573774 0.10473144030587066 -0.02879836103043521 0.9940830180680791 -7.5698154738161065 12.381571819377655 3.392726312446257 PINHOLE 1280 1024 1024.0877685546875 1023.894775390625 601.8067016601562 508.1316833496094
dataset_8_undistorted/keyframe_3_frame_000002.png 0.9999414823819653 -0.00968301048747033 0.0048260737311604076 0.00968112164485774 0.9999532421547694 0.00037008724408223436 -0.004829324628217976 -0.0003232295153299289 0.9999880702536762 0.6079778118819377 0.08907412633345757 -0.4003865227531378 PINHOLE 1280 1024 1024.0877685546875 1023.894775390625 601.8067016601562 508.1316833496094
dataset_8_undistorted/keyframe_3_frame_000003.png 0.9998974809480289 -0.013494810078884716 0.004854146163579252 0.013498160939662607 0.9999088532694788 -0.0005803574075954586 -0.004845767138414524 0.0006459037388893261 0.9999885744918481 0.6112460069205099 -0.0341574366112809 -0.25638002214623157 PINHOLE 1280 1024 1024.0877685546875 1023.894775390625 601.8067016601562 508.1316833496094
dataset_8_undistorted/keyframe_3_frame_000006.png 0.9998005777626001 -0.018913216079734185 0.006435269221278269 0.018939569612640476 0.9998126202305821 -0.004048576371113984 -0.006357320936524257 0.004169770768847166 0.9999711703351353 0.8210032382946792 -0.4838347068695157 0.5983958592665886 PINHOLE 1280 1024 1024.0877685546875 1023.894775390625 601.8067016601562 508.1316833496094
dataset_8_undistorted/keyframe_3_frame_000009.png 0.99958042905155 -0.027636775795974327 0.008700710144685285 0.02771362319791268 0.9995772237308299 -0.008807697190039895 -0.008453622828944822 0.009045169615655317 0.999923730065791 1.10858567990158 -1.0996004600456217 1.6248306792081166 PINHOLE 1280 1024 1024.0877685546875 1023.894775390625 601.8067016601562 508.1316833496094
dataset_8_undistorted/keyframe_3_frame_000010.png 0.999465355151757 -0.03132268104706995 0.009438796718546914 0.03142152266049938 0.9994517818201314 -0.010469516276345984 -0.00910567634522027 0.010760538620817961 0.9999010781098322 1.211794680298226 -1.315861845628092 2.0277164269272134 PINHOLE 1280 1024 1024.0877685546875 1023.894775390625 601.8067016601562 508.1316833496094
dataset_8_undistorted/keyframe_3_frame_000013.png 0.9991392060426489 -0.039781395855123636 0.011770974753953549 0.03995313326999496 0.99909299593549 -0.014751499050316749 -0.011173404357158611 0.015209184154001397 0.9998217583146138 1.510958222295585 -1.8700441726679173 3.086329066059875 PINHOLE 1280 1024 1024.0877685546875 1023.894775390625 601.8067016601562 508.1316833496094
dataset_8_undistorted/keyframe_3_frame_000014.png 0.9990519945650634 -0.041711452599604924 0.012460942982409035 0.04190619313007214 0.9989965722534125 -0.01580469073613179 -0.01178925100823616 0.016311910698777146 0.9997973234282684 1.5948965420102468 -2.0056911013258514 3.410464390244897 PINHOLE 1280 1024 1024.0877685546875 1023.894775390625 601.8067016601562 508.1316833496094
dataset_8_undistorted/keyframe_3_frame_000018.png 0.998859191692099 -0.045517578813827266 0.01444051473066389 0.045782529954222696 0.9987785509613007 -0.018590244069688833 -0.013576498880127201 0.01923030166249648 0.9997229584409584 1.8748301725336205 -2.4077039542490866 4.491423768806385 PINHOLE 1280 1024 1024.0877685546875 1023.894775390625 601.8067016601562 508.1316833496094
dataset_8_undistorted/keyframe_3_frame_000019.png 0.9989859792805906 -0.042429197637675595 0.015046339341810065 0.042712416511489285 0.9989058037280383 -0.019054727940563714 -0.014221254496943449 0.01967823977109631 0.9997048074301519 1.9270684320747478 -2.4259717553790097 4.594334366542853 PINHOLE 1280 1024 1024.0877685546875 1023.894775390625 601.8067016601562 508.1316833496094
dataset_8_undistorted/keyframe_3_frame_000020.png 0.9991160141452086 -0.039242738796615384 0.015064496921061314 0.03952496148588938 0.999039105977822 -0.018937419433689685 -0.01430681102650137 0.01951623561598146 0.9997069911623531 1.921841799314734 -2.3718362696821487 4.567883974924257 PINHOLE 1280 1024 1024.0877685546875 1023.894775390625 601.8067016601562 508.1316833496094
dataset_8_undistorted/keyframe_3_frame_000021.png 0.9993054389137597 -0.03399415044988563 0.015296391116650996 0.03428071071061833 0.9992346683661335 -0.01885531972150042 -0.014643704934016212 0.019366610092901294 0.9997055134950297 1.9623061310451249 -2.400542767574848 4.639595440089693 PINHOLE 1280 1024 1024.0877685546875 1023.894775390625 601.8067016601562 508.1316833496094
dataset_8_undistorted/keyframe_3_frame_000023.png 0.9994853563326336 -0.02747917274669704 0.01651365036684878 0.027792232628370554 0.9994317169636276 -0.01905625925501896 -0.015980632550950977 0.019505451545314356 0.9996815945159707 2.152662673739542 -2.5386347216420972 4.752484724553369 PINHOLE 1280 1024 1024.0877685546875 1023.894775390625 601.8067016601562 508.1316833496094
dataset_8_undistorted/keyframe_3_frame_000025.png 0.999615476824184 -0.020949067925686453 0.018153051222294842 0.02129899340996047 0.9995866590695408 -0.019303248791233123 -0.01774124368988814 0.019682498352814236 0.9996487827288597 2.340786626466979 -2.4595364784097455 4.914499734685478 PINHOLE 1280 1024 1024.0877685546875 1023.894775390625 601.8067016601562 508.1316833496094
dataset_8_undistorted/keyframe_3_frame_000026.png 0.9996411098002018 -0.01823507673643434 0.019628735010123584 0.018614933775615693 0.9996397180506021 -0.01933591280289913 -0.019268916144124768 0.019694484698389456 0.9996207013552628 2.543961280020767 -2.5039010734346903 4.9859600415205705 PINHOLE 1280 1024 1024.0877685546875 1023.894775390625 601.8067016601562 508.1316833496094
dataset_8_undistorted/keyframe_3_frame_000029.png 0.9996677281000412 -0.01149315713994921 0.023089055433626184 0.011962233907550766 0.9997231065592216 -0.02028016788690194 -0.022849404510855213 0.020549789625513726 0.9995278380463463 2.9722895961131144 -2.584454845263849 5.660851984511055 PINHOLE 1280 1024 1024.0877685546875 1023.894775390625 601.8067016601562 508.1316833496094
dataset_8_undistorted/keyframe_3_frame_000034.png 0.9994298135059054 -0.015941070140314435 0.02977274118285347 0.016596122266209847 0.9996231252476435 -0.021880673357982005 -0.029412569228917804 0.02236244193499665 0.999317418287912 3.8400683966801807 -2.7923132610103494 6.013026818096478 PINHOLE 1280 1024 1024.0877685546875 1023.894775390625 601.8067016601562 508.1316833496094
dataset_8_undistorted/keyframe_3_frame_000035.png 0.9993975221119848 -0.013492340179059457 0.0319920441076323 0.014186391166626627 0.9996673341156554 -0.02155357865586576 -0.03169038213267294 0.021994627997854094 0.9992561913479286 4.12201056271374 -2.7489149485528515 5.8916752492096975 PINHOLE 1280 1024 1024.0877685546875 1023.894775390625 601.8067016601562 508.1316833496094
dataset_8_undistorted/keyframe_3_frame_000036.png 0.9993517626749733 -0.010847772352541432 0.03433628524844859 0.011599949984041713 0.9996957758674057 -0.021777586237222122 -0.034089404510886115 0.022161947039457647 0.9991734839629809 4.433989787845121 -2.77937851304398 5.935357533745446 PINHOLE 1280 1024 1024.0877685546875 1023.894775390625 601.8067016601562 508.1316833496094
dataset_8_undistorted/keyframe_3_frame_000038.png 0.9992178718150538 -0.006094274909801655 0.039073161372002604 0.006988439526513767 0.9997160306735648 -0.022794104140727044 -0.038922928999616364 0.023049478131765968 0.9989761101451567 5.044811423428428 -2.9103237216796742 6.035961900430948 PINHOLE 1280 1024 1024.0877685546875 1023.894775390625 601.8067016601562 508.1316833496094
dataset_8_undistorted/keyframe_3_frame_000039.png 0.9991375711532596 -0.005118694844786049 0.041204188567250825 0.006072574603635366 0.9997156797820865 -0.02306067204183624 -0.0410742167474308 0.023291170015159936 0.9988844398437428 5.3208208357100375 -2.9447927473171376 6.044272319844822 PINHOLE 1280 1024 1024.0877685546875 1023.894775390625 601.8067016601562 508.1316833496094
dataset_8_undistorted/keyframe_3_frame_000042.png 0.9987432227170469 -0.01344907004836288 0.0482816379023144 0.014615162645877018 0.9996080974476294 -0.02387810606383292 -0.047941444859867795 0.02455385503019912 0.9985484876454046 6.245313224770371 -3.09031843459195 6.127215787644445 PINHOLE 1280 1024 1024.0877685546875 1023.894775390625 601.8067016601562 508.1316833496094
dataset_8_undistorted/keyframe_3_frame_000043.png 0.9985918166458578 -0.016740820678738225 0.05032949694900213 0.0179765040215637 0.9995450343376051 -0.024205327248713243 -0.04990132277117544 0.02507614319826078 0.9984391077679607 6.496171472374044 -3.092080708733988 6.223137611085235 PINHOLE 1280 1024 1024.0877685546875 1023.894775390625 601.8067016601562 508.1316833496094
dataset_8_undistorted/keyframe_3_frame_000044.png 0.9984003934433723 -0.020334441636850418 0.05274696581366177 0.021668982162189408 0.9994559229710329 -0.02486145617322516 -0.052212619686915 0.025964842683301133 0.9982981165280401 6.8293385231017965 -3.2185930590894714 6.3463068122797495 PINHOLE 1280 1024 1024.0877685546875 1023.894775390625 601.8067016601562 508.1316833496094
dataset_8_undistorted/keyframe_3_frame_000046.png 0.9980676738397226 -0.024422314851393012 0.05713232256235223 0.025921964362097583 0.9993346123504929 -0.025650459788116153 -0.05646790112067317 0.027081944954512518 0.998037500982223 7.376398012396521 -3.279400313851397 6.4791198551830576 PINHOLE 1280 1024 1024.0877685546875 1023.894775390625 601.8067016601562 508.1316833496094
dataset_8_undistorted/keyframe_3_frame_000047.png 0.9979066346120755 -0.026373431595913287 0.059048440160734336 0.027953090504338307 0.9992688502790223 -0.026079283107937223 -0.05831745209974691 0.027675376980299544 0.9979149214391948 7.6334512931625795 -3.336426450677777 6.561970879198157 PINHOLE 1280 1024 1024.0877685546875 1023.894775390625 601.8067016601562 508.1316833496094
dataset_8_undistorted/keyframe_3_frame_000048.png 0.9977291808019495 -0.028225400079959707 0.061154907991031016 0.029879875715741987 0.9992074108590397 -0.026304762052950466 -0.06036384536850945 0.028072429883456266 0.9977819456201912 7.899990004040092 -3.364636805336204 6.590076220590959 PINHOLE 1280 1024 1024.0877685546875 1023.894775390625 601.8067016601562 508.1316833496094
dataset_8_undistorted/keyframe_3_frame_000049.png 0.9975433315141818 -0.029983271881161733 0.06331692600593074 0.031708930587904055 0.9991482085010946 -0.02641987735131189 -0.06247076243248494 0.02836283556284249 0.9976441738683329 8.176743878445677 -3.3790929482471483 6.625240028928374 PINHOLE 1280 1024 1024.0877685546875 1023.894775390625 601.8067016601562 508.1316833496094
dataset_8_undistorted/keyframe_3_frame_000050.png 0.9973659141999386 -0.031984447636500324 0.06509772170631063 0.03377679797139 0.9990746742308182 -0.026623699567876233 -0.06418575717573297 0.028752596403054217 0.9975234404292753 8.407257988128777 -3.405514056215111 6.662006666194202 PINHOLE 1280 1024 1024.0877685546875 1023.894775390625 601.8067016601562 508.1316833496094
dataset_8_undistorted/keyframe_3_frame_000051.png 0.9971004484114456 -0.03525233081824729 0.06743756528106654 0.03714111069207504 0.9989463323522492 -0.026966892949854267 -0.06641569375419468 0.029393534208201785 0.9973586399936099 8.728449478267748 -3.4906023342772414 6.716868462579669 PINHOLE 1280 1024 1024.0877685546875 1023.894775390625 601.8067016601562 508.1316833496094
dataset_8_undistorted/keyframe_3_frame_000052.png 0.996853855305677 -0.037513235375219806 0.06981787421319827 0.03948297943974257 0.9988539270382648 -0.02705402503841851 -0.06872290360136471 0.029725667321821813 0.9971925187721487 9.006367934722903 -3.4215574964152893 6.780531900801634 PINHOLE 1280 1024 1024.0877685546875 1023.894775390625 601.8067016601562 508.1316833496094
dataset_8_undistorted/keyframe_3_frame_000054.png 0.9963731706875265 -0.04352810595285147 0.07312087721412835 0.04560895676180552 0.9985941501505678 -0.027024814934147948 -0.0718415603360636 0.03026187531366754 0.9969574606447398 9.445500275212453 -3.457591555242061 6.748714732032909 PINHOLE 1280 1024 1024.0877685546875 1023.894775390625 601.8067016601562 508.1316833496094
dataset_8_undistorted/keyframe_3_frame_000058.png 0.995851419734145 -0.04594394237416864 0.0785362533172063 0.048208832171246455 0.9984667991341191 -0.027192335902574572 -0.07716641736749466 0.03086577360828853 0.9965400198033283 10.174421759243614 -3.552131026900156 6.83003986823303 PINHOLE 1280 1024 1024.0877685546875 1023.894775390625 601.8067016601562 508.1316833496094
dataset_8_undistorted/keyframe_3_frame_000059.png 0.9957561555494444 -0.04449401596846154 0.08055731266107086 0.046853351489771364 0.9985193134881307 -0.027637778866980645 -0.07920826771086306 0.03129498664192369 0.9963667590851925 10.411538203722785 -3.5373802902042826 6.9673676928750865 PINHOLE 1280 1024 1024.0877685546875 1023.894775390625 601.8067016601562 508.1316833496094
dataset_8_undistorted/keyframe_3_frame_000060.png 0.9956144056345799 -0.04325122151280578 0.08295961842160027 0.04574008747755502 0.9985519873673585 -0.028332741484608508 -0.08161384544462413 0.03200319762576655 0.996150537053229 10.741084619171716 -3.6679600664858754 7.13694543565623 PINHOLE 1280 1024 1024.0877685546875 1023.894775390625 601.8067016601562 508.1316833496094
dataset_8_undistorted/keyframe_3_frame_000062.png 0.9952179460325271 -0.04188291906515228 0.08824458925404552 0.04467751678959221 0.998553118050719 -0.029930661629489975 -0.08686324740808916 0.03373023569521095 0.9956494200710787 11.434448558840813 -3.907135142614152 7.54428500610959 PINHOLE 1280 1024 1024.0877685546875 1023.894775390625 601.8067016601562 508.1316833496094
dataset_8_undistorted/keyframe_3_frame_000066.png 0.9940625008946296 -0.0506363133894986 0.09630815333266139 0.05398818963405222 0.9980118053372851 -0.03252144679682749 -0.09446987889085924 0.037527945719609525 0.9948198728619054 12.457234256110041 -4.170726400931926 8.223094540478087 PINHOLE 1280 1024 1024.0877685546875 1023.894775390625 601.8067016601562 508.1316833496094
dataset_8_undistorted/keyframe_3_frame_000068.png 0.9934123360139617 -0.05818671414500768 0.09872102622012065 0.06177181153507502 0.9975228427329587 -0.03365199286184154 -0.09651840675678196 0.039528536620529874 0.9945460814811646 12.784853824763786 -4.387838479799711 8.443664513784142 PINHOLE 1280 1024 1024.0877685546875 1023.894775390625 601.8067016601562 508.1316833496094
dataset_8_undistorted/keyframe_3_frame_000069.png 0.9930244028982834 -0.06261670199666372 0.09990539518451458 0.06632156464759222 0.9972119697846604 -0.03419890166934929 -0.09748551784825484 0.040586297613887885 0.9944090088701621 12.915732136622864 -4.387193623197049 8.576992221699243 PINHOLE 1280 1024 1024.0877685546875 1023.894775390625 601.8067016601562 508.1316833496094
dataset_8_undistorted/keyframe_3_frame_000071.png 0.9920833774425236 -0.07282554088623001 0.10230891438021116 0.07678094590464832 0.9964243850071982 -0.03526436960501164 -0.09937490884856318 0.042840639687530976 0.9941274963171141 13.233245548371087 -4.526245267851664 8.838552824738372 PINHOLE 1280 1024 1024.0877685546875 1023.894775390625 601.8067016601562 508.1316833496094
dataset_8_undistorted/keyframe_3_frame_000072.png 0.9915311854100238 -0.07846622445996101 0.10347971356567563 0.08255590519303344 0.9959414642884364 -0.03584465193509491 -0.10024702506544683 0.044084130480866734 0.9939853038483087 13.39814168665157 -4.671179053114088 8.923724947170513 PINHOLE 1280 1024 1024.0877685546875 1023.894775390625 601.8067016601562 508.1316833496094
dataset_8_undistorted/keyframe_3_frame_000073.png 0.9909560198749614 -0.0841496807797533 0.10452632356364465 0.08836945179403853 0.9954226999890406 -0.03640958447238498 -0.10098391363396417 0.04531739786402873 0.9938555261520788 13.527199071290397 -4.706449245193312 9.080149611093589 PINHOLE 1280 1024 1024.0877685546875 1023.894775390625 601.8067016601562 508.1316833496094
dataset_8_undistorted/keyframe_3_frame_000074.png 0.9903080709243106 -0.0903645845088379 0.10547194854074272 0.0947217130635055 0.9948144510005978 -0.03704561859736221 -0.10157740548526162 0.04667725394940445 0.9937325853416287 13.635894377904151 -4.787111672176479 9.179591309371403 PINHOLE 1280 1024 1024.0877685546875 1023.894775390625 601.8067016601562 508.1316833496094
dataset_8_undistorted/keyframe_3_frame_000076.png 0.9888740777062253 -0.10318867381310057 0.10714297859299528 0.1078260093695228 0.9934272466297107 -0.03841397024012329 -0.10247479971116182 0.04953957264723944 0.9935013489051644 13.854479647947528 -4.934196889887289 9.439559967415903 PINHOLE 1280 1024 1024.0877685546875 1023.894775390625 601.8067016601562 508.1316833496094
dataset_8_undistorted/keyframe_3_frame_000077.png 0.9880475090995229 -0.1100151162215142 0.1079768003796422 0.1147921764068383 0.9926220492371688 -0.039048692387108896 -0.10288417826685245 0.05097694251911669 0.9933864876286609 13.96219728506071 -5.016456578930388 9.546858458961651 PINHOLE 1280 1024 1024.0877685546875 1023.894775390625 601.8067016601562 508.1316833496094
dataset_8_undistorted/keyframe_3_frame_000079.png 0.9863024329581042 -0.12325860563737033 0.1096097861544918 0.12830652439241808 0.9909182212657994 -0.04022895048493221 -0.10365575055777607 0.05374172591418447 0.993160590368401 14.169664617826129 -5.169145555419163 9.740712903667031 PINHOLE 1280 1024 1024.0877685546875 1023.894775390625 601.8067016601562 508.1316833496094
dataset_8_undistorted/keyframe_3_frame_000080.png 0.9853817180430055 -0.1297497882166027 0.11039934727868443 0.13493411487527965 0.9900131750070732 -0.04083378201094133 -0.10399841733550352 0.05513368028805497 0.9930478695391471 14.256539306072 -5.2096504532487415 9.859845918351311 PINHOLE 1280 1024 1024.0877685546875 1023.894775390625 601.8067016601562 508.1316833496094
dataset_8_undistorted/keyframe_3_frame_000082.png 0.9833636263168563 -0.14319454966837644 0.11176580456398252 0.14866640241718443 0.9879859849945293 -0.04222164968470918 -0.10437703402489817 0.05813517182748702 0.9928372973247066 14.451447253164588 -5.427977267630354 10.026240199589438 PINHOLE 1280 1024 1024.0877685546875 1023.894775390625 601.8067016601562 508.1316833496094
dataset_8_undistorted/keyframe_3_frame_000083.png 0.9822644883775407 -0.1500544611003591 0.11242936044956328 0.15566664970589741 0.9868793883431501 -0.04286824260800249 -0.10452158854311147 0.05960956239200709 0.9927349152987528 14.540548629752266 -5.512213755097832 10.10717836286392 PINHOLE 1280 1024 1024.0877685546875 1023.894775390625 601.8067016601562 508.1316833496094
dataset_8_undistorted/keyframe_3_frame_000086.png 0.9787819082320305 -0.17010036345390755 0.11424467988589244 0.17611888260856523 0.9833511188791593 -0.044756696120548244 -0.10472950714566427 0.0639278807219582 0.9924443909193662 14.75115813032562 -5.719357444356092 10.2683534430912 PINHOLE 1280 1024 1024.0877685546875 1023.894775390625 601.8067016601562 508.1316833496094
dataset_8_undistorted/keyframe_3_frame_000088.png 0.9763562591021001 -0.1828832195556696 0.11524792257692362 0.1891574340503282 0.9808695941646516 -0.04598800114935618 -0.10463268416210743 0.06670082087586714 0.9922718351177451 14.904124479999155 -5.916817681958264 10.348504451728104 PINHOLE 1280 1024 1024.0877685546875 1023.894775390625 601.8067016601562 508.1316833496094
dataset_8_undistorted/keyframe_3_frame_000092.png 0.9718020283053029 -0.2049006993282645 0.11668982256402137 0.21163312383099292 0.9761486504305248 -0.04843253136148964 -0.10398273349519797 0.07176247878525058 0.991987068686482 15.086382369814373 -6.233641774574039 10.467488254483442 PINHOLE 1280 1024 1024.0877685546875 1023.894775390625 601.8067016601562 508.1316833496094
dataset_8_undistorted/keyframe_3_frame_000096.png 0.9672042130143419 -0.22470962849392107 0.11841266898687704 0.23186025621187176 0.9714451055456697 -0.05035663485440145 -0.10371570024923286 0.07616061559989737 0.9916872377075164 15.312276714427071 -6.483431961392171 10.554048546768627 PINHOLE 1280 1024 1024.0877685546875 1023.894775390625 601.8067016601562 508.1316833496094
dataset_8_undistorted/keyframe_3_frame_000097.png 0.9662343246324444 -0.22868465121386997 0.11871831464573276 0.23592037153372736 0.970444190598035 -0.05078671063530898 -0.10359527209074425 0.07708021115466844 0.991627787970774 15.326021386033744 -6.502833291144384 10.565583693560143 PINHOLE 1280 1024 1024.0877685546875 1023.894775390625 601.8067016601562 508.1316833496094
dataset_8_undistorted/keyframe_3_frame_000098.png 0.9651659758985216 -0.2329869470429902 0.11904270676636564 0.24031202493957565 0.9693439217463002 -0.05121134094284531 -0.10346178249659162 0.07803506108908763 0.9915677845063267 15.40551314870595 -6.624624175876306 10.574550957067913 PINHOLE 1280 1024 1024.0877685546875 1023.894775390625 601.8067016601562 508.1316833496094
dataset_8_undistorted/keyframe_3_frame_000099.png 0.9640625166392262 -0.23734330907527798 0.11937675509852258 0.24475542919957458 0.9682096197120795 -0.051617074658286834 -0.10333072350408781 0.07898034116510068 0.9915059289252903 15.433054371712842 -6.646691944832355 10.570347229015056 PINHOLE 1280 1024 1024.0877685546875 1023.894775390625 601.8067016601562 508.1316833496094
dataset_8_undistorted/keyframe_3_frame_000100.png 0.9629175895274236 -0.2417924910347778 0.11968922636380187 0.24929343901401554 0.9670289981703645 -0.052038826069250026 -0.10316045817813023 0.07994696609548677 0.9914469754793939 15.508382963431814 -6.767514817945994 10.571227702540341 PINHOLE 1280 1024 1024.0877685546875 1023.894775390625 601.8067016601562 508.1316833496094
dataset_8_undistorted/keyframe_3_frame_000106.png 0.956536760048143 -0.2652303609711303 0.1212017614509425 0.27313347812415667 0.9604723698438937 -0.05376443501152508 -0.10215078361880459 0.08453214626751238 0.9911701706265027 15.738276756023879 -7.055337805358363 10.551456659233054 PINHOLE 1280 1024 1024.0877685546875 1023.894775390625 601.8067016601562 508.1316833496094
dataset_8_undistorted/keyframe_3_frame_000113.png 0.9491771297955316 -0.2900928050739797 0.12210181855129117 0.2982971911849836 0.9528901267814366 -0.054954996497584604 -0.10040740640238852 0.08858490250430093 0.9909954173478802 15.825853139373748 -7.144466254294457 10.547893191692992 PINHOLE 1280 1024 1024.0877685546875 1023.894775390625 601.8067016601562 508.1316833496094
dataset_8_undistorted/keyframe_3_frame_000116.png 0.9456988126454949 -0.3011519424706433 0.12231625356540599 0.3094570302961062 0.9493018183492796 -0.05534299839588024 -0.09944827160145196 0.09018971773807251 0.9909468791724383 15.8185000116016 -7.160209754115272 10.527391368943654 PINHOLE 1280 1024 1024.0877685546875 1023.894775390625 601.8067016601562 508.1316833496094
dataset_8_undistorted/keyframe_3_frame_000117.png 0.9444242884466859 -0.3050862720634998 0.12241262774090138 0.3134256047975757 0.947992969694213 -0.05544454380359889 -0.09913077641152264 0.09073071425585061 0.9909295600130524 15.859412952310322 -7.207625662405576 10.52414310337258 PINHOLE 1280 1024 1024.0877685546875 1023.894775390625 601.8067016601562 508.1316833496094
dataset_8_undistorted/keyframe_3_frame_000120.png 0.9406934724939146 -0.3162812067637188 0.12272947793927068 0.3247171046609866 0.9441704329136829 -0.055698625225781735 -0.09826086584206035 0.09224786677752628 0.9908763853534072 15.893796367006644 -7.240498344797288 10.543014414232971 PINHOLE 1280 1024 1024.0877685546875 1023.894775390625 601.8067016601562 508.1316833496094
dataset_8_undistorted/keyframe_3_frame_000122.png 0.9378621613102472 -0.3245131744686024 0.12290720026390242 0.3330273747012742 0.9412525799259529 -0.05601555559606942 -0.09750880748201882 0.09346645282175865 0.99083651864818 15.923956122519257 -7.281388914158697 10.607889807900392 PINHOLE 1280 1024 1024.0877685546875 1023.894775390625 601.8067016601562 508.1316833496094
dataset_8_undistorted/keyframe_3_frame_000127.png 0.9305446670070553 -0.3446084862748607 0.12382084705127384 0.35334903611635027 0.9337717797177147 -0.056705154173597644 -0.09607931446866225 0.09651885252840173 0.9906833015916682 16.046463620758345 -7.370355811959939 10.747960453538894 PINHOLE 1280 1024 1024.0877685546875 1023.894775390625 601.8067016601562 508.1316833496094
dataset_8_undistorted/keyframe_3_frame_000128.png 0.92913154586748 -0.34834645892405774 0.12397231807453926 0.3571413183010804 0.9323109619111264 -0.05698108847513845 -0.09573131788622029 0.09721889972883159 0.9906484081076922 16.06620471494614 -7.405891202950329 10.770907198047666 PINHOLE 1280 1024 1024.0877685546875 1023.894775390625 601.8067016601562 508.1316833496094
dataset_8_undistorted/keyframe_3_frame_000129.png 0.9277171045188207 -0.3520492872645262 0.12410263027872423 0.36089731424821325 0.9308459013278696 -0.05726432560213833 -0.095360660304244 0.09791355527121275 0.9906159835865571 16.047610084665394 -7.381186267924363 10.819310875391807 PINHOLE 1280 1024 1024.0877685546875 1023.894775390625 601.8067016601562 508.1316833496094
dataset_8_undistorted/keyframe_3_frame_000131.png 0.9248046765952179 -0.359510944953353 0.12444865343557275 0.36847768896794725 0.9278329287481739 -0.057884559368117074 -0.09465744664848018 0.09938873396102485 0.9905364995670594 16.124634353985698 -7.522833649530071 10.831523116820563 PINHOLE 1280 1024 1024.0877685546875 1023.894775390625 601.8067016601562 508.1316833496094
dataset_8_undistorted/keyframe_3_frame_000132.png 0.9234645451640044 -0.3628717134822249 0.12464621305014785 0.3718840103461754 0.9264630826120168 -0.05803870232573748 -0.09441950086526463 0.09995093380306574 0.9905027080458095 16.090456558007304 -7.449419962932552 10.896396982174906 PINHOLE 1280 1024 1024.0877685546875 1023.894775390625 601.8067016601562 508.1316833496094
dataset_8_undistorted/keyframe_3_frame_000133.png 0.9220808392167661 -0.3662922100096959 0.12488669409015209 0.37535264791945977 0.9250547951616982 -0.05817418197577835 -0.09421824832433699 0.10051809262909828 0.9904640676342408 16.11783799021157 -7.467337215740599 10.908703653902762 PINHOLE 1280 1024 1024.0877685546875 1023.894775390625 601.8067016601562 508.1316833496094
dataset_8_undistorted/keyframe_3_frame_000135.png 0.9192874496116045 -0.37309232593007613 0.12535075126600034 0.3822627046095414 0.9221935603793578 -0.05860550074851771 -0.09373233014233313 0.10179238782899871 0.9903799447816024 16.201519499185792 -7.555516633132697 10.92886643109 PINHOLE 1280 1024 1024.0877685546875 1023.894775390625 601.8067016601562 508.1316833496094
dataset_8_undistorted/keyframe_3_frame_000137.png 0.916390092630646 -0.38003129340788133 0.1257175590297557 0.38932233655839066 0.9191937498046836 -0.05925195458366573 -0.093041281044535 0.1032427992796192 0.9902949751584785 16.217577142290565 -7.6079685417690825 10.966923121575519 PINHOLE 1280 1024 1024.0877685546875 1023.894775390625 601.8067016601562 508.1316833496094
dataset_8_undistorted/keyframe_3_frame_000140.png 0.9085953550252097 -0.39799246759178436 0.12671573699676797 0.4075841699994944 0.9111443197930413 -0.0607675325541923 -0.09127117779013728 0.10686061221694422 0.990076420045286 16.380776030863103 -7.836309680499426 11.052368632352227 PINHOLE 1280 1024 1024.0877685546875 1023.894775390625 601.8067016601562 508.1316833496094
dataset_8_undistorted/keyframe_3_frame_000141.png 0.9067442744684969 -0.40213144581811 0.12690253339543203 0.4117895082359209 0.9092246332835978 -0.0611510956588861 -0.09079236766979625 0.107705607270477 0.990028142300917 16.41180270980999 -7.885634783775458 11.093972402603299 PINHOLE 1280 1024 1024.0877685546875 1023.894775390625 601.8067016601562 508.1316833496094
dataset_8_undistorted/keyframe_3_frame_000144.png 0.9009469372691351 -0.4147840681665605 0.12747055403357765 0.4246386560554543 0.9032203057064654 -0.06225429473076776 -0.08931174534123047 0.11021700284565605 0.989886850446623 16.492035896412972 -8.05713402823801 11.148515174355794 PINHOLE 1280 1024 1024.0877685546875 1023.894775390625 601.8067016601562 508.1316833496094
dataset_8_undistorted/keyframe_3_frame_000147.png 0.8948802926580303 -0.4275310232933902 0.1280884057893856 0.43757887927210426 0.8969504244539059 -0.0632885625019482 -0.0878309394771658 0.11268469470626903 0.9897415388316152 16.56439831864202 -8.163255384765307 11.258275884811269 PINHOLE 1280 1024 1024.0877685546875 1023.894775390625 601.8067016601562 508.1316833496094
dataset_8_undistorted/keyframe_3_frame_000149.png 0.8906462261438038 -0.4361460120312365 0.12855243677866174 0.4463359875879353 0.8925675151582698 -0.06408521260507737 -0.08679112225271857 0.11445509176306588 0.9896295559772645 16.58070747681245 -8.237727975651637 11.30736737625216 PINHOLE 1280 1024 1024.0877685546875 1023.894775390625 601.8067016601562 508.1316833496094
dataset_8_undistorted/keyframe_3_frame_000151.png 0.8860805727028951 -0.44518525075859916 0.129118134268599 0.45552430398462745 0.8878610043109685 -0.06481566230024029 -0.08578399391475658 0.11624860955691309 0.9895087218992414 16.667232167956286 -8.331972434299246 11.413546433480747 PINHOLE 1280 1024 1024.0877685546875 1023.894775390625 601.8067016601562 508.1316833496094
dataset_8_undistorted/keyframe_3_frame_000152.png 0.8837514524555391 -0.44972017870659703 0.1293643792342477 0.46013252820636164 0.8854506519805312 -0.06522896214569517 -0.08521087942134534 0.11717125814356569 0.9894489644713835 16.70564672234707 -8.38518238284314 11.46842815992477 PINHOLE 1280 1024 1024.0877685546875 1023.894775390625 601.8067016601562 508.1316833496094
dataset_8_undistorted/keyframe_3_frame_000155.png 0.8764082885736141 -0.4636737009173022 0.1300584374566249 0.47429962525349767 0.8778514491541516 -0.06646059732938726 -0.08335611954333672 0.11993332078823705 0.9892762592163042 16.77373131981392 -8.547515886840074 11.541569975699758 PINHOLE 1280 1024 1024.0877685546875 1023.894775390625 601.8067016601562 508.1316833496094
dataset_8_undistorted/keyframe_3_frame_000159.png 0.8661370964916084 -0.4823400335978434 0.1309731864606562 0.49324908018870717 0.8672115388407504 -0.06818658628274175 -0.08069240106286807 0.12366148013272044 0.9890380996880164 16.922129164385638 -8.800561445371727 11.665797194227366 PINHOLE 1280 1024 1024.0877685546875 1023.894775390625 601.8067016601562 508.1316833496094
dataset_8_undistorted/keyframe_3_frame_000160.png 0.863544184300331 -0.48691385809407267 0.1311715010334354 0.49789010336582823 0.8645195028247133 -0.06864103756458023 -0.07997797753605933 0.12458383262656689 0.9889804839920165 16.958001169973272 -8.85854428702828 11.723891152998249 PINHOLE 1280 1024 1024.0877685546875 1023.894775390625 601.8067016601562 508.1316833496094
dataset_8_undistorted/keyframe_3_frame_000162.png 0.8586750998368308 -0.49535664375208716 0.13152362403724124 0.5064603748333569 0.8594530289497859 -0.06956228863088942 -0.07858030717235436 0.1263430284541356 0.9888697228707901 16.99985417796381 -8.978561791902735 11.773718528983864 PINHOLE 1280 1024 1024.0877685546875 1023.894775390625 601.8067016601562 508.1316833496094
dataset_8_undistorted/keyframe_3_frame_000163.png 0.8563700474176299 -0.49928420693377157 0.1317020561868121 0.5104450457258485 0.8570594591552455 -0.06996102131481363 -0.07794593021717222 0.1271393596644968 0.9888171591444935 17.029690734361452 -9.029591468997069 11.818006514048534 PINHOLE 1280 1024 1024.0877685546875 1023.894775390625 601.8067016601562 508.1316833496094
dataset_8_undistorted/keyframe_3_frame_000164.png 0.8541800082211275 -0.5029894443507475 0.13182595457941174 0.5142118080581508 0.8547612622802516 -0.07049930684128773 -0.07721924931129401 0.12800576005524295 0.9887630425658126 17.038767906511225 -9.100218072713801 11.830233350875119 PINHOLE 1280 1024 1024.0877685546875 1023.894775390625 601.8067016601562 508.1316833496094
dataset_8_undistorted/keyframe_3_frame_000167.png 0.8481914281271986 -0.5129237023865889 0.1322141070009692 0.5243133563153397 0.848480829789704 -0.07194685081177572 -0.07527783817250487 0.13034651012565068 0.9886067694418568 17.138029540073376 -9.34084836238776 11.89313890744404 PINHOLE 1280 1024 1024.0877685546875 1023.894775390625 601.8067016601562 508.1316833496094
dataset_8_undistorted/keyframe_3_frame_000168.png 0.8464510536822031 -0.5157584240034863 0.13233937788787137 0.5271920513972964 0.8466651426136376 -0.07229763619032961 -0.07475897161853894 0.13096502013494943 0.9885644126177292 17.076015829417088 -9.306491738470754 11.962125371356024 PINHOLE 1280 1024 1024.0877685546875 1023.894775390625 601.8067016601562 508.1316833496094
dataset_8_undistorted/keyframe_3_frame_000169.png 0.8447513813110578 -0.5185063920234572 0.13246254175385805 0.529988865698593 0.8448808079131448 -0.07272243226796239 -0.07420800936672316 0.1316362759641753 0.9885165779809716 17.084907638905406 -9.36243090928076 11.970725388643245 PINHOLE 1280 1024 1024.0877685546875 1023.894775390625 601.8067016601562 508.1316833496094
dataset_8_undistorted/keyframe_3_frame_000170.png 0.8431691855870368 -0.5210523229612093 0.13255185709576264 0.5325859142771043 0.8432020078186587 -0.07323664748605006 -0.07360794322746339 0.1323462899227941 0.9884670599407671 17.096296213632627 -9.42938620369182 11.997066902772985 PINHOLE 1280 1024 1024.0877685546875 1023.894775390625 601.8067016601562 508.1316833496094
dataset_8_undistorted/keyframe_3_frame_000171.png 0.8415596261135888 -0.5236278558175714 0.132630340562729 0.5352120436973203 0.8414884484710494 -0.07378797229510359 -0.07296957013821374 0.13308248987160143 0.9884147371497024 17.152899957123736 -9.553436457326484 11.997973369115812 PINHOLE 1280 1024 1024.0877685546875 1023.894775390625 601.8067016601562 508.1316833496094
dataset_8_undistorted/keyframe_3_frame_000174.png 0.8333407006935384 -0.5365179137634605 0.13301111386264924 0.5482807069258936 0.8328722611759533 -0.07558556376989282 -0.07022807616121628 0.13591626568582849 0.9882285149989357 17.18424012592118 -9.761205815009362 12.11089379313671 PINHOLE 1280 1024 1024.0877685546875 1023.894775390625 601.8067016601562 508.1316833496094
dataset_8_undistorted/keyframe_3_frame_000180.png 0.8218329888080717 -0.5538766449206649 0.13345926955423085 0.5657651922298422 0.8209918060785651 -0.07670118538983134 -0.06708584098960339 0.13854240542620808 0.9880820776873646 17.221868492402564 -9.879413767782808 12.203273420764958 PINHOLE 1280 1024 1024.0877685546875 1023.894775390625 601.8067016601562 508.1316833496094
dataset_8_undistorted/keyframe_3_frame_000182.png 0.814366334720096 -0.5647493279094596 0.13366322697957253 0.5766730327706159 0.813341270324764 -0.07697824680303382 -0.06524027197080191 0.13976872358297604 0.9880332235810396 17.296739566730707 -9.966030428916838 12.187766739907147 PINHOLE 1280 1024 1024.0877685546875 1023.894775390625 601.8067016601562 508.1316833496094
dataset_8_undistorted/keyframe_3_frame_000186.png 0.8041750108912816 -0.5791051138345292 0.13394074910368362 0.5910208720423045 0.8030149709120289 -0.07656010374392422 -0.06321997562229724 0.1407297619345808 0.9880274766804905 17.2691542759635 -9.865290123958857 12.232767946383774 PINHOLE 1280 1024 1024.0877685546875 1023.894775390625 601.8067016601562 508.1316833496094
dataset_8_undistorted/keyframe_3_frame_000188.png 0.7999232494688635 -0.5849355871316643 0.1340630382619525 0.596851496519164 0.7987049828314583 -0.07641539062764939 -0.062378845825279666 0.14114239304209175 0.9880224335052747 17.338328250125983 -9.895236115435637 12.24113014491354 PINHOLE 1280 1024 1024.0877685546875 1023.894775390625 601.8067016601562 508.1316833496094
dataset_8_undistorted/keyframe_3_frame_000190.png 0.7960136275439799 -0.5902137368947964 0.13419766854896012 0.6021255074253345 0.7947594189605395 -0.07617287756869011 -0.06169661754280062 0.14143869656611535 0.98802281984303 17.33288027668175 -9.840347069218296 12.26055723617526 PINHOLE 1280 1024 1024.0877685546875 1023.894775390625 601.8067016601562 508.1316833496094
dataset_8_undistorted/keyframe_3_frame_000192.png 0.7905096774327717 -0.5975044969181269 0.1344710617538549 0.6094277234563781 0.7891984345602726 -0.07592080749716601 -0.06076134521440768 0.14196665116115806 0.9880050179793134 17.422732855473214 -9.855089926845267 12.257040889695759 PINHOLE 1280 1024 1024.0877685546875 1023.894775390625 601.8067016601562 508.1316833496094
dataset_8_undistorted/keyframe_3_frame_000193.png 0.7886988793132542 -0.5998762735244344 0.1345454764021415 0.6118015582027815 0.7873666093285799 -0.07584727465304944 -0.06043765656134891 0.1421359425397886 0.9880003173044727 17.3627992464792 -9.771872688550275 12.337399764434736 PINHOLE 1280 1024 1024.0877685546875 1023.894775390625 601.8067016601562 508.1316833496094
dataset_8_undistorted/keyframe_3_frame_000195.png 0.784766418296068 -0.6049570783521209 0.13479026751966822 0.6169113336535637 0.7833662273688885 -0.07588424319569584 -0.05968345636228503 0.14270523280529446 0.987964436769093 17.412567393143604 -9.803086519698809 12.279800616404827 PINHOLE 1280 1024 1024.0877685546875 1023.894775390625 601.8067016601562 508.1316833496094
dataset_8_undistorted/keyframe_3_frame_000196.png 0.7828625894606513 -0.6073949750504946 0.13489811512113162 0.6193617890448941 0.7814265025105966 -0.07591646316484546 -0.059301631951341256 0.14298321581400375 0.9879466276600546 17.391387624197478 -9.784664017121258 12.289110626262413 PINHOLE 1280 1024 1024.0877685546875 1023.894775390625 601.8067016601562 508.1316833496094
dataset_8_undistorted/keyframe_3_frame_000198.png 0.7788323547789676 -0.6124942780649616 0.13516938551183047 0.6245018586321296 0.7773079602267533 -0.07609513161686533 -0.05846042822716975 0.14367907734421265 0.9878965686184995 17.432854822867967 -9.807115088555065 12.296881043075246 PINHOLE 1280 1024 1024.0877685546875 1023.894775390625 601.8067016601562 508.1316833496094
dataset_8_undistorted/keyframe_3_frame_000199.png 0.7767521252251941 -0.6151018733333746 0.13529919414459612 0.6271332446995864 0.7751685307254155 -0.07627360969540832 -0.05796360418776918 0.14409658863862626 0.9878645880182955 17.449476431427 -9.830315789876295 12.289479314634377 PINHOLE 1280 1024 1024.0877685546875 1023.894775390625 601.8067016601562 508.1316833496094
dataset_8_undistorted/keyframe_3_frame_000200.png 0.7746465397855717 -0.6177257919192031 0.13541706894491667 0.6297844908109492 0.7729909396735792 -0.07653454590610054 -0.05739884692245654 0.1445709359982993 0.9878287503992411 17.458022052087586 -9.865672038312141 12.262691443445078 PINHOLE 1280 1024 1024.0877685546875 1023.894775390625 601.8067016601562 508.1316833496094
dataset_8_undistorted/keyframe_3_frame_000201.png 0.7726195372484991 -0.620233468261989 0.13553473290539575 0.6323178804388125 0.7708942722084164 -0.07678566635634992 -0.05685785205246144 0.14502739577715593 0.9877924428020476 17.48630763821859 -9.895834407923758 12.280256629528935 PINHOLE 1280 1024 1024.0877685546875 1023.894775390625 601.8067016601562 508.1316833496094
dataset_8_undistorted/keyframe_3_frame_000202.png 0.7706419467239379 -0.6226595404167734 0.13566927974463464 0.6347725895376126 0.7688513147924778 -0.07702427038391522 -0.05634958852715005 0.1454774272588068 0.9877561112740622 17.529242609943026 -9.951046753864603 12.227880932967992 PINHOLE 1280 1024 1024.0877685546875 1023.894775390625 601.8067016601562 508.1316833496094
dataset_8_undistorted/keyframe_3_frame_000203.png 0.7688642067709287 -0.6248276481797401 0.13578774902329355 0.6369635907675653 0.7670170700105569 -0.077217949431499 -0.055903575529090706 0.1458621978911836 0.9877243973987749 17.56832839337619 -9.998696726025855 12.214578138752245 PINHOLE 1280 1024 1024.0877685546875 1023.894775390625 601.8067016601562 508.1316833496094
dataset_8_undistorted/keyframe_3_frame_000204.png 0.7659239592464957 -0.6283872574305731 0.13597917995815784 0.640570684225903 0.7639572263934378 -0.0777155949890209 -0.055046683171795424 0.14662877702983976 0.9876592324618587 17.540071152129144 -10.017845513345492 12.212495445091236 PINHOLE 1280 1024 1024.0877685546875 1023.894775390625 601.8067016601562 508.1316833496094
dataset_8_undistorted/keyframe_3_frame_000205.png 0.7631824234629212 -0.6316715106426298 0.13617493696129956 0.6439210098493043 0.7610505310905994 -0.0785417128762851 -0.0540235646710399 0.14762765902610395 0.9875668248140432 17.555328405592036 -10.127107068992473 12.166316924389207 PINHOLE 1280 1024 1024.0877685546875 1023.894775390625 601.8067016601562 508.1316833496094
dataset_8_undistorted/keyframe_3_frame_000206.png 0.7616100126592927 -0.6335397698255106 0.13629712905039476 0.6458215415859977 0.7593986965750676 -0.07891041071299577 -0.0535110317474235 0.14812281955498283 0.9875197468696741 17.56764399713586 -10.175563143277486 12.151149012437713 PINHOLE 1280 1024 1024.0877685546875 1023.894775390625 601.8067016601562 508.1316833496094
dataset_8_undistorted/keyframe_3_frame_000210.png 0.750482396709587 -0.646455384918513 0.13737469471762231 0.6590057806250457 0.7476851714873401 -0.08172709070892083 -0.049879925731482186 0.15186577044505234 0.9871422691655463 17.749217049170284 -10.561316836051446 12.198318675831956 PINHOLE 1280 1024 1024.0877685546875 1023.894775390625 601.8067016601562 508.1316833496094
dataset_8_undistorted/keyframe_3_frame_000213.png 0.7432528788588926 -0.6546341040758239 0.13794473274133623 0.6673609970093513 0.739956757409105 -0.08421720200103257 -0.046941750368624545 0.1546538172709749 0.9868527270513694 17.822943377508523 -10.883932601561128 12.431852900603872 PINHOLE 1280 1024 1024.0877685546875 1023.894775390625 601.8067016601562 508.1316833496094
dataset_8_undistorted/keyframe_3_frame_000214.png 0.7413682522285011 -0.6567371492615427 0.13809005832307128 0.6695102175238389 0.7379330995950462 -0.08491448536941824 -0.046134832922034956 0.15540578562648513 0.9867727993656549 17.872960360587967 -10.994633001369039 12.532294262005735 PINHOLE 1280 1024 1024.0877685546875 1023.894775390625 601.8067016601562 508.1316833496094
dataset_8_undistorted/keyframe_3_frame_000215.png 0.7390255883523968 -0.6593298013552605 0.1382935329698439 0.6721736553804976 0.7353791367580667 -0.08602301931603377 -0.04498075926876344 0.15653072610333515 0.9866482730033378 17.889514132694217 -11.140336177161089 12.636810256282274 PINHOLE 1280 1024 1024.0877685546875 1023.894775390625 601.8067016601562 508.1316833496094
dataset_8_undistorted/keyframe_3_frame_000219.png 0.7287974189920279 -0.6704050952591565 0.1393227165530697 0.6836411562008043 0.7238820068703187 -0.09289265555246412 -0.038577648554331746 0.162946825787814 0.9858802039321649 17.967295040015756 -11.988362129761072 13.272092505422165 PINHOLE 1280 1024 1024.0877685546875 1023.894775390625 601.8067016601562 508.1316833496094
dataset_8_undistorted/keyframe_3_frame_000221.png 0.7232383386277637 -0.6762126900760074 0.1402229030657592 0.6896896165179345 0.7176528189310959 -0.09644860245581086 -0.03541165329510097 0.16646584991346253 0.9854109871306285 18.08670493712907 -12.448823405780331 13.652531146927345 PINHOLE 1280 1024 1024.0877685546875 1023.894775390625 601.8067016601562 508.1316833496094
dataset_8_undistorted/keyframe_3_frame_000222.png 0.72077819856224 -0.6787261060827401 0.14074812424785293 0.692323778222111 0.7149122014964828 -0.09792382277472755 -0.034159026338279316 0.16802488306917587 0.9851910572350706 18.14809679217774 -12.641613264329635 13.799344880298463 PINHOLE 1280 1024 1024.0877685546875 1023.894775390625 601.8067016601562 508.1316833496094
dataset_8_undistorted/keyframe_3_frame_000229.png 0.7061335009103376 -0.693373424152076 0.1435566444271311 0.7075901948728773 0.6985175935081451 -0.10671739584005845 -0.026281841793269856 0.17693614690604786 0.9838711701458306 18.634552101444115 -13.85901609503776 14.686884376552939 PINHOLE 1280 1024 1024.0877685546875 1023.894775390625 601.8067016601562 508.1316833496094
dataset_8_undistorted/keyframe_3_frame_000230.png 0.7037766518403606 -0.6956964334748179 0.14389107183589778 0.709961318850559 0.6960289704744865 -0.10723152511230045 -0.025551868111374318 0.17762441292063152 0.9837666508627477 18.55416041421165 -13.848814463975259 14.747483367670156 PINHOLE 1280 1024 1024.0877685546875 1023.894775390625 601.8067016601562 508.1316833496094
dataset_8_undistorted/keyframe_3_frame_000233.png 0.6938574186876378 -0.7052647434422871 0.14547824357476258 0.719761606163375 0.6855281215826156 -0.10952379222613788 -0.022486120839478447 0.18070375245603107 0.9832810170358717 18.75599532872718 -14.147561062054137 14.736027890821674 PINHOLE 1280 1024 1024.0877685546875 1023.894775390625 601.8067016601562 508.1316833496094
dataset_8_undistorted/keyframe_3_frame_000239.png 0.6743403861300706 -0.7232203463870871 0.1490552140732862 0.7382137937353125 0.6650554582829232 -0.11288432265253831 -0.017489804301870047 0.18615724747672496 0.9823648266492702 19.22470583559948 -14.583801611525132 14.701213267354433 PINHOLE 1280 1024 1024.0877685546875 1023.894775390625 601.8067016601562 508.1316833496094
dataset_8_undistorted/keyframe_3_frame_000240.png 0.6719564546114404 -0.7253412836633172 0.14951230568113874 0.7403991930542042 0.6625317498834068 -0.11339991394108068 -0.016803095290204084 0.18689886897286095 0.9822350857822839 19.34236476520232 -14.686957389513054 14.6588681629637 PINHOLE 1280 1024 1024.0877685546875 1023.894775390625 601.8067016601562 508.1316833496094
dataset_8_undistorted/keyframe_3_frame_000243.png 0.6641870233188528 -0.7321875440936475 0.15085293852631435 0.7474160253920621 0.6544355540315279 -0.11438169271561811 -0.014974644616944722 0.18872096581288225 0.9819167380718076 19.58478054586965 -14.84785841806547 14.61355187894253 PINHOLE 1280 1024 1024.0877685546875 1023.894775390625 601.8067016601562 508.1316833496094
dataset_8_undistorted/keyframe_3_frame_000245.png 0.6593107541284579 -0.7364328712263948 0.15157924424526395 0.7517450698809119 0.6493440087887915 -0.1150265930816944 -0.013717805160482143 0.18978744006846218 0.9817290823924079 19.544480404140188 -14.863916008804608 14.605145745927757 PINHOLE 1280 1024 1024.0877685546875 1023.894775390625 601.8067016601562 508.1316833496094
dataset_8_undistorted/keyframe_3_frame_000247.png 0.6543348643881238 -0.7407048706756123 0.15232283440605354 0.7561054474988403 0.6440999401602706 -0.11592866062362363 -0.012242203271220409 0.19102847943174397 0.9815080078259764 19.77230644534626 -15.04814552592643 14.549231241339157 PINHOLE 1280 1024 1024.0877685546875 1023.894775390625 601.8067016601562 508.1316833496094
dataset_8_undistorted/keyframe_3_frame_000251.png 0.6438158822388327 -0.7495536501244159 0.15385263500446356 0.7651284757605821 0.6329589576191339 -0.11807033014448119 -0.008882418188738805 0.1937327170067283 0.981013705142755 19.835002766726518 -15.26067246049206 14.559548005346642 PINHOLE 1280 1024 1024.0877685546875 1023.894775390625 601.8067016601562 508.1316833496094
dataset_8_undistorted/keyframe_3_frame_000255.png 0.636574385843404 -0.755080446199125 0.15692892583346893 0.7711825531061443 0.6251058295210455 -0.12050177209490451 -0.007108677600065218 0.19772945573343226 0.9802310961070304 20.257619250943264 -15.59479580877769 15.296028833202968 PINHOLE 1280 1024 1024.0877685546875 1023.894775390625 601.8067016601562 508.1316833496094
dataset_8_undistorted/keyframe_3_frame_000256.png 0.6351511686476193 -0.75614302502146 0.15757756445224497 0.7723576442703309 0.6235687099490552 -0.12093762247834608 -0.00681417623573249 0.19852021027147382 0.980073386551862 20.35116519898679 -15.649110779592775 15.560980811889408 PINHOLE 1280 1024 1024.0877685546875 1023.894775390625 601.8067016601562 508.1316833496094
dataset_8_undistorted/keyframe_3_frame_000261.png 0.6393242382970218 -0.7525841884344997 0.15773859804325924 0.7689049788465281 0.6275891486808698 -0.12214020294281427 -0.007074341834630532 0.1993733568025495 0.9798987572660472 20.40767151125374 -15.819502654972439 16.70975082462553 PINHOLE 1280 1024 1024.0877685546875 1023.894775390625 601.8067016601562 508.1316833496094
dataset_8_undistorted/keyframe_3_frame_000265.png 0.6514762086703504 -0.7423633775287886 0.15644653294032246 0.7585977286226936 0.6402389128776365 -0.12092800056661218 -0.010390631015307667 0.19746196007014596 0.9802554164075556 20.171143934649365 -15.629841561466947 17.044167545903065 PINHOLE 1280 1024 1024.0877685546875 1023.894775390625 601.8067016601562 508.1316833496094
dataset_8_undistorted/keyframe_3_frame_000267.png 0.656813506901576 -0.7377615959389112 0.155896872305845 0.7539519925058993 0.6459234958661614 -0.11974973914892184 -0.012350759709389616 0.19619216868823636 0.9804881143767887 20.10988326170144 -15.474766074447643 17.175032425724567 PINHOLE 1280 1024 1024.0877685546875 1023.894775390625 601.8067016601562 508.1316833496094
dataset_8_undistorted/keyframe_3_frame_000269.png 0.6621469456163388 -0.7330940480972639 0.15535303260342492 0.7492343374151678 0.6516402457044796 -0.11837518297314546 -0.014454239060501344 0.1947777369046514 0.9807408267421454 20.09542364094125 -15.332113353736077 17.22939301156498 PINHOLE 1280 1024 1024.0877685546875 1023.894775390625 601.8067016601562 508.1316833496094
dataset_8_undistorted/keyframe_3_frame_000270.png 0.6647783560548873 -0.7307724249358813 0.1550510352735134 0.7468795277061687 0.6544644064116627 -0.1176714887894199 -0.015484255319339113 0.19403021774365561 0.9808730147422855 20.0628622865014 -15.2394705561926 17.291420052538797 PINHOLE 1280 1024 1024.0877685546875 1023.894775390625 601.8067016601562 508.1316833496094
dataset_8_undistorted/keyframe_3_frame_000272.png 0.6702988406330516 -0.7258578071581707 0.15436958812899962 0.7418824663776867 0.6603861765710974 -0.11619403262850583 -0.017603349352065735 0.19240898741437748 0.9811572992086895 19.98432491367123 -15.046369705037705 17.40061843489343 PINHOLE 1280 1024 1024.0877685546875 1023.894775390625 601.8067016601562 508.1316833496094
dataset_8_undistorted/keyframe_3_frame_000275.png 0.6789255771002612 -0.7180498543763757 0.15318056794742613 0.7339076193317235 0.669672311083769 -0.11366290251790526 -0.020965126472454205 0.18958937797075257 0.9816401617146643 19.789090374570947 -14.702708936031058 17.509355594720432 PINHOLE 1280 1024 1024.0877685546875 1023.894775390625 601.8067016601562 508.1316833496094
dataset_8_undistorted/keyframe_3_frame_000281.png 0.6955969407838629 -0.7024532018930402 0.15068072052679377 0.717900661232152 0.687692266065938 -0.10816322403448247 -0.027642364340349727 0.18341192680315155 0.9826480843327206 19.49680733013554 -14.00784769028246 17.634823745813378 PINHOLE 1280 1024 1024.0877685546875 1023.894775390625 601.8067016601562 508.1316833496094
dataset_8_undistorted/keyframe_3_frame_000287.png 0.7135541984000024 -0.6847532158307361 0.1481663335569584 0.699744445189104 0.707010260797744 -0.10244105490818853 -0.03460842930892943 0.17677594483297285 0.9836424201117677 19.164530332160894 -13.267663749772737 17.71702388471681 PINHOLE 1280 1024 1024.0877685546875 1023.894775390625 601.8067016601562 508.1316833496094
dataset_8_undistorted/keyframe_3_frame_000289.png 0.7198472794265759 -0.6782758114015731 0.1475181822235974 0.6931440343873408 0.7137366060957054 -0.10065170805773307 -0.03701961456400897 0.17470528434355334 0.983924280821239 19.146598797049364 -13.07449039625817 17.710682102200167 PINHOLE 1280 1024 1024.0877685546875 1023.894775390625 601.8067016601562 508.1316833496094
dataset_8_undistorted/keyframe_3_frame_000292.png 0.7290376715308832 -0.6685755310155095 0.14666412476916016 0.683276024648115 0.7235262400334864 -0.09819928406334132 -0.040461722486986915 0.1718031882754802 0.9842997347203991 19.03532740563469 -12.75767806065869 17.69020886829469 PINHOLE 1280 1024 1024.0877685546875 1023.894775390625 601.8067016601562 508.1316833496094
dataset_8_undistorted/keyframe_3_frame_000294.png 0.7344348007670906 -0.6627453672613757 0.1461979074479232 0.677352356390527 0.7292535026259352 -0.09686943409830553 -0.042415618854135806 0.17017190515255404 0.984501354010859 18.96811634038977 -12.587114348084015 17.651283056481816 PINHOLE 1280 1024 1024.0877685546875 1023.894775390625 601.8067016601562 508.1316833496094
dataset_8_undistorted/keyframe_3_frame_000296.png 0.7395486095576222 -0.6571222832630996 0.14580153654157466 0.6716432345807132 0.7346817652434815 -0.09559200584182706 -0.04430212862411629 0.168621768428535 0.9846846907043014 18.81034417762362 -12.336036362271216 17.6903603967329 PINHOLE 1280 1024 1024.0877685546875 1023.894775390625 601.8067016601562 508.1316833496094
dataset_8_undistorted/keyframe_3_frame_000299.png 0.7466831048703015 -0.6490916401825938 0.14540924883842007 0.6635280965992961 0.7422092187667141 -0.09410525746469257 -0.046841146051636265 0.16675013665650965 0.9848860596819815 18.87180514807426 -12.228733302750697 17.619031219562885 PINHOLE 1280 1024 1024.0877685546875 1023.894775390625 601.8067016601562 508.1316833496094
dataset_8_undistorted/keyframe_3_frame_000300.png 0.7488432116168892 -0.6466195174681867 0.14531646484794591 0.6610305554205458 0.7444985130840587 -0.09359758164196616 -0.04766581555396283 0.16614887593583863 0.9849481764068122 18.79551290103143 -12.121353177652736 17.622510520283186 PINHOLE 1280 1024 1024.0877685546875 1023.894775390625 601.8067016601562 508.1316833496094
dataset_8_undistorted/keyframe_3_frame_000301.png 0.7518292779420878 -0.6431614255434193 0.14524477615891976 0.6575452911151553 0.747667918944835 -0.0928836389009463 -0.048855821493093664 0.1653379191797895 0.9850264300226663 18.79953654168719 -12.026617412130918 17.655176726550735 PINHOLE 1280 1024 1024.0877685546875 1023.894775390625 601.8067016601562 508.1316833496094
dataset_8_undistorted/keyframe_3_frame_000305.png 0.7646166829505224 -0.6278684638945183 0.14540335101187943 0.642188477478997 0.7612768446771468 -0.08972759809058617 -0.05435519275002269 0.16198384090608134 0.9852950856409715 18.809926924392016 -11.619219951704508 17.697704457995314 PINHOLE 1280 1024 1024.0877685546875 1023.894775390625 601.8067016601562 508.1316833496094
dataset_8_undistorted/keyframe_3_frame_000306.png 0.7675176839347388 -0.6242957512689756 0.14550559050472534 0.6386208806364739 0.7643296401017734 -0.08924315542641842 -0.05550014555536507 0.16141877911554928 0.9853243608632375 18.823188773829088 -11.556526103691112 17.7598861715843 PINHOLE 1280 1024 1024.0877685546875 1023.894775390625 601.8067016601562 508.1316833496094
dataset_8_undistorted/keyframe_3_frame_000308.png 0.7724918548014162 -0.6180449334550647 0.14586320099559102 0.632394588246807 0.7696049895421391 -0.08822997310122152 -0.05772700792776568 0.1604003169018401 0.9853624589333929 18.862771394450647 -11.4263468881868 17.939273980233565 PINHOLE 1280 1024 1024.0877685546875 1023.894775390625 601.8067016601562 508.1316833496094
dataset_8_undistorted/keyframe_3_frame_000309.png 0.7748818961106736 -0.615013792820928 0.14599986107303406 0.6293965193201533 0.7720605852426445 -0.0882210011085137 -0.05846355719074609 0.16025299994530606 0.9853435910348942 18.887293415858267 -11.423973815308955 18.089269598699843 PINHOLE 1280 1024 1024.0877685546875 1023.894775390625 601.8067016601562 508.1316833496094
dataset_8_undistorted/keyframe_3_frame_000311.png 0.7799593879705419 -0.6085289857403887 0.1461363172204534 0.6229563265815868 0.7772678546830575 -0.08821081279748524 -0.059908246524633765 0.15983763662070435 0.9853241389672198 18.846393763227525 -11.377197068552277 18.38249273647557 PINHOLE 1280 1024 1024.0877685546875 1023.894775390625 601.8067016601562 508.1316833496094
dataset_8_undistorted/keyframe_3_frame_000312.png 0.7818473219885355 -0.6061130818609354 0.14608865825600578 0.6205466009071557 0.7791826981143102 -0.08830276951255255 -0.060308271821650015 0.159694424684995 0.9853231640718854 18.85055949157322 -11.387221636464119 18.486569367424977 PINHOLE 1280 1024 1024.0877685546875 1023.894775390625 601.8067016601562 508.1316833496094
dataset_8_undistorted/keyframe_3_frame_000314.png 0.785589871919873 -0.6012840721711213 0.14596579422457956 0.6157283078503976 0.7829681118213885 -0.08854170315099652 -0.06104785692725974 0.1594329915902312 0.9853192311869959 18.831562756030053 -11.418058652310265 18.698995387944024 PINHOLE 1280 1024 1024.0877685546875 1023.894775390625 601.8067016601562 508.1316833496094
dataset_8_undistorted/keyframe_3_frame_000315.png 0.7873778506239173 -0.5989501391270295 0.1459252829568161 0.6134001970591307 0.7847857513663552 -0.08860987344886467 -0.06144749361576151 0.15928021638164333 0.985319454970923 18.82982554758223 -11.42645203109737 18.793850587658994 PINHOLE 1280 1024 1024.0877685546875 1023.894775390625 601.8067016601562 508.1316833496094
dataset_8_undistorted/keyframe_3_frame_000317.png 0.7932454251405048 -0.5912103365968575 0.14571110035951218 0.6056498515240823 0.7907840639973369 -0.08859597996818912 -0.06284709361942276 0.15852859225671861 0.9853525274714074 18.788861396255243 -11.425764711672855 18.98159721001889 PINHOLE 1280 1024 1024.0877685546875 1023.894775390625 601.8067016601562 508.1316833496094
dataset_8_undistorted/keyframe_3_frame_000319.png 0.7974113430222264 -0.5856310888833615 0.1455050832260062 0.60004534164994 0.7950603175150754 -0.08845889623882462 -0.06388105045026726 0.15784793797845123 0.9853949448803384 18.769454305837144 -11.406438509275858 19.11975609544072 PINHOLE 1280 1024 1024.0877685546875 1023.894775390625 601.8067016601562 508.1316833496094
dataset_8_undistorted/keyframe_3_frame_000320.png 0.7995435114465702 -0.5827472198735519 0.14538188625836868 0.5971474542180083 0.7972454157613877 -0.08840755856638956 -0.0643857652899356 0.1575003441750173 0.9854182869176106 18.750188244236597 -11.400138168745343 19.1743828483892 PINHOLE 1280 1024 1024.0877685546875 1023.894775390625 601.8067016601562 508.1316833496094
dataset_8_undistorted/keyframe_3_frame_000323.png 0.8053338851752666 -0.5748126467158069 0.14500875836040064 0.5891400157432073 0.8032378421376993 -0.08788088367501155 -0.06596155964199994 0.15620419058812868 0.9855199775700769 18.719599504635426 -11.328862515584888 19.413640426910547 PINHOLE 1280 1024 1024.0877685546875 1023.894775390625 601.8067016601562 508.1316833496094
dataset_8_undistorted/keyframe_3_frame_000325.png 0.8087050121577114 -0.5701038436574158 0.14483597193465006 0.5843703299729218 0.8067875862651291 -0.08720716576272153 -0.06713477636319855 0.15516292954505187 0.9856050765566243 18.729590446451652 -11.292444073872502 19.427984430178753 PINHOLE 1280 1024 1024.0877685546875 1023.894775390625 601.8067016601562 508.1316833496094
dataset_8_undistorted/keyframe_3_frame_000327.png 0.8120194129271754 -0.5654406286845834 0.14457373569608728 0.5796242147322452 0.810285426731578 -0.08644888395040237 -0.06826427509376122 0.15399687716840607 0.9857102771012882 18.699126414946818 -11.193637855710222 19.48958358356549 PINHOLE 1280 1024 1024.0877685546875 1023.894775390625 601.8067016601562 508.1316833496094
dataset_8_undistorted/keyframe_3_frame_000330.png 0.8188845533945096 -0.5556805937801721 0.14369178657539566 0.5695551940675527 0.8176759616663423 -0.08374562118789468 -0.07095740439965668 0.1504186715734762 0.986072698763245 18.595305257961627 -10.842331703629952 19.581050705907955 PINHOLE 1280 1024 1024.0877685546875 1023.894775390625 601.8067016601562 508.1316833496094
dataset_8_undistorted/keyframe_3_frame_000331.png 0.820958169235841 -0.5527003537502162 0.14335245823419374 0.5664571805647275 0.8199239613439924 -0.08277258990975857 -0.07178968351230754 0.1491560111276559 0.9862041351022979 18.48937028843625 -10.667351470244512 19.589574675463496 PINHOLE 1280 1024 1024.0877685546875 1023.894775390625 601.8067016601562 508.1316833496094
dataset_8_undistorted/keyframe_3_frame_000332.png 0.8227137735304708 -0.5501461938343191 0.1431146494223754 0.5638086103072536 0.8218333356202638 -0.08192496717607062 -0.07254561943797018 0.14809029914004662 0.9863100879010752 18.46908582602157 -10.556261695241801 19.617047915374314 PINHOLE 1280 1024 1024.0877685546875 1023.894775390625 601.8067016601562 508.1316833496094
dataset_8_undistorted/keyframe_3_frame_000336.png 0.8310895838073524 -0.537746121559763 0.14184158140345604 0.5510365180499507 0.8306997934675371 -0.07935211970570925 -0.07515667760755865 0.14410871946990145 0.9867037520222034 18.348879255086445 -10.273876633551708 19.511993307525927 PINHOLE 1280 1024 1024.0877685546875 1023.894775390625 601.8067016601562 508.1316833496094
dataset_8_undistorted/keyframe_3_frame_000339.png 0.8368621091162055 -0.528967763453286 0.14090852452125144 0.5419866918584627 0.8368015927942433 -0.07754954480579165 -0.07689116247392694 0.14126905296942255 0.9869806116124605 18.174397984189454 -9.988847936355114 19.424349476416637 PINHOLE 1280 1024 1024.0877685546875 1023.894775390625 601.8067016601562 508.1316833496094
dataset_8_undistorted/keyframe_3_frame_000340.png 0.838492338175284 -0.5264518665320821 0.14063682912311304 0.5393820811233491 0.8385430283353953 -0.0769004099644033 -0.0774456388329695 0.14033767902066896 0.9870708737910986 18.189359350933273 -9.956596309889164 19.368396338679077 PINHOLE 1280 1024 1024.0877685546875 1023.894775390625 601.8067016601562 508.1316833496094
dataset_8_undistorted/keyframe_3_frame_000341.png 0.8402297847049396 -0.5237558207101995 0.14033352246032216 0.5365865982115104 0.8403986181491533 -0.07619401015240711 -0.07802908184178213 0.1393218609920311 0.9871684410884911 18.11417614508707 -9.811395721872827 19.380273047220953 PINHOLE 1280 1024 1024.0877685546875 1023.894775390625 601.8067016601562 508.1316833496094
dataset_8_undistorted/keyframe_3_frame_000342.png 0.8418196336214481 -0.5212779948644191 0.1400327668671253 0.5340113438458045 0.8420980414704741 -0.07551523201974689 -0.07855689477879634 0.13834940941442464 0.9872623441025085 18.06494365668459 -9.724382045321818 19.31318818800139 PINHOLE 1280 1024 1024.0877685546875 1023.894775390625 601.8067016601562 508.1316833496094
dataset_8_undistorted/keyframe_3_frame_000343.png 0.8433093877913805 -0.5189303205303151 0.13978379386327458 0.5315768745900435 0.8436948365438438 -0.07486581093215249 -0.0790849309453777 0.13744107434710817 0.9873480261851121 18.08939145214265 -9.69183285953568 19.267217522773194 PINHOLE 1280 1024 1024.0877685546875 1023.894775390625 601.8067016601562 508.1316833496094
dataset_8_undistorted/keyframe_3_frame_000344.png 0.844897090341328 -0.5164081074957296 0.13954089899769284 0.5289593107248238 0.8454053033511298 -0.07411490986314216 -0.07969501230761439 0.1364312969963864 0.987439260247912 17.99454218702897 -9.543548020192702 19.210021863589873 PINHOLE 1280 1024 1024.0877685546875 1023.894775390625 601.8067016601562 508.1316833496094
dataset_8_undistorted/keyframe_3_frame_000347.png 0.8515491704053386 -0.5056688659792254 0.1384294888209768 0.5177558385952187 0.8526243578703617 -0.07042890047837988 -0.08241467307436533 0.13164658886429678 0.9878646778110964 17.861929646993303 -9.063950982576216 18.963299477089436 PINHOLE 1280 1024 1024.0877685546875 1023.894775390625 601.8067016601562 508.1316833496094
dataset_8_undistorted/keyframe_3_frame_000348.png 0.8539103174306112 -0.5017559236512833 0.13812331703036565 0.5136698551827957 0.855216592267863 -0.06891006858521433 -0.08354921469991182 0.1297931092559574 0.9880151713299499 17.815465451976138 -8.86782576591645 18.83647421117155 PINHOLE 1280 1024 1024.0877685546875 1023.894775390625 601.8067016601562 508.1316833496094
dataset_8_undistorted/keyframe_3_frame_000349.png 0.8563803760161396 -0.4975807736747947 0.1379342744850822 0.5093247141447113 0.8579397982313923 -0.0672900661359261 -0.08485708188071425 0.12787953041628583 0.9881530382465081 17.798277265024467 -8.65698721293029 18.744793316141568 PINHOLE 1280 1024 1024.0877685546875 1023.894775390625 601.8067016601562 508.1316833496094
dataset_8_undistorted/keyframe_3_frame_000354.png 0.8664136237045802 -0.4800082106340758 0.13754621347957258 0.4911945462909332 0.868840566594272 -0.06199667095888161 -0.08974675645964512 0.1212770497230764 0.9885530620530809 17.74573608255423 -7.970371601418265 18.563775408681636 PINHOLE 1280 1024 1024.0877685546875 1023.894775390625 601.8067016601562 508.1316833496094
dataset_8_undistorted/keyframe_3_frame_000355.png 0.8682458066158141 -0.47668293943393525 0.13755758432160253 0.4877901209778252 0.8708106183136943 -0.06122440307940638 -0.09060208752355849 0.12025729020842038 0.9885990524684253 17.75795652650379 -7.868908480000982 18.587817768525838 PINHOLE 1280 1024 1024.0877685546875 1023.894775390625 601.8067016601562 508.1316833496094
dataset_8_undistorted/keyframe_3_frame_000357.png 0.8716825932107357 -0.47033778413248195 0.1376652390429421 0.4812848735731154 0.8745386894248792 -0.05955882049596414 -0.09238070165308727 0.11817280441116053 0.9886866148624129 17.79600758217748 -7.682190216066601 18.56946262577344 PINHOLE 1280 1024 1024.0877685546875 1023.894775390625 601.8067016601562 508.1316833496094
dataset_8_undistorted/keyframe_3_frame_000358.png 0.8736718690878768 -0.46661644444466555 0.137717735238214 0.4774776140171166 0.8766801522150823 -0.058711509520710504 -0.09333851407385614 0.11705208803960415 0.9887299298639287 17.775878599327143 -7.543196823127005 18.59490760948063 PINHOLE 1280 1024 1024.0877685546875 1023.894775390625 601.8067016601562 508.1316833496094
dataset_8_undistorted/keyframe_3_frame_000359.png 0.8755913558223613 -0.4629683541891292 0.13783865151509866 0.47375196943027476 0.878754693044224 -0.05787565261688022 -0.09433175778867758 0.11597696705259869 0.988762504469986 17.81514067480623 -7.464381554872261 18.571081349133465 PINHOLE 1280 1024 1024.0877685546875 1023.894775390625 601.8067016601562 508.1316833496094
dataset_8_undistorted/keyframe_3_frame_000360.png 0.8775470554964107 -0.4592109873790588 0.13797203836826882 0.46991232914401004 0.8808711842553374 -0.057000596731119804 -0.09536037215259936 0.11485562539373195 0.9887948786832995 17.79873983710081 -7.322251123518754 18.578969449038937 PINHOLE 1280 1024 1024.0877685546875 1023.894775390625 601.8067016601562 508.1316833496094
dataset_8_undistorted/keyframe_3_frame_000361.png 0.8792089645636305 -0.4559736529622295 0.13813067204297982 0.4665980278745435 0.8826863730271344 -0.05614604435867918 -0.09632474777181178 0.11381597581542899 0.9888216157386075 17.82298754988335 -7.2109761367640886 18.59040890489223 PINHOLE 1280 1024 1024.0877685546875 1023.894775390625 601.8067016601562 508.1316833496094
dataset_8_undistorted/keyframe_3_frame_000362.png 0.8808282648446317 -0.4527835039009617 0.13830820518705397 0.46333152522235355 0.8844592598556154 -0.05528925065568853 -0.09729382575771052 0.112783114077895 0.9888451093883286 17.853401767456603 -7.0989918587035845 18.609116331646078 PINHOLE 1280 1024 1024.0877685546875 1023.894775390625 601.8067016601562 508.1316833496094
dataset_8_undistorted/keyframe_3_frame_000365.png 0.8850872143778926 -0.44422827610494087 0.13885892163093372 0.45456204628070157 0.8891437377869924 -0.052890244047391254 -0.09997002967417198 0.10993267599568123 0.9888989278227536 17.9516364862302 -6.8176457896889815 18.56496489273377 PINHOLE 1280 1024 1024.0877685546875 1023.894775390625 601.8067016601562 508.1316833496094
dataset_8_undistorted/keyframe_3_frame_000369.png 0.8922892669290395 -0.42939436268279674 0.13942685053626744 0.43902526781663964 0.8972831957660753 -0.046256602655849084 -0.10524306475984282 0.10248634923582997 0.9891510883725779 18.025746625898933 -5.9580146028124545 18.211243524373913 PINHOLE 1280 1024 1024.0877685546875 1023.894775390625 601.8067016601562 508.1316833496094
dataset_8_undistorted/keyframe_3_frame_000375.png 0.8893264197503958 -0.4376044833939463 0.13266735980826944 0.4456463200394667 0.8944435045357129 -0.0370271638604102 -0.10246018226771582 0.09205214709748598 0.9904690985649789 17.150088236448028 -4.763258480445415 16.997630568262935 PINHOLE 1280 1024 1024.0877685546875 1023.894775390625 601.8067016601562 508.1316833496094
dataset_8_undistorted/keyframe_3_frame_000376.png 0.8873556152397883 -0.442047204121082 0.13112936959102264 0.4498079189948742 0.8924226486081654 -0.03543703548630975 -0.10135784848406672 0.09042838234059472 0.9907318758167912 16.920962529554345 -4.527554893939282 16.750475425762943 PINHOLE 1280 1024 1024.0877685546875 1023.894775390625 601.8067016601562 508.1316833496094
dataset_8_undistorted/keyframe_3_frame_000378.png 0.8848547737360677 -0.4474295853369527 0.12976394636250035 0.4549271776718302 0.8898883266930157 -0.03377020608422247 -0.10036551692841982 0.08891505313241148 0.9909697685049171 16.789081524503217 -4.36910853603149 16.498624649426574 PINHOLE 1280 1024 1024.0877685546875 1023.894775390625 601.8067016601562 508.1316833496094
dataset_8_undistorted/keyframe_3_frame_000379.png 0.8829348279543261 -0.45139155139238313 0.12911819003183617 0.4587484756306254 0.8879635113056445 -0.0327273160528018 -0.09987937456938538 0.08812907627983493 0.9910891664406771 16.683157703966458 -4.207909412401818 16.374316471814723 PINHOLE 1280 1024 1024.0877685546875 1023.894775390625 601.8067016601562 508.1316833496094
dataset_8_undistorted/keyframe_3_frame_000380.png 0.8810483050375343 -0.45524514793967735 0.12847538084086718 0.4624632729477084 0.8860722810647698 -0.031697467731451726 -0.09940833988013953 0.08734231211726566 0.991206279410745 16.586737630569132 -4.042458760970931 16.309444636948115 PINHOLE 1280 1024 1024.0877685546875 1023.894775390625 601.8067016601562 508.1316833496094
dataset_8_undistorted/keyframe_3_frame_000381.png 0.879096845503165 -0.45917465161835314 0.1278580446233545 0.4662643565876708 0.8841122063522723 -0.030732939368360166 -0.09892899286064127 0.08663311449387408 0.9913165987412902 16.492830998378736 -3.9200295826909723 16.1599748092641 PINHOLE 1280 1024 1024.0877685546875 1023.894775390625 601.8067016601562 508.1316833496094
dataset_8_undistorted/keyframe_3_frame_000382.png 0.8770094743219283 -0.46330692308160043 0.1272831447722289 0.47027705270233877 0.882016048267322 -0.02980095529939416 -0.09845873641502394 0.08599425350245152 0.9914190994144647 16.455577855850947 -3.8277403602046434 16.059389580224888 PINHOLE 1280 1024 1024.0877685546875 1023.894775390625 601.8067016601562 508.1316833496094
dataset_8_undistorted/keyframe_3_frame_000383.png 0.8750952044832908 -0.46706605313196187 0.12671881668604643 0.4739196315718484 0.8800943290647281 -0.028902053434464604 -0.09802528283078275 0.0853467338529157 0.9915179979617168 16.375449882374028 -3.712717800872383 15.9487963792742 PINHOLE 1280 1024 1024.0877685546875 1023.894775390625 601.8067016601562 508.1316833496094
dataset_8_undistorted/keyframe_3_frame_000384.png 0.8731797775723913 -0.4707835288417412 0.12617603005334946 0.47752034917068237 0.8781754890350285 -0.027982923259259895 -0.09763074459444773 0.08468591751501509 0.9916132333709621 16.27415045247153 -3.5648852877633317 15.876927652396148 PINHOLE 1280 1024 1024.0877685546875 1023.894775390625 601.8067016601562 508.1316833496094
dataset_8_undistorted/keyframe_3_frame_000390.png 0.8613917249830563 -0.4927241421548295 0.12339873690647299 0.49892659789219956 0.8663225025655007 -0.02361176819831962 -0.09526885364777453 0.08190621072484658 0.9920760544629108 15.941359002767399 -3.029270496633899 15.633830153116037 PINHOLE 1280 1024 1024.0877685546875 1023.894775390625 601.8067016601562 508.1316833496094
dataset_8_undistorted/keyframe_3_frame_000393.png 0.8544332217283638 -0.5049646817885212 0.12228700254370214 0.510992842393428 0.8593037450201072 -0.022006096072511198 -0.09396926938256228 0.08129073902421387 0.9922512554058334 15.842552175793003 -2.8769426993064826 15.639851988828013 PINHOLE 1280 1024 1024.0877685546875 1023.894775390625 601.8067016601562 508.1316833496094
dataset_8_undistorted/keyframe_3_frame_000394.png 0.852009989233171 -0.5091474916893147 0.12185086951983781 0.5151249591928283 0.8568433937505983 -0.02159783782548235 -0.09341049253765561 0.08117016721863886 0.9923138303358284 15.747173281855453 -2.767589980498542 15.70553796060858 PINHOLE 1280 1024 1024.0877685546875 1023.894775390625 601.8067016601562 508.1316833496094
dataset_8_undistorted/keyframe_3_frame_000395.png 0.8494683669217429 -0.5134911189323148 0.12136911199042873 0.5194201833698867 0.8542550006213148 -0.021247393835889136 -0.09276953713417194 0.08109076811289935 0.9923799609922058 15.681235453804788 -2.7232736046994432 15.734069324479947 PINHOLE 1280 1024 1024.0877685546875 1023.894775390625 601.8067016601562 508.1316833496094
dataset_8_undistorted/keyframe_3_frame_000397.png 0.8442115948685779 -0.5223135832711038 0.12039587863056439 0.5281542229869953 0.8488988097591704 -0.020617818606817065 -0.09143483780702931 0.08099365667734437 0.992512520970154 15.551693021879714 -2.6429568351311445 15.808323668322373 PINHOLE 1280 1024 1024.0877685546875 1023.894775390625 601.8067016601562 508.1316833496094
dataset_8_undistorted/keyframe_3_frame_000398.png 0.8402254384270332 -0.528873324611299 0.11964017630334188 0.5346539619992189 0.8448278259015658 -0.020255537473371558 -0.09036254073452764 0.08098560532491775 0.9926102762966702 15.466803971200079 -2.5928539943022315 15.908801703886297 PINHOLE 1280 1024 1024.0877685546875 1023.894775390625 601.8067016601562 508.1316833496094
dataset_8_undistorted/keyframe_3_frame_000403.png 0.821873081516264 -0.5577233271506035 0.1160561397174024 0.5632151211022443 0.8261017459972682 -0.018570313206504725 -0.08551705089182002 0.08062713389788431 0.9930690751768986 14.991940043678142 -2.378447501034543 16.20043364812784 PINHOLE 1280 1024 1024.0877685546875 1023.894775390625 601.8067016601562 508.1316833496094
dataset_8_undistorted/keyframe_3_frame_000404.png 0.8191482555305274 -0.5618297409182051 0.1155169030234298 0.5672776358528584 0.823323714631982 -0.018323507276052788 -0.08481292116640272 0.08054008080882308 0.9931370552284566 14.888021907862367 -2.321223258082 16.25587615432505 PINHOLE 1280 1024 1024.0877685546875 1023.894775390625 601.8067016601562 508.1316833496094
dataset_8_undistorted/keyframe_3_frame_000406.png 0.8121704962453242 -0.5721177904486358 0.1142768896782043 0.5774504024771387 0.8162366188875252 -0.01754470202791055 -0.08323939033373907 0.08023866613302597 0.9932938226626767 14.764376873751644 -2.2451805482744476 16.343562033884496 PINHOLE 1280 1024 1024.0877685546875 1023.894775390625 601.8067016601562 508.1316833496094
dataset_8_undistorted/keyframe_3_frame_000408.png 0.8053212502469481 -0.5819637197968691 0.1130313230969352 0.5871604463915255 0.8093025601263254 -0.016526487599707925 -0.08185860645080253 0.07967678468194123 0.9934544375348752 14.596380472406395 -2.1159564617316846 16.40177849273141 PINHOLE 1280 1024 1024.0877685546875 1023.894775390625 601.8067016601562 508.1316833496094
dataset_8_undistorted/keyframe_3_frame_000412.png 0.7967389053338432 -0.5939360139399382 0.11156664270151223 0.5989561314397227 0.8006398832917785 -0.015084633602764849 -0.08036534049127536 0.07884214883354822 0.9936423285025368 14.406374540399952 -1.92975234614687 16.43805857360735 PINHOLE 1280 1024 1024.0877685546875 1023.894775390625 601.8067016601562 508.1316833496094
dataset_8_undistorted/keyframe_3_frame_000414.png 0.7929039153603639 -0.5991483479625351 0.11101581348333898 0.6040893079959615 0.7967875053158227 -0.01433301823152125 -0.07986822363285985 0.07842846607709773 0.9937150355270322 14.296675151468662 -1.8098364372988271 16.425144330220178 PINHOLE 1280 1024 1024.0877685546875 1023.894775390625 601.8067016601562 508.1316833496094
dataset_8_undistorted/keyframe_3_frame_000422.png 0.774666867892957 -0.6228432987541972 0.10935042831528623 0.6281533537809294 0.7778456171812818 -0.019511454786992365 -0.07290501608888972 0.08380384966137491 0.9938123538568517 14.12166298428906 -2.503380496906857 15.473081940375664 PINHOLE 1280 1024 1024.0877685546875 1023.894775390625 601.8067016601562 508.1316833496094
dataset_8_undistorted/keyframe_3_frame_000423.png 0.7722356102780212 -0.6259746643782279 0.10866472126615735 0.6312406482227211 0.775340814740953 -0.01953871796918457 -0.07202144212981451 0.08368229848850409 0.9938861875551321 14.003117695251035 -2.482042423665007 15.201176078476578 PINHOLE 1280 1024 1024.0877685546875 1023.894775390625 601.8067016601562 508.1316833496094
dataset_8_undistorted/keyframe_3_frame_000427.png 0.7659707114818409 -0.6341780513159273 0.10539098352810367 0.6391263146210848 0.7688809540451343 -0.01845251100770524 -0.06933078385982364 0.08149240242406168 0.9942598840763939 13.620821398539192 -2.3622151123531694 13.987136130403428 PINHOLE 1280 1024 1024.0877685546875 1023.894775390625 601.8067016601562 508.1316833496094
dataset_8_undistorted/keyframe_3_frame_000429.png 0.7630749480526408 -0.6379629727074733 0.10353584223136239 0.6427199171543406 0.7658982950806059 -0.01766157744384675 -0.06803061250486213 0.08002165333862328 0.9944694569901394 13.374361794208085 -2.2623118639637596 13.299635721667869 PINHOLE 1280 1024 1024.0877685546875 1023.894775390625 601.8067016601562 508.1316833496094
dataset_8_undistorted/keyframe_3_frame_000431.png 0.7610730842095706 -0.6405786316442847 0.10211060449663119 0.6451925485748778 0.7638292170598537 -0.017098207156028958 -0.06704230928993081 0.07889410918485712 0.9946266918196535 13.183733569213246 -2.1916838522045055 12.821076530180449 PINHOLE 1280 1024 1024.0877685546875 1023.894775390625 601.8067016601562 508.1316833496094
dataset_8_undistorted/keyframe_3_frame_000434.png 0.7572498612738324 -0.6454788541090818 0.09964657787176115 0.6498478509051997 0.7598949369586501 -0.016066952655261594 -0.06535006514357973 0.07692205387734881 0.9948937046807839 12.833989226089898 -2.034302204520145 12.112315132053709 PINHOLE 1280 1024 1024.0877685546875 1023.894775390625 601.8067016601562 508.1316833496094
dataset_8_undistorted/keyframe_3_frame_000439.png 0.750572393480361 -0.653974208487097 0.09464735369909012 0.6578783156649904 0.7529897803673002 -0.014255828545345482 -0.06194558401625668 0.07296658421860926 0.9954092621321712 12.211145503771945 -1.8270180477632039 10.837993949615225 PINHOLE 1280 1024 1024.0877685546875 1023.894775390625 601.8067016601562 508.1316833496094
dataset_8_undistorted/keyframe_3_frame_000440.png 0.7493722110479102 -0.6555126789894992 0.0935126397294971 0.6593114953938829 0.751743111678915 -0.013824022879729688 -0.061235565626158533 0.07201351088121376 0.9955224871267603 12.039117120914057 -1.7446729981506905 10.634965378097263 PINHOLE 1280 1024 1024.0877685546875 1023.894775390625 601.8067016601562 508.1316833496094
dataset_8_undistorted/keyframe_3_frame_000444.png 0.7444526184848878 -0.6617416441205335 0.08881581543954713 0.6651141651909841 0.7466459710705493 -0.011929916976628523 -0.05841942611818393 0.06795406949538302 0.9959762794100225 11.430501696554416 -1.4997373357230117 9.649509566246593 PINHOLE 1280 1024 1024.0877685546875 1023.894775390625 601.8067016601562 508.1316833496094
dataset_8_undistorted/keyframe_3_frame_000449.png 0.7386793998597893 -0.6689489681149018 0.08282369247501602 0.6718354967569024 0.7406334047389566 -0.009962997605853539 -0.05467719414679235 0.06300356216607839 0.996514507028383 10.682996691543053 -1.2704805616233443 8.519781729831834 PINHOLE 1280 1024 1024.0877685546875 1023.894775390625 601.8067016601562 508.1316833496094
dataset_8_undistorted/keyframe_3_frame_000451.png 0.7354163909289821 -0.6729532233447605 0.07935351138566 0.6755873643062816 0.7372243815928207 -0.009081363307265026 -0.05238983842221537 0.06028893007976999 0.9968052646468951 10.244691805353227 -1.1509840523540333 8.011934921119405 PINHOLE 1280 1024 1024.0877685546875 1023.894775390625 601.8067016601562 508.1316833496094
dataset_8_undistorted/keyframe_3_frame_000452.png 0.7332333153311084 -0.6755888284792507 0.07712773986471973 0.6780827305927823 0.7349323595492561 -0.008829835920213334 -0.05071850294959331 0.05877331543395531 0.996981877969681 9.910577451594463 -1.1024094853271436 7.683705486712938 PINHOLE 1280 1024 1024.0877685546875 1023.894775390625 601.8067016601562 508.1316833496094
dataset_8_undistorted/keyframe_3_frame_000457.png 0.7195629929602081 -0.6911785221980081 0.06709333105069244 0.6932075331435478 0.72066213883194 -0.01044199681650128 -0.04113435645342573 0.05402341309715135 0.9976918014481881 8.613145198757366 -1.3111677837782736 6.374168763031207 PINHOLE 1280 1024 1024.0877685546875 1023.894775390625 601.8067016601562 508.1316833496094
dataset_8_undistorted/keyframe_3_frame_000459.png 0.7169056869192955 -0.6942518724887837 0.06372418107712459 0.6960900777900741 0.7178850744811559 -0.01001099222079918 -0.038796537647562364 0.05153482225542597 0.9979174305188303 8.179168809565112 -1.254351643661039 5.855965429312505 PINHOLE 1280 1024 1024.0877685546875 1023.894775390625 601.8067016601562 508.1316833496094
dataset_8_undistorted/keyframe_3_frame_000461.png 0.7146941357240866 -0.6967267185940569 0.06151389035196995 0.698445232611708 0.7155978445591173 -0.00972887345917649 -0.037240861774284845 0.04991729268438886 0.9980591622421704 7.928390819184301 -1.2390941034132084 5.341217246859742 PINHOLE 1280 1024 1024.0877685546875 1023.894775390625 601.8067016601562 508.1316833496094
dataset_8_undistorted/keyframe_3_frame_000464.png 0.7062426879278431 -0.7053564555375234 0.06077862243319232 0.7070757761774769 0.7070609820393555 -0.010480789456098717 -0.03558124710232989 0.050377346848320424 0.9980967169457223 7.797066272826214 -1.316525953456221 4.925821900761775 PINHOLE 1280 1024 1024.0877685546875 1023.894775390625 601.8067016601562 508.1316833496094
dataset_8_undistorted/keyframe_3_frame_000467.png 0.6939795644000881 -0.7174445017657035 0.060545380638004666 0.7192005464953318 0.6947071491895416 -0.011509226309087258 -0.03380397559814121 0.05153157677021752 0.9980991289542196 7.797382322728481 -1.4734606375591284 4.553301627244423 PINHOLE 1280 1024 1024.0877685546875 1023.894775390625 601.8067016601562 508.1316833496094
dataset_8_undistorted/keyframe_3_frame_000469.png 0.6855564607881129 -0.7255056280345813 0.06045063474761124 0.7272885712738701 0.6862231975663445 -0.012221073863319049 -0.03261611243562665 0.052343486217129795 0.9980964725762278 7.746010988110186 -1.5484479084902887 4.3087541003259275 PINHOLE 1280 1024 1024.0877685546875 1023.894775390625 601.8067016601562 508.1316833496094
dataset_8_undistorted/keyframe_3_frame_000471.png 0.6765619447912473 -0.7339040272285143 0.060407329718683185 0.735717685338197 0.677163843381341 -0.013001500590535953 -0.03136357072528905 0.05323923969615003 0.9980892427114655 7.779150487602124 -1.667681201375217 4.052117156296049 PINHOLE 1280 1024 1024.0877685546875 1023.894775390625 601.8067016601562 508.1316833496094
dataset_8_undistorted/keyframe_3_frame_000473.png 0.667730621073089 -0.741957288396643 0.06029454514236561 0.7437963029699224 0.6682642410402757 -0.013800416335083143 -0.03005318976520832 0.054061988190711105 0.9980852450977135 7.764351550139395 -1.7716683076446316 3.8280944886461157 PINHOLE 1280 1024 1024.0877685546875 1023.894775390625 601.8067016601562 508.1316833496094
dataset_8_undistorted/keyframe_3_frame_000474.png 0.6636138079646537 -0.7456462740295744 0.06023256126768117 0.7474964399679106 0.6641137279513608 -0.014197567548758491 -0.029414785453805572 0.05444550244127832 0.9980833472907298 7.756257425387275 -1.8233075224170534 3.7212899434890687 PINHOLE 1280 1024 1024.0877685546875 1023.894775390625 601.8067016601562 508.1316833496094
dataset_8_undistorted/keyframe_3_frame_000475.png 0.6598812247123048 -0.7489589308645869 0.060148177825313384 0.7508168781131953 0.6603511168978168 -0.014533580756770557 -0.028833810335217404 0.054750885740935465 0.9980839964916695 7.705676962095197 -1.850847174008095 3.6232789993388224 PINHOLE 1280 1024 1024.0877685546875 1023.894775390625 601.8067016601562 508.1316833496094
dataset_8_undistorted/keyframe_3_frame_000477.png 0.6525386845615572 -0.7553785727985679 0.059971471423892475 0.7572469968204673 0.6529548976455186 -0.015088017367486892 -0.02776139747123569 0.05525883881803239 0.9980862985126778 7.727026795118775 -1.9361805847590858 3.4503241658680963 PINHOLE 1280 1024 1024.0877685546875 1023.894775390625 601.8067016601562 508.1316833496094
dataset_8_undistorted/keyframe_3_frame_000480.png 0.64232257638943 -0.7641222709326044 0.059487597636322345 0.7659955539949034 0.6426454136502678 -0.016079939636999947 -0.02594233089153571 0.05589589241938332 0.9980999923267472 7.671300738235004 -2.0606586507801694 3.2926118755092375 PINHOLE 1280 1024 1024.0877685546875 1023.894775390625 601.8067016601562 508.1316833496094
dataset_8_undistorted/keyframe_3_frame_000483.png 0.6328403258613035 -0.7720469450818297 0.058791882278967825 0.7739078421124213 0.6330694792146492 -0.017023792900394675 -0.024076204103482227 0.05627292022913588 0.9981253215726086 7.538468453714415 -2.169778341727124 3.179574788098762 PINHOLE 1280 1024 1024.0877685546875 1023.894775390625 601.8067016601562 508.1316833496094
dataset_8_undistorted/keyframe_3_frame_000486.png 0.6233691777573028 -0.779770873146251 0.05803482293082253 0.7816158175053418 0.6234969543118999 -0.018102746222126435 -0.02206843598075364 0.0566457684064275 0.9981501809723535 7.468620267566962 -2.332736457865849 3.0676608600803092 PINHOLE 1280 1024 1024.0877685546875 1023.894775390625 601.8067016601562 508.1316833496094
dataset_8_undistorted/keyframe_3_frame_000487.png 0.6201878726479275 -0.7823246733410104 0.05775386651033621 0.7841638432733066 0.6202777849398389 -0.018532791357371733 -0.021324809437734075 0.05678242558924648 0.9981591663142694 7.394131272943866 -2.372926881209878 3.0757950544522146 PINHOLE 1280 1024 1024.0877685546875 1023.894775390625 601.8067016601562 508.1316833496094
dataset_8_undistorted/keyframe_3_frame_000490.png 0.6117369293935697 -0.788997343653085 0.057100356365949984 0.7908283509968352 0.6117129044216814 -0.019949683205727542 -0.019188903281644146 0.05736054678679514 0.9981695178826625 7.3589987736718285 -2.564738744168608 3.0939766860095688 PINHOLE 1280 1024 1024.0877685546875 1023.894775390625 601.8067016601562 508.1316833496094
dataset_8_undistorted/keyframe_3_frame_000491.png 0.6081414549958558 -0.7917972842533882 0.0567577350752726 0.7936299327941534 0.6080341281239497 -0.021134801863068632 -0.017776035016388844 0.05789779586093463 0.9981645963641826 7.267032523449927 -2.709599740024032 3.0813834117005854 PINHOLE 1280 1024 1024.0877685546875 1023.894775390625 601.8067016601562 508.1316833496094
dataset_8_undistorted/keyframe_3_frame_000492.png 0.6051234027697422 -0.7941247073632273 0.056494136828720565 0.7959712564462574 0.6048983764117294 -0.022946190364772356 -0.01595105125392587 0.05885322141085599 0.9981387669591881 7.228281515552737 -2.9475519852630896 3.1195593793039507 PINHOLE 1280 1024 1024.0877685546875 1023.894775390625 601.8067016601562 508.1316833496094
dataset_8_undistorted/keyframe_3_frame_000493.png 0.602063415371122 -0.7964576909516954 0.05634996702647777 0.7983283216508832 0.6016974379704457 -0.025160277377432035 -0.013866307986837627 0.06013406777192038 0.9980945187636381 7.211831393991133 -3.233115131146633 3.2832423302160123 PINHOLE 1280 1024 1024.0877685546875 1023.894775390625 601.8067016601562 508.1316833496094
dataset_8_undistorted/keyframe_3_frame_000494.png 0.5998500211097795 -0.7981202863048658 0.05642831198261349 0.8000191324324252 0.5993639435784377 -0.02706300766078211 -0.012221430047208642 0.06137763463812369 0.998039783266985 7.301132869463743 -3.5075338868141444 3.425221675122316 PINHOLE 1280 1024 1024.0877685546875 1023.894775390625 601.8067016601562 508.1316833496094
dataset_8_undistorted/keyframe_3_frame_000495.png 0.5977198536990425 -0.7997004779121257 0.05665825124255829 0.8016382759178399 0.5970912516328879 -0.02931525677170782 -0.010386696974274247 0.06294184335096757 0.997963660207026 7.294591118061533 -3.7830596374876677 3.681026968061019 PINHOLE 1280 1024 1024.0877685546875 1023.894775390625 601.8067016601562 508.1316833496094
dataset_8_undistorted/keyframe_3_frame_000498.png 0.588261372979357 -0.8065819807425351 0.058085250883953096 0.8086452776954252 0.5872932310111414 -0.03434212970801039 -0.006413506542862448 0.06717255713933461 0.9977208332915534 7.436029233041154 -4.4234792241013565 4.349782973738229 PINHOLE 1280 1024 1024.0877685546875 1023.894775390625 601.8067016601562 508.1316833496094
dataset_8_undistorted/keyframe_3_frame_000499.png 0.5855474425921945 -0.808526555987497 0.05847332208588227 0.8106189338527313 0.5845033358236716 -0.03539249762686721 -0.005562073779005106 0.06812364614612625 0.9976613063812935 7.529402700921764 -4.570615472797499 4.4933966505714125 PINHOLE 1280 1024 1024.0877685546875 1023.894775390625 601.8067016601562 508.1316833496094
dataset_8_undistorted/keyframe_3_frame_000501.png 0.5795197136268799 -0.8128003788365629 0.05926711288499391 0.8149494051740035 0.5783196680314688 -0.03747270645473902 -0.003817389188312699 0.07001613294374921 0.9975387850492471 7.593290618868082 -4.826826652694535 4.787701757592345 PINHOLE 1280 1024 1024.0877685546875 1023.894775390625 601.8067016601562 508.1316833496094
dataset_8_undistorted/keyframe_3_frame_000504.png 0.5701353163375847 -0.8193150296264523 0.060572921373863435 0.8215502812703264 0.5686953863890724 -0.040516955903016134 -0.0012512835627850583 0.07286404477129756 0.9973413984079694 7.755409401357667 -5.2265638805072285 5.120524628163253 PINHOLE 1280 1024 1024.0877685546875 1023.894775390625 601.8067016601562 508.1316833496094
dataset_8_undistorted/keyframe_3_frame_000506.png 0.5635557719975811 -0.8237714326669066 0.06169169707095917 0.8260783565753316 0.561959789930632 -0.042386448246427955 0.00024850519393951554 0.07484942021342228 0.9971949935415682 7.9435639215494405 -5.4788454039141925 5.324021927324225 PINHOLE 1280 1024 1024.0877685546875 1023.894775390625 601.8067016601562 508.1316833496094
dataset_8_undistorted/keyframe_3_frame_000508.png 0.5566280449156924 -0.8283832057285054 0.0628215353873303 0.8307601487728737 0.5548727481679815 -0.04420904103190687 0.001764142852989009 0.07679772482764359 0.9970455043372158 8.089772279795426 -5.715161448786603 5.4716347157888094 PINHOLE 1280 1024 1024.0877685546875 1023.894775390625 601.8067016601562 508.1316833496094
dataset_8_undistorted/keyframe_3_frame_000510.png 0.5496423206638934 -0.8329475023083186 0.06396673107070584 0.8353933780827651 0.5477218710430368 -0.04602564422252121 0.003300981907709037 0.07873518270528791 0.9968901324575149 8.196621556293394 -5.9404220149726825 5.603178009594785 PINHOLE 1280 1024 1024.0877685546875 1023.894775390625 601.8067016601562 508.1316833496094
dataset_8_undistorted/keyframe_3_frame_000511.png 0.5458212167387985 -0.835409784344242 0.06456941669921944 0.8378919521231756 0.543820842182128 -0.04686593768800377 0.004037999160493441 0.07968265247573611 0.996812379720517 8.318222287773295 -6.058268849619253 5.646369936242195 PINHOLE 1280 1024 1024.0877685546875 1023.894775390625 601.8067016601562 508.1316833496094
dataset_8_undistorted/keyframe_3_frame_000516.png 0.5268614628736642 -0.8472877700471194 0.06723620821876684 0.8499216748638756 0.5245335260684092 -0.04997738259159195 0.007077429421310643 0.0834767086885803 0.996484658425667 8.617253797378709 -6.456085126808375 5.737809488901689 PINHOLE 1280 1024 1024.0877685546875 1023.894775390625 601.8067016601562 508.1316833496094
dataset_8_undistorted/keyframe_3_frame_000518.png 0.5196521301726013 -0.8516477737151558 0.06825056137642412 0.8543358909975161 0.5171726351995732 -0.05140860243623621 0.008484821341806689 0.08502371135916206 0.9963427779976274 8.75279704743673 -6.639029298800324 5.774073954012465 PINHOLE 1280 1024 1024.0877685546875 1023.894775390625 601.8067016601562 508.1316833496094
dataset_8_undistorted/keyframe_3_frame_000520.png 0.5126902125533276 -0.8557793216155005 0.06921290935508648 0.8585193745006088 0.5100817216867838 -0.052550898268420944 0.00966763841590303 0.08636302646620618 0.9962171452114094 8.87512942152793 -6.789201456275805 5.7711439598904235 PINHOLE 1280 1024 1024.0877685546875 1023.894775390625 601.8067016601562 508.1316833496094
dataset_8_undistorted/keyframe_3_frame_000521.png 0.5095659995689652 -0.8576080853115364 0.0696478189761117 0.8603710294554938 0.5068982979743264 -0.0530653658554321 0.010204815784489292 0.08696340571479219 0.9961594036551821 8.942199952925847 -6.848510991910416 5.809586522308564 PINHOLE 1280 1024 1024.0877685546875 1023.894775390625 601.8067016601562 508.1316833496094
dataset_8_undistorted/keyframe_3_frame_000527.png 0.4915702393026619 -0.8678818043559434 0.07169159221128989 0.8707198448486865 0.48847994802115696 -0.05687194959491235 0.014338225488886374 0.0903799989897648 0.9958043692057993 9.19145788538242 -7.353785518038194 5.7122885614796814 PINHOLE 1280 1024 1024.0877685546875 1023.894775390625 601.8067016601562 508.1316833496094
dataset_8_undistorted/keyframe_3_frame_000530.png 0.48283636149751086 -0.8727082617543964 0.07245259208112953 0.8755493650448782 0.4795047942721584 -0.05906513150446183 0.016805200426557084 0.09195472295603867 0.9956216008876511 9.294191523947688 -7.6357583110905125 5.709049627310378 PINHOLE 1280 1024 1024.0877685546875 1023.894775390625 601.8067016601562 508.1316833496094
dataset_8_undistorted/keyframe_3_frame_000533.png 0.4737332908545643 -0.8776255716287286 0.07314403561288241 0.8804677065024142 0.47021616665716226 -0.06061023323175556 0.01879939797192692 0.09311409546829474 0.9954782760145126 9.385677581564309 -7.835286787657424 5.708535301980419 PINHOLE 1280 1024 1024.0877685546875 1023.894775390625 601.8067016601562 508.1316833496094
dataset_8_undistorted/keyframe_3_frame_000535.png 0.46586674729059835 -0.881788726021386 0.07359815037092761 0.884609781418868 0.46216687917899546 -0.062187267210686674 0.02082145447113455 0.09407678588737062 0.9953472938107539 9.444332665955415 -8.040228937912161 5.693317225235319 PINHOLE 1280 1024 1024.0877685546875 1023.894775390625 601.8067016601562 508.1316833496094
dataset_8_undistorted/keyframe_3_frame_000537.png 0.4601881970226882 -0.8847429114821859 0.07387036269268189 0.8875429831342442 0.45636551337058573 -0.06322928333204474 0.022229878070679127 0.09466069428913594 0.9952615122920184 9.47949884031894 -8.175812842940786 5.682247074742122 PINHOLE 1280 1024 1024.0877685546875 1023.894775390625 601.8067016601562 508.1316833496094
dataset_8_undistorted/keyframe_3_frame_000541.png 0.4485983681467609 -0.8906503428439928 0.07417539357360688 0.8933927436276511 0.44458772183465695 -0.06474452030245251 0.02468735158665389 0.09531218871845683 0.995141606662552 9.520998551572362 -8.37153075329411 5.6739963383820395 PINHOLE 1280 1024 1024.0877685546875 1023.894775390625 601.8067016601562 508.1316833496094
dataset_8_undistorted/keyframe_3_frame_000543.png 0.44262156126332874 -0.8936293267664878 0.07424872656523976 0.8963300738799413 0.43850952085951095 -0.06559345031859003 0.02605723393240792 0.09558444418392115 0.9950806387456528 9.526268349486926 -8.48532602450382 5.644968203130475 PINHOLE 1280 1024 1024.0877685546875 1023.894775390625 601.8067016601562 508.1316833496094
dataset_8_undistorted/keyframe_3_frame_000544.png 0.43963440615699084 -0.8951011341800884 0.0742718904829505 0.8977794632237776 0.43547471423695316 -0.06598608596877427 0.026720914573435513 0.0956897384294093 0.995052548519646 9.535390999665736 -8.531678631112072 5.663368505114022 PINHOLE 1280 1024 1024.0877685546875 1023.894775390625 601.8067016601562 508.1316833496094
dataset_8_undistorted/keyframe_3_frame_000546.png 0.4311297355300027 -0.8992187522278096 0.07438088988006128 0.9018468245325375 0.42686895653061596 -0.06674513070073243 0.028267474225626314 0.09585612163207402 0.9949940025198943 9.545323957532958 -8.63384453281492 5.622160286896701 PINHOLE 1280 1024 1024.0877685546875 1023.894775390625 601.8067016601562 508.1316833496094
dataset_8_undistorted/keyframe_3_frame_000547.png 0.42758046515186543 -0.9009066153419449 0.07444838247363283 0.9035140661300635 0.4232730748482178 -0.06710108048730484 0.02893988210581287 0.09595643783143046 0.9949648818064609 9.554000891348132 -8.680220278789875 5.61031903418052 PINHOLE 1280 1024 1024.0877685546875 1023.894775390625 601.8067016601562 508.1316833496094
dataset_8_undistorted/keyframe_3_frame_000550.png 0.4165135671830406 -0.9060509921280746 0.07475625361090289 0.9086008902942707 0.4120569097416127 -0.06822478551155971 0.03101127823065028 0.09634028411118689 0.9948658281117279 9.593784255192674 -8.826910988900181 5.581698034708438 PINHOLE 1280 1024 1024.0877685546875 1023.894775390625 601.8067016601562 508.1316833496094
dataset_8_undistorted/keyframe_3_frame_000552.png 0.40923442892831857 -0.9093407574744037 0.07501212329687489 0.9118619744135704 0.40469743480495984 -0.0687546264827786 0.032164176580963856 0.09653760225656774 0.9948092327892939 9.624919932215747 -8.897642859254347 5.560476781811644 PINHOLE 1280 1024 1024.0877685546875 1023.894775390625 601.8067016601562 508.1316833496094
dataset_8_undistorted/keyframe_3_frame_000554.png 0.4031150226677564 -0.9120504442933585 0.0752507246744204 0.9145407868997592 0.39848420496521975 -0.06946798788598456 0.0333720251780649 0.09682354430126044 0.9947418884470912 9.659725732683171 -8.98759394516037 5.563476862522407 PINHOLE 1280 1024 1024.0877685546875 1023.894775390625 601.8067016601562 508.1316833496094
dataset_8_undistorted/keyframe_3_frame_000555.png 0.4002109028285996 -0.9133181085112257 0.0753769089674571 0.9157922504380331 0.3955288137854972 -0.0698690598893774 0.033998946093042375 0.09699210637780115 0.9947045703610786 9.67795827188267 -9.03823484960003 5.5660103610028955 PINHOLE 1280 1024 1024.0877685546875 1023.894775390625 601.8067016601562 508.1316833496094
dataset_8_undistorted/keyframe_3_frame_000560.png 0.380299011733749 -0.9216656053753939 0.07684752471932658 0.9240823830434425 0.37524953807750444 -0.07252101963977906 0.03800307328639991 0.09859323181305268 0.9944018423789622 9.866287387164903 -9.385093231988094 5.526890093582665 PINHOLE 1280 1024 1024.0877685546875 1023.894775390625 601.8067016601562 508.1316833496094
dataset_8_undistorted/keyframe_3_frame_000564.png 0.36120327461648755 -0.9291629480763922 0.07866753718594423 0.9315755869541507 0.35583477461398505 -0.07448719094786088 0.041218048440462014 0.10018988229944523 0.9941142673899893 10.09996053796743 -9.643030876141438 5.509213159807928 PINHOLE 1280 1024 1024.0877685546875 1023.894775390625 601.8067016601562 508.1316833496094
dataset_8_undistorted/keyframe_3_frame_000567.png 0.3530051080769278 -0.9320671992143408 0.08147699832173716 0.9347167998928818 0.34749571495832976 -0.07450504804742412 0.041130816702255095 0.10245870379096522 0.9938864573851409 10.534303438994783 -9.65798022253648 5.467669430618116 PINHOLE 1280 1024 1024.0877685546875 1023.894775390625 601.8067016601562 508.1316833496094
dataset_8_undistorted/keyframe_3_frame_000572.png 0.3395585183065818 -0.9365694216322329 0.08682000782684034 0.9396368300071443 0.3336248405995954 -0.0760083557037042 0.04222188800741551 0.1073887766072496 0.9933205861767733 11.153726675982576 -9.843739943499486 5.981314430006478 PINHOLE 1280 1024 1024.0877685546875 1023.894775390625 601.8067016601562 508.1316833496094
dataset_8_undistorted/keyframe_3_frame_000578.png 0.3398469554367295 -0.9354322493137399 0.09731588927167717 0.939505743789374 0.3329621429621797 -0.08040628719274638 0.04281225501547246 0.11875496538286355 0.9920004680385842 12.58905063510981 -10.419038126927717 7.034051021358437 PINHOLE 1280 1024 1024.0877685546875 1023.894775390625 601.8067016601562 508.1316833496094
dataset_8_undistorted/keyframe_3_frame_000579.png 0.34091533286838727 -0.9348321530502455 0.0993260981082221 0.9391279127691308 0.3338704636170281 -0.08105009396359454 0.04260611001035189 0.12091127247427678 0.9917486211046719 12.851439184843574 -10.50109457702024 7.193130378548517 PINHOLE 1280 1024 1024.0877685546875 1023.894775390625 601.8067016601562 508.1316833496094
dataset_8_undistorted/keyframe_3_frame_000580.png 0.341882178415118 -0.9342572315357743 0.10139066060455543 0.9387917312921038 0.33469056501712297 -0.08155520219543887 0.042259037883248654 0.1230671771588117 0.9914977801813137 13.038264927053053 -10.563358466610907 7.336925853521166 PINHOLE 1280 1024 1024.0877685546875 1023.894775390625 601.8067016601562 508.1316833496094
dataset_8_undistorted/keyframe_3_frame_000583.png 0.3414459684624191 -0.9337278561194785 0.10754918243810946 0.9390080041962957 0.3338935058915429 -0.08233434106465352 0.040967846078032166 0.1291024078642364 0.9907846550972785 13.912001313456166 -10.670352577348922 7.588543691261748 PINHOLE 1280 1024 1024.0877685546875 1023.894775390625 601.8067016601562 508.1316833496094
dataset_8_undistorted/keyframe_3_frame_000585.png 0.33770071307461463 -0.9345757395367659 0.11192268051103381 0.9404105624555359 0.3299729853810068 -0.08213458580567339 0.03982947632593279 0.13299028911400645 0.9903169739552605 14.48050501977028 -10.642984848359447 7.6133066252797335 PINHOLE 1280 1024 1024.0877685546875 1023.894775390625 601.8067016601562 508.1316833496094
dataset_8_undistorted/keyframe_3_frame_000587.png 0.3321508010465673 -0.936061676206687 0.11603627581506282 0.9424260409228657 0.32428184781080927 -0.08169931802511589 0.03884709509409776 0.1364921984888726 0.989879511656967 15.083180220012306 -10.596644131611583 7.5362520781621924 PINHOLE 1280 1024 1024.0877685546875 1023.894775390625 601.8067016601562 508.1316833496094
dataset_8_undistorted/keyframe_3_frame_000592.png 0.3206281948268523 -0.9389368873041116 0.12487994251942462 0.9464736831953707 0.31240475111465177 -0.08118203744117038 0.03721188090029766 0.1442250993523204 0.9888452968797933 16.190478603096857 -10.526774921606147 7.413449786103229 PINHOLE 1280 1024 1024.0877685546875 1023.894775390625 601.8067016601562 508.1316833496094
dataset_8_undistorted/keyframe_3_frame_000595.png 0.31282130008544323 -0.9410562867025685 0.12867316128609782 0.9490691211359976 0.30433687208213706 -0.08153245731424613 0.03756670608343881 0.1476250842225631 0.9883298732850146 16.642956125386263 -10.57017243085238 7.317075354168196 PINHOLE 1280 1024 1024.0877685546875 1023.894775390625 601.8067016601562 508.1316833496094
dataset_8_undistorted/keyframe_3_frame_000596.png 0.31025241021617794 -0.9418390453354364 0.12916319848327915 0.9499036447197349 0.3017348986515273 -0.08147983315137039 0.03776786313494492 0.1479720642446352 0.9882698614620555 16.706487268663054 -10.563490033885955 7.363883789137731 PINHOLE 1280 1024 1024.0877685546875 1023.894775390625 601.8067016601562 508.1316833496094
dataset_8_undistorted/keyframe_3_frame_000597.png 0.30640138278377527 -0.9429845693471984 0.12999310676042955 0.9511461466536675 0.29784763705864353 -0.08129086293551899 0.037937923140416094 0.14855020920762016 0.9881774160700929 16.88840193479509 -10.543649629669062 7.429390302809907 PINHOLE 1280 1024 1024.0877685546875 1023.894775390625 601.8067016601562 508.1316833496094
dataset_8_undistorted/keyframe_3_frame_000598.png 0.30349985168142063 -0.9437858549316234 0.1309814955140149 0.9520802434755891 0.2949243357316823 -0.08101219426839408 0.03782849030626925 0.14929227430416267 0.988069542993996 16.876484037996704 -10.49217686779366 7.532931196481059 PINHOLE 1280 1024 1024.0877685546875 1023.894775390625 601.8067016601562 508.1316833496094
dataset_8_undistorted/keyframe_3_frame_000599.png 0.3007933815631074 -0.9444333360559827 0.13254678845230897 0.9529452480846737 0.2921545934532573 -0.08087096179949407 0.03765304812087267 0.15063546899105532 0.9878718967365243 17.225679573356068 -10.484082548961396 7.544707142968491 PINHOLE 1280 1024 1024.0877685546875 1023.894775390625 601.8067016601562 508.1316833496094
dataset_8_undistorted/keyframe_3_frame_000602.png 0.29306678994477287 -0.9459259156514688 0.13905522446206536 0.9553335426975499 0.2839297290606426 -0.08198010990102876 0.038065061564196555 0.15686990539462872 0.9868848853711312 17.99185201739101 -10.62531078626239 7.640309531887397 PINHOLE 1280 1024 1024.0877685546875 1023.894775390625 601.8067016601562 508.1316833496094
dataset_8_undistorted/keyframe_3_frame_000604.png 0.29018860486872133 -0.9461173656563608 0.14371045097884352 0.9562217233390823 0.2807391443574332 -0.08261434735709394 0.037817726311357054 0.1613928802015938 0.9861653703958295 18.664463873272354 -10.71397313167995 7.56766646717665 PINHOLE 1280 1024 1024.0877685546875 1023.894775390625 601.8067016601562 508.1316833496094
dataset_8_undistorted/keyframe_3_frame_000608.png 0.28603364542837273 -0.9464179442065886 0.14992757476794175 0.9574706633787292 0.27610390015262104 -0.08377131777321344 0.03788718912167415 0.16751272526504601 0.9851421190490272 19.28367783189406 -10.85723670999846 7.5872747343158835 PINHOLE 1280 1024 1024.0877685546875 1023.894775390625 601.8067016601562 508.1316833496094
dataset_8_undistorted/keyframe_3_frame_000613.png 0.28490889040872214 -0.9466380623982604 0.1506770204793316 0.9575780592049576 0.2739869981773193 -0.08930469763653115 0.043255610385858005 0.16972880641971572 0.9845410927336393 19.42495699538197 -11.569803110054863 8.38220267478016 PINHOLE 1280 1024 1024.0877685546875 1023.894775390625 601.8067016601562 508.1316833496094
dataset_8_undistorted/keyframe_3_frame_000614.png 0.2878257744181723 -0.945763919188235 0.15062156085182715 0.9566784586975903 0.27674531593582335 -0.09043458851732387 0.04384573576720416 0.17012585331121063 0.984446639851731 19.517356345282245 -11.72904688766016 8.578224996475 PINHOLE 1280 1024 1024.0877685546875 1023.894775390625 601.8067016601562 508.1316833496094
dataset_8_undistorted/keyframe_3_frame_000615.png 0.29024906367990977 -0.945008331969953 0.15071386095395697 0.9559188576845973 0.27900540078923625 -0.09151302895166434 0.04443037108949425 0.17063182868002622 0.9843325200596468 19.571030756361928 -11.865923512706559 8.78847899832897 PINHOLE 1280 1024 1024.0877685546875 1023.894775390625 601.8067016601562 508.1316833496094
dataset_8_undistorted/keyframe_3_frame_000616.png 0.2905200170499256 -0.9448155266694324 0.15139986256562474 0.9558074741361307 0.2790925017443559 -0.09240589921995293 0.0450519975503545 0.17155515168772406 0.9841438576968626 19.520859033467865 -11.969112184377536 9.031803088585775 PINHOLE 1280 1024 1024.0877685546875 1023.894775390625 601.8067016601562 508.1316833496094
dataset_8_undistorted/keyframe_3_frame_000617.png 0.28867312060605393 -0.9451940409171709 0.15256536017095046 0.9563606628986417 0.2771464718547886 -0.09254245387155456 0.04518755761649564 0.17262212059814103 0.9839513000641286 19.81316426856762 -11.997780347426897 9.05715729523547 PINHOLE 1280 1024 1024.0877685546875 1023.894775390625 601.8067016601562 508.1316833496094
dataset_8_undistorted/keyframe_3_frame_000618.png 0.28525522207097903 -0.9460873834632532 0.15345372655500822 0.9573145209740384 0.27344507413294716 -0.09368603154276993 0.04667400689043443 0.17362812131025526 0.9837052536529508 19.88879396129517 -12.146967697042328 9.125721147417153 PINHOLE 1280 1024 1024.0877685546875 1023.894775390625 601.8067016601562 508.1316833496094
dataset_8_undistorted/keyframe_3_frame_000626.png 0.25499493005439056 -0.9541935644239187 0.1565006835956106 0.9651474672172199 0.24130931784653312 -0.10128915968097928 0.05888445017473979 0.1768747303458274 0.9824701786544877 20.20492960743003 -13.133374834645565 9.6737945016921 PINHOLE 1280 1024 1024.0877685546875 1023.894775390625 601.8067016601562 508.1316833496094
dataset_8_undistorted/keyframe_3_frame_000633.png 0.24051736197139023 -0.9578759883226828 0.1569235572074244 0.9688081531839332 0.2269644571646907 -0.09948342131893378 0.05967677624586282 0.17595659410086564 0.9825872417971062 20.26903901701168 -12.89442031086719 9.995702790638347 PINHOLE 1280 1024 1024.0877685546875 1023.894775390625 601.8067016601562 508.1316833496094
dataset_8_undistorted/keyframe_3_frame_000634.png 0.23770137520109694 -0.9587266203516939 0.1560164063732101 0.9695337575919679 0.22439424908705738 -0.09824015970265408 0.059176366853639285 0.17461530419153135 0.9828571114275925 20.260781353476574 -12.732180286331868 10.019252591807799 PINHOLE 1280 1024 1024.0877685546875 1023.894775390625 601.8067016601562 508.1316833496094
dataset_8_undistorted/keyframe_3_frame_000636.png 0.23794621570144522 -0.9587977188080895 0.15520649048562551 0.9696787204753824 0.22533469369351122 -0.09459056733913049 0.05571987652137787 0.17300813602830203 0.9833432251163448 20.039993651163186 -12.265598741936174 10.222286063673891 PINHOLE 1280 1024 1024.0877685546875 1023.894775390625 601.8067016601562 508.1316833496094
dataset_8_undistorted/keyframe_3_frame_000637.png 0.24100583327920339 -0.9580899604749269 0.15485425230289673 0.9689872950743237 0.22856794818057444 -0.09391411115465394 0.05458342858187644 0.17268573416911637 0.9834631537319282 20.112468637117743 -12.170717743506884 10.21965720343735 PINHOLE 1280 1024 1024.0877685546875 1023.894775390625 601.8067016601562 508.1316833496094
dataset_8_undistorted/keyframe_3_frame_000639.png 0.2482062529071668 -0.9563855399217297 0.1540137101934588 0.9672681788643707 0.23602347978893784 -0.09319082476273242 0.05277557605255683 0.172103252185244 0.9836642392025413 20.01041696676917 -12.072935059690735 10.272977516642413 PINHOLE 1280 1024 1024.0877685546875 1023.894775390625 601.8067016601562 508.1316833496094
dataset_8_undistorted/keyframe_3_frame_000643.png 0.2646123094326319 -0.9522582487192761 0.15226630809613872 0.9631817269319299 0.2531886333756325 -0.09042830482205133 0.047559008090216334 0.17058870710272 0.9841942415200884 19.589068086277862 -11.720923697219405 10.51701252172154 PINHOLE 1280 1024 1024.0877685546875 1023.894775390625 601.8067016601562 508.1316833496094
dataset_8_undistorted/keyframe_3_frame_000644.png 0.26736356499579145 -0.9515138531636406 0.15211175579499686 0.9624814562894325 0.25611823676171724 -0.08962100800699338 0.04631709490815878 0.1703663388728083 0.9842913643988624 19.75009333164836 -11.620931326699065 10.526444188585401 PINHOLE 1280 1024 1024.0877685546875 1023.894775390625 601.8067016601562 508.1316833496094
dataset_8_undistorted/keyframe_3_frame_000647.png 0.27542721764055683 -0.9493247493676794 0.15140273092720435 0.9603499577899096 0.26463504816939915 -0.08772587888336168 0.04321378058300145 0.16956176653135674 0.984571497035486 19.620989096850593 -11.37641540614095 10.920473290529799 PINHOLE 1280 1024 1024.0877685546875 1023.894775390625 601.8067016601562 508.1316833496094
dataset_8_undistorted/keyframe_3_frame_000648.png 0.2730252789593624 -0.9501379266574714 0.15065115192797038 0.9609730500952084 0.2621080922180838 -0.08849181571920053 0.044592731559167306 0.1689325221398002 0.9846189034831996 19.456407278589623 -11.469098217731243 11.056452616602314 PINHOLE 1280 1024 1024.0877685546875 1023.894775390625 601.8067016601562 508.1316833496094
dataset_8_undistorted/keyframe_3_frame_000649.png 0.2701731287988954 -0.9509785377061993 0.15048653572522327 0.9617273706638022 0.2591377829625295 -0.08903272927188496 0.045671478160396746 0.16878150658603838 0.984594286961057 19.50243881125907 -11.545469390173139 11.048837451518125 PINHOLE 1280 1024 1024.0877685546875 1023.894775390625 601.8067016601562 508.1316833496094
dataset_8_undistorted/keyframe_3_frame_000651.png 0.2735817570749109 -0.9504319277043423 0.14775775718515305 0.9608505117334795 0.2630575853183045 -0.08698772848041549 0.04380723017300616 0.1657716131004395 0.9851911930039624 19.18875639209294 -11.279248059265 11.05819132524175 PINHOLE 1280 1024 1024.0877685546875 1023.894775390625 601.8067016601562 508.1316833496094
dataset_8_undistorted/keyframe_3_frame_000652.png 0.27640080489330376 -0.9498306198716707 0.14637347825254102 0.9600876859080291 0.2661161340227324 -0.08610895116445515 0.042836479068810975 0.16433210994212522 0.9854749311680058 18.939652869092555 -11.160280724720451 11.041835000483957 PINHOLE 1280 1024 1024.0877685546875 1023.894775390625 601.8067016601562 508.1316833496094
dataset_8_undistorted/keyframe_3_frame_000653.png 0.27878511816455337 -0.9493072940317426 0.14524114567765675 0.9594406368448614 0.2687230161135106 -0.08522063057026628 0.04187097609194406 0.16310871127691454 0.985719755125476 18.820935585269282 -11.053707411362666 11.006921015126068 PINHOLE 1280 1024 1024.0877685546875 1023.894775390625 601.8067016601562 508.1316833496094
dataset_8_undistorted/keyframe_3_frame_000655.png 0.2835730887889446 -0.9482526575222104 0.14284115252261131 0.9581217759714123 0.27397487334711207 -0.08331324095106762 0.03986723001263282 0.16048478866052407 0.9862333993881301 18.516910817612626 -10.802126538835637 11.0526078499488 PINHOLE 1280 1024 1024.0877685546875 1023.894775390625 601.8067016601562 508.1316833496094
dataset_8_undistorted/keyframe_3_frame_000656.png 0.2869852647347087 -0.947370662480877 0.14187385093472793 0.9571416502934419 0.27755958617994153 -0.0827085510128328 0.03897698632219622 0.15952964506738468 0.9864238443246944 18.36147151692824 -10.71662481697581 11.083421099625525 PINHOLE 1280 1024 1024.0877685546875 1023.894775390625 601.8067016601562 508.1316833496094
dataset_8_undistorted/keyframe_3_frame_000657.png 0.28960322550861434 -0.9466858107777915 0.1411244965574919 0.9563810480014875 0.28031316470880874 -0.08221494161980274 0.03827275607769937 0.1587787737748453 0.9865719922810839 18.28535499768477 -10.666214355438342 11.063947696076752 PINHOLE 1280 1024 1024.0877685546875 1023.894775390625 601.8067016601562 508.1316833496094
dataset_8_undistorted/keyframe_3_frame_000658.png 0.2899268044503459 -0.9467057922766683 0.1403246506593085 0.9561882797554112 0.2803196568697915 -0.08440680564281654 0.04057262144620846 0.15864875746893423 0.9865008911376758 18.154061753128673 -10.941150913977253 11.11140229308512 PINHOLE 1280 1024 1024.0877685546875 1023.894775390625 601.8067016601562 508.1316833496094
dataset_8_undistorted/keyframe_3_frame_000659.png 0.28947488715050085 -0.9467178236738187 0.14117252148881 0.9562348796195687 0.27945310507760185 -0.08672471403663938 0.04265279098767118 0.16009893195407918 0.986179381186666 18.29169291590764 -11.2502460938706 11.053125057784541 PINHOLE 1280 1024 1024.0877685546875 1023.894775390625 601.8067016601562 508.1316833496094
dataset_8_undistorted/keyframe_3_frame_000661.png 0.29239408313375825 -0.9454934172338703 0.1433470024974247 0.9551449031059662 0.2813826799556471 -0.09231849575207171 0.04695125880730742 0.16391073962736696 0.9853576155517559 18.582315075870127 -11.968438937229394 11.033133538997276 PINHOLE 1280 1024 1024.0877685546875 1023.894775390625 601.8067016601562 508.1316833496094
dataset_8_undistorted/keyframe_3_frame_000663.png 0.30030208371604683 -0.9428663864999173 0.14429962901438181 0.9525644038542115 0.288613395900223 -0.09655794664799001 0.049394475198351454 0.1664514667109351 0.984811900335858 18.62659873150912 -12.51636072335009 11.090655011641275 PINHOLE 1280 1024 1024.0877685546875 1023.894775390625 601.8067016601562 508.1316833496094
dataset_8_undistorted/keyframe_3_frame_000664.png 0.30343693302141267 -0.9418169382962152 0.1445927662802361 0.9515306520536024 0.2915197536344164 -0.09801084501544528 0.050156701279540424 0.1673247081269488 0.9846253966577311 18.741125764425497 -12.707391687077688 11.122688193772092 PINHOLE 1280 1024 1024.0877685546875 1023.894775390625 601.8067016601562 508.1316833496094
dataset_8_undistorted/keyframe_3_frame_000665.png 0.30684109791407443 -0.9406654857745075 0.14490356383241626 0.9503961100055338 0.29467940482530824 -0.0995571454043549 0.05094988444317302 0.16826421071801456 0.9844245468986172 18.781277625536244 -12.907592613078123 11.165859226758243 PINHOLE 1280 1024 1024.0877685546875 1023.894775390625 601.8067016601562 508.1316833496094
dataset_8_undistorted/keyframe_3_frame_000671.png 0.3326906099784836 -0.9315857297061029 0.146508638330299 0.9414455119828666 0.31907856044656036 -0.10894391031967605 0.0547427857524871 0.17417458683131148 0.9831919716239398 18.83828239568397 -14.112026446619211 11.54789351873319 PINHOLE 1280 1024 1024.0877685546875 1023.894775390625 601.8067016601562 508.1316833496094
dataset_8_undistorted/keyframe_3_frame_000672.png 0.337257697483314 -0.9298939158463088 0.1468154650566272 0.9397906639514108 0.3234075574670537 -0.11046031598110576 0.055235185317345635 0.1752296526430403 0.9829773700500005 19.02591753881891 -14.321298308985888 11.611812708026378 PINHOLE 1280 1024 1024.0877685546875 1023.894775390625 601.8067016601562 508.1316833496094
dataset_8_undistorted/keyframe_3_frame_000674.png 0.34631703716586026 -0.9264686417463224 0.1473777178582793 0.936438876296215 0.3320120915802292 -0.11335559243553245 0.05608926205509004 0.17726749017836727 0.9825632043152324 19.103401129864547 -14.693730506846123 11.787328263252789 PINHOLE 1280 1024 1024.0877685546875 1023.894775390625 601.8067016601562 508.1316833496094
dataset_8_undistorted/keyframe_3_frame_000679.png 0.37044438696531656 -0.9168975165235074 0.1485592165696129 0.9271506496903755 0.3553225759902053 -0.11889844474748354 0.056231252923296476 0.18178229526798392 0.9817296612307357 19.250920971699486 -15.4143453386896 12.13126881533708 PINHOLE 1280 1024 1024.0877685546875 1023.894775390625 601.8067016601562 508.1316833496094
dataset_8_undistorted/keyframe_3_frame_000681.png 0.37942071859863513 -0.9131355963055218 0.14907468097299628 0.9235433913371873 0.3640761577602864 -0.12048229570222233 0.05574213140949679 0.18339064625160556 0.9814585724030912 19.312363461569603 -15.621827484862933 12.205352607388704 PINHOLE 1280 1024 1024.0877685546875 1023.894775390625 601.8067016601562 508.1316833496094
dataset_8_undistorted/keyframe_3_frame_000687.png 0.4066113067737153 -0.9010193107592899 0.1511008648997689 0.9121208968653489 0.3909507861104872 -0.12326118063227186 0.05198757433131562 0.18794178477236184 0.9808036988402605 19.584473018180233 -15.977838124951177 12.37248179804999 PINHOLE 1280 1024 1024.0877685546875 1023.894775390625 601.8067016601562 508.1316833496094
dataset_8_undistorted/keyframe_3_frame_000689.png 0.4147268735862189 -0.8972233463224102 0.15163047780780708 0.9085606541885777 0.3991165156331209 -0.12337795784589235 0.05017926216944542 0.1889338572460443 0.9807063691225939 19.57724787378251 -15.980998533924094 12.381988167960344 PINHOLE 1280 1024 1024.0877685546875 1023.894775390625 601.8067016601562 508.1316833496094
dataset_8_undistorted/keyframe_3_frame_000691.png 0.4228625891175616 -0.893322820027006 0.15218863414367464 0.9049260682688277 0.40739393031784893 -0.12304112802973081 0.0479146727268467 0.18974916795443256 0.9806630891632603 19.717034454891547 -15.952692159888556 12.348279273001253 PINHOLE 1280 1024 1024.0877685546875 1023.894775390625 601.8067016601562 508.1316833496094
dataset_8_undistorted/keyframe_3_frame_000692.png 0.4271082850184949 -0.8912681916760773 0.15238021509867128 0.9029926900455997 0.41173002427182237 -0.12281204634380827 0.04671891329622671 0.19005240734731613 0.9806619390477062 19.824110186216885 -15.904013086256327 12.344633764723994 PINHOLE 1280 1024 1024.0877685546875 1023.894775390625 601.8067016601562 508.1316833496094
dataset_8_undistorted/keyframe_3_frame_000696.png 0.44485389394213976 -0.8824782873873097 0.15276382569056687 0.8946752521782466 0.43012094450394583 -0.12062735078783449 0.040744112006480974 0.19033586619210385 0.9808727570705648 19.790849840633484 -15.640519300571668 12.279170780671393 PINHOLE 1280 1024 1024.0877685546875 1023.894775390625 601.8067016601562 508.1316833496094
dataset_8_undistorted/keyframe_3_frame_000698.png 0.4534843067841702 -0.8780751450191457 0.152761565837892 0.8904794969513212 0.4391903357437519 -0.11898692139907077 0.037388120407567366 0.1899900189800232 0.9810740323314466 19.7958095385967 -15.426252176496291 12.24038600865947 PINHOLE 1280 1024 1024.0877685546875 1023.894775390625 601.8067016601562 508.1316833496094
dataset_8_undistorted/keyframe_3_frame_000699.png 0.45776399277366747 -0.8758713478635834 0.1526490960324866 0.8883576000625718 0.4437135621475546 -0.1180645320098569 0.03567683881711235 0.18965282468790423 0.9812029896237093 19.77565477550658 -15.308863548652198 12.188140999850589 PINHOLE 1280 1024 1024.0877685546875 1023.894775390625 601.8067016601562 508.1316833496094
dataset_8_undistorted/keyframe_3_frame_000700.png 0.46185289333350943 -0.8737504095718914 0.152486948136096 0.8863074905484769 0.448068757111296 -0.11701764348641279 0.03391955513891873 0.18919545082851347 0.9813535675319887 19.71318671501359 -15.168144352202262 12.149786772537936 PINHOLE 1280 1024 1024.0877685546875 1023.894775390625 601.8067016601562 508.1316833496094
dataset_8_undistorted/keyframe_3_frame_000701.png 0.46566246247961024 -0.8717650620988034 0.1522625153400017 0.884377327678162 0.4521629813457077 -0.11586326412861221 0.03215808365958505 0.18861098372588833 0.9815250607192644 19.730928506937005 -15.021874205750919 12.086128606001807 PINHOLE 1280 1024 1024.0877685546875 1023.894775390625 601.8067016601562 508.1316833496094
dataset_8_undistorted/keyframe_3_frame_000702.png 0.4693056667478802 -0.8698701573411662 0.1519159078639828 0.8825141997214857 0.4561246825356695 -0.11453589763572167 0.030338818750250622 0.18782053664181186 0.9817345760839787 19.688763116885383 -14.84897319218021 12.009762303404955 PINHOLE 1280 1024 1024.0877685546875 1023.894775390625 601.8067016601562 508.1316833496094
dataset_8_undistorted/keyframe_3_frame_000704.png 0.476912903074721 -0.8659155403498107 0.15081145036669363 0.8785458772119144 0.46442059184000134 -0.11167009905915683 0.02665680663678871 0.18575182258574982 0.9822349741537183 19.534396926150748 -14.482390737829746 11.752129123161353 PINHOLE 1280 1024 1024.0877685546875 1023.894775390625 601.8067016601562 508.1316833496094
dataset_8_undistorted/keyframe_3_frame_000707.png 0.4864711514303472 -0.8609767949144783 0.1485421934781119 0.8734347738933987 0.47508295270908935 -0.10681001419851778 0.021391058716687564 0.1817020610121715 0.9831213217263846 19.28987074733834 -13.856398845749936 11.251750520127985 PINHOLE 1280 1024 1024.0877685546875 1023.894775390625 601.8067016601562 508.1316833496094
dataset_8_undistorted/keyframe_3_frame_000708.png 0.4892236175237292 -0.8595870541807787 0.147547967594059 0.8719372380779473 0.47824182399975446 -0.10492932291869882 0.01963220950097408 0.17998674416628088 0.9834731654918539 19.089437472525958 -13.593829632650113 11.043933023705904 PINHOLE 1280 1024 1024.0877685546875 1023.894775390625 601.8067016601562 508.1316833496094
dataset_8_undistorted/keyframe_3_frame_000709.png 0.4916216939845377 -0.8584033752639113 0.1464633639958113 0.8706229510119327 0.48104063950134185 -0.10303365193998192 0.017989603161087192 0.17816812389486716 0.983836125903223 19.01778580328923 -13.36903571556445 10.780675370925678 PINHOLE 1280 1024 1024.0877685546875 1023.894775390625 601.8067016601562 508.1316833496094
dataset_8_undistorted/keyframe_3_frame_000716.png 0.5027962506926157 -0.8534506721387735 0.1371782663704476 0.8643761230636341 0.4951136418721787 -0.08784424803055167 0.007051781302782059 0.16274153923415496 0.9866436919771022 17.743976068256103 -11.382783494718069 8.62049034331551 PINHOLE 1280 1024 1024.0877685546875 1023.894775390625 601.8067016601562 508.1316833496094
dataset_8_undistorted/keyframe_3_frame_000717.png 0.5042126830853106 -0.852844204445417 0.135743247972222 0.8635612078098686 0.4969124082189467 -0.08567652403571471 0.005615906380803133 0.1604218364370742 0.9870329183085891 17.600625939212108 -11.082565974968247 8.298034601003337 PINHOLE 1280 1024 1024.0877685546875 1023.894775390625 601.8067016601562 508.1316833496094
dataset_8_undistorted/keyframe_3_frame_000722.png 0.5122353330657947 -0.8491469400173065 0.1287038967636141 0.8588445148303352 0.5066458658280167 -0.07547617347976147 -0.0011169494738287914 0.14919836822706764 0.9888071483942393 16.7232673919178 -9.799823415367428 6.688875561354621 PINHOLE 1280 1024 1024.0877685546875 1023.894775390625 601.8067016601562 508.1316833496094
dataset_8_undistorted/keyframe_3_frame_000724.png 0.5167099643830001 -0.8468305547809127 0.12605132668247693 0.8561529828517385 0.5116991898121529 -0.071879280456664 -0.0036305924083942474 0.14506024367154116 0.9894165246329845 16.311170166154767 -9.311114563563024 6.108276937509231 PINHOLE 1280 1024 1024.0877685546875 1023.894775390625 601.8067016601562 508.1316833496094
dataset_8_undistorted/keyframe_3_frame_000725.png 0.5198673238215943 -0.8451755151180524 0.12416099375480547 0.8542295306484892 0.5152547129026246 -0.06931011856614537 -0.005395348654601905 0.1420941602857013 0.9898382549598541 16.129539337070014 -9.00453024251351 5.636939296339392 PINHOLE 1280 1024 1024.0877685546875 1023.894775390625 601.8067016601562 508.1316833496094
dataset_8_undistorted/keyframe_3_frame_000727.png 0.5243087434271292 -0.8427744549529897 0.12178583977901086 0.85149405888585 0.5201818970116057 -0.06609978767805338 -0.007643612723941255 0.13835677660294501 0.9903532695077647 15.750857034645975 -8.566677599526429 5.071711265098543 PINHOLE 1280 1024 1024.0877685546875 1023.894775390625 601.8067016601562 508.1316833496094
dataset_8_undistorted/keyframe_3_frame_000728.png 0.5263919761397149 -0.8416306981471675 0.12070534334830185 0.8501963504970949 0.5224997121430586 -0.064494369631239 -0.008788029083292495 0.1365727691826556 0.990590490852185 15.618928998240364 -8.354537330690846 4.824673459597079 PINHOLE 1280 1024 1024.0877685546875 1023.894775390625 601.8067016601562 508.1316833496094
dataset_8_undistorted/keyframe_3_frame_000729.png 0.5284310108241353 -0.840502791437265 0.11965001224800319 0.8489177257327162 0.5247773330984904 -0.06283223449949879 -0.009978925051447486 0.1347757300411127 0.9908261362715942 15.408778121535391 -8.117789919254164 4.5695604235281735 PINHOLE 1280 1024 1024.0877685546875 1023.894775390625 601.8067016601562 508.1316833496094
dataset_8_undistorted/keyframe_3_frame_000732.png 0.5350512537604486 -0.8366876327837302 0.11693751188180988 0.8447065629969642 0.5320974504886941 -0.05782768618189582 -0.013838436565581128 0.12971883443813545 0.9914547883497105 15.047165962324897 -7.474826301067196 3.8539581970572954 PINHOLE 1280 1024 1024.0877685546875 1023.894775390625 601.8067016601562 508.1316833496094
dataset_8_undistorted/keyframe_3_frame_000734.png 0.5393312634973119 -0.8341455003508089 0.11542724769107432 0.8419296409058145 0.5368416861405805 -0.05436397996750706 -0.016618665298416383 0.12650210673367032 0.9918271758700306 14.859544751641636 -7.0213412704563325 3.491274685084022 PINHOLE 1280 1024 1024.0877685546875 1023.894775390625 601.8067016601562 508.1316833496094
dataset_8_undistorted/keyframe_3_frame_000739.png 0.5526625647104322 -0.8257836685240731 0.11245320543169654 0.8330341604613435 0.5513911888148953 -0.044971868450117906 -0.02486875313404729 0.1185317539725229 0.9926391167801256 14.477429144260157 -5.802174542301827 2.6595009425946046 PINHOLE 1280 1024 1024.0877685546875 1023.894775390625 601.8067016601562 508.1316833496094
dataset_8_undistorted/keyframe_3_frame_000740.png 0.5553001748147549 -0.8240830411676939 0.11193326299632408 0.8312254821809826 0.5542671821033539 -0.043041089889877766 -0.02657157091930862 0.11694269727666393 0.9927833724527296 14.477688397003192 -5.578852342607206 2.5147921375669284 PINHOLE 1280 1024 1024.0877685546875 1023.894775390625 601.8067016601562 508.1316833496094
dataset_8_undistorted/keyframe_3_frame_000742.png 0.5614687450397885 -0.8200484833676477 0.11078655052799276 0.8269526009824458 0.5609087022025431 -0.03913824192444639 -0.03004586271168582 0.11359033729667883 0.9930737952352363 14.264477551715686 -5.044299908938456 2.3001092269817036 PINHOLE 1280 1024 1024.0877685546875 1023.894775390625 601.8067016601562 508.1316833496094
dataset_8_undistorted/keyframe_3_frame_000744.png 0.5675552281231764 -0.8159927419571191 0.10971358982503636 0.8226603452507916 0.5674281174927884 -0.03543952078328488 -0.03333624989278925 0.11037106594110613 0.993331651223059 14.11238730217434 -4.572411847136436 2.060022092819395 PINHOLE 1280 1024 1024.0877685546875 1023.894775390625 601.8067016601562 508.1316833496094
dataset_8_undistorted/keyframe_3_frame_000746.png 0.5730103862835807 -0.8123139717532102 0.10865092324387357 0.8187336531108638 0.5732977143367628 -0.03171035979492629 -0.036530649551784006 0.10712662118284287 0.993574478065171 13.982922654887545 -4.084293688278649 1.9055025133562822 PINHOLE 1280 1024 1024.0877685546875 1023.894775390625 601.8067016601562 508.1316833496094
dataset_8_undistorted/keyframe_3_frame_000747.png 0.5758033154794819 -0.8104058536371477 0.10813441963735718 0.816695703143695 0.5762995715946162 -0.029775209955083388 -0.03818774305233722 0.1054578192369159 0.9936900848105511 13.982925109367045 -3.8622804454621473 1.85357407811955 PINHOLE 1280 1024 1024.0877685546875 1023.894775390625 601.8067016601562 508.1316833496094
dataset_8_undistorted/keyframe_3_frame_000748.png 0.5787668031081301 -0.808367352849035 0.10756741339396218 0.8145176382076534 0.5794728078340008 -0.02778811019823628 -0.03986952200057629 0.10369852835478179 0.9938095791493589 13.914837899888596 -3.601671648431875 1.8237913068084026 PINHOLE 1280 1024 1024.0877685546875 1023.894775390625 601.8067016601562 508.1316833496094
dataset_8_undistorted/keyframe_3_frame_000750.png 0.5851383160112701 -0.8039249196026278 0.10638367459660589 0.80979153190207 0.5862240192728154 -0.024065544505303016 -0.04301775052598265 0.10023045648584317 0.9940343181125716 13.687009082431018 -3.0947145931986597 1.7343248500702657 PINHOLE 1280 1024 1024.0877685546875 1023.894775390625 601.8067016601562 508.1316833496094
dataset_8_undistorted/keyframe_3_frame_000754.png 0.5943408757835009 -0.7974902218751341 0.10376878312918306 0.8027149675003207 0.596147116880499 -0.016045622802476456 -0.04906528620775573 0.09283343770996824 0.9944721722820523 13.356663586229956 -2.0503213232182134 1.6762205431476787 PINHOLE 1280 1024 1024.0877685546875 1023.894775390625 601.8067016601562 508.1316833496094
dataset_8_undistorted/keyframe_3_frame_000755.png 0.5967362977761888 -0.7957857842253666 0.10310812210206538 0.8008359757505177 0.598723828571513 -0.0138902167022696 -0.0506796167823364 0.09086162106316523 0.9945737030986651 13.265889431946391 -1.7743249228485638 1.636947681564493 PINHOLE 1280 1024 1024.0877685546875 1023.894775390625 601.8067016601562 508.1316833496094
dataset_8_undistorted/keyframe_3_frame_000756.png 0.5988430838901575 -0.7942903654912742 0.10242039012535224 0.7991567500940637 0.6010087875859959 -0.011660206964016215 -0.05229384868166309 0.08883287226516934 0.9946725913973934 13.17958942949025 -1.4832790323894187 1.6189121472743864 PINHOLE 1280 1024 1024.0877685546875 1023.894775390625 601.8067016601562 508.1316833496094
dataset_8_undistorted/keyframe_3_frame_000757.png 0.6007145812755097 -0.792958816309999 0.10177603570300092 0.7976384769063227 0.6030636160045623 -0.00932070780418686 -0.053986375941576945 0.08677974821996406 0.9947636679965387 13.101524898399475 -1.1769054711387525 1.607988892207004 PINHOLE 1280 1024 1024.0877685546875 1023.894775390625 601.8067016601562 508.1316833496094
dataset_8_undistorted/keyframe_3_frame_000758.png 0.6022921296764496 -0.7918365359885706 0.10118738423142384 0.7963299979592455 0.6048228383279235 -0.006944420684134616 -0.05570166916464073 0.08476125689796948 0.99484352961543 13.028036452433412 -0.8672928064547705 1.5787479690071677 PINHOLE 1280 1024 1024.0877685546875 1023.894775390625 601.8067016601562 508.1316833496094
dataset_8_undistorted/keyframe_3_frame_000760.png 0.6040752889434682 -0.7906300364310475 0.09998194334869369 0.7947294454193066 0.6069594727485059 -0.001963006225273116 -0.05913310702992089 0.08064447407559773 0.9949868236096719 12.906889871512305 -0.23883648785590594 1.4564003957190153 PINHOLE 1280 1024 1024.0877685546875 1023.894775390625 601.8067016601562 508.1316833496094
dataset_8_undistorted/keyframe_3_frame_000763.png 0.604912203277395 -0.7902093374554205 0.0982374668323206 0.793676843750719 0.6083108183732169 0.005984906396080857 -0.06448819282032348 0.07434857873976453 0.9951454330703255 12.678392829354323 0.7884748160345225 1.1868315841900312 PINHOLE 1280 1024 1024.0877685546875 1023.894775390625 601.8067016601562 508.1316833496094
dataset_8_undistorted/keyframe_3_frame_000764.png 0.6053999052462046 -0.7899120331749446 0.09762209129127578 0.7931500395974324 0.6089634960193178 0.00875251070773498 -0.06636195459767943 0.07213040877923309 0.9951851614216619 12.555863527705583 1.1588536049328013 1.0678466617640652 PINHOLE 1280 1024 1024.0877685546875 1023.894775390625 601.8067016601562 508.1316833496094
dataset_8_undistorted/keyframe_3_frame_000765.png 0.6059869114339617 -0.7895351975375146 0.09702688076012371 0.7925496353856385 0.6097003515223492 0.011387937848504788 -0.06814849943739154 0.06999789396990476 0.9952162024298056 12.481377957205666 1.502113608775744 0.9370158171000185 PINHOLE 1280 1024 1024.0877685546875 1023.894775390625 601.8067016601562 508.1316833496094
dataset_8_undistorted/keyframe_3_frame_000769.png 0.6062405187403467 -0.7897352101993195 0.09376064773307591 0.7916461125243438 0.6105207639745479 0.023693706760054778 -0.07595444502678361 0.059861301361109114 0.9953129121670544 12.162090383667703 3.0476052252993213 -0.06817695809149882 PINHOLE 1280 1024 1024.0877685546875 1023.894775390625 601.8067016601562 508.1316833496094
dataset_8_undistorted/keyframe_3_frame_000773.png 0.6049379062088115 -0.7911379216936553 0.09028568907204013 0.7921238348452386 0.6094652232620973 0.03306335269864862 -0.08118348185783217 0.05151632904036381 0.9953673644674502 11.605930247339984 4.306752186681479 -1.0321816454700183 PINHOLE 1280 1024 1024.0877685546875 1023.894775390625 601.8067016601562 508.1316833496094
dataset_8_undistorted/keyframe_3_frame_000774.png 0.604565594571315 -0.7915112916979212 0.08950073338960642 0.7923096474175018 0.6091212517509255 0.03489458495466266 -0.08213616288204106 0.04981640474617774 0.9953756668441119 11.547215876074063 4.532014279507848 -1.24433980621518 PINHOLE 1280 1024 1024.0877685546875 1023.894775390625 601.8067016601562 508.1316833496094
dataset_8_undistorted/keyframe_3_frame_000776.png 0.6045304157811562 -0.7917288965555878 0.0877991406916914 0.792142763739859 0.6091183719303715 0.03851988155030072 -0.08397724665874723 0.04626323151431404 0.9953926879541258 11.283914079014949 5.013405680458391 -1.6507509170487538 PINHOLE 1280 1024 1024.0877685546875 1023.894775390625 601.8067016601562 508.1316833496094
dataset_8_undistorted/keyframe_3_frame_000777.png 0.6045843486745541 -0.7917851123347684 0.08691639264790553 0.7920064595876712 0.609180131949293 0.0403240990747699 -0.08487550119066853 0.04445928045345287 0.9953994451495974 11.281233629622136 5.204948812640623 -1.8380890782297001 PINHOLE 1280 1024 1024.0877685546875 1023.894775390625 601.8067016601562 508.1316833496094
dataset_8_undistorted/keyframe_3_frame_000781.png 0.609806493610148 -0.7881733216132628 0.08318059115884352 0.7875541241314994 0.6143821080934647 0.04789339476587061 -0.08885295705828121 0.036303669870545355 0.9953834662117959 10.683555299522482 6.225338238373297 -2.5195087836245875 PINHOLE 1280 1024 1024.0877685546875 1023.894775390625 601.8067016601562 508.1316833496094
dataset_8_undistorted/keyframe_3_frame_000782.png 0.6118874711828665 -0.7866519830491762 0.08229478084496583 0.7858236814402096 0.6164466355968174 0.049735790091619714 -0.08985504391021483 0.03423669141006466 0.9953657691040356 10.650895182070087 6.4634765995549515 -2.6662088535254043 PINHOLE 1280 1024 1024.0877685546875 1023.894775390625 601.8067016601562 508.1316833496094
dataset_8_undistorted/keyframe_3_frame_000785.png 0.6189077166101201 -0.781417311098995 0.07962530776258067 0.7799347027979241 0.6233926172865363 0.05553617332185991 -0.09303450997794606 0.027731047980400707 0.9952769623510052 10.306487579076759 7.188393078341278 -3.0436331908696275 PINHOLE 1280 1024 1024.0877685546875 1023.894775390625 601.8067016601562 508.1316833496094
dataset_8_undistorted/keyframe_3_frame_000789.png 0.6305547324722529 -0.7723705937401927 0.07644921593585799 0.7700532311767089 0.6348801041222376 0.06281095626356588 -0.09704929430224059 0.019264334724320098 0.9950929647100614 9.862806526565407 8.152723342275067 -3.3896699901220018 PINHOLE 1280 1024 1024.0877685546875 1023.894775390625 601.8067016601562 508.1316833496094
dataset_8_undistorted/keyframe_3_frame_000799.png 0.6535488386591108 -0.7534682968197353 0.07183123887456597 0.749452003430934 0.6574776044563839 0.0777500884051576 -0.10580943087158941 0.0030207554973791647 0.9943817000005749 9.265502378224255 10.088735176180762 -4.351833931952115 PINHOLE 1280 1024 1024.0877685546875 1023.894775390625 601.8067016601562 508.1316833496094
dataset_8_undistorted/keyframe_3_frame_000800.png 0.655687023087412 -0.7516205128086166 0.07170048678712801 0.7474660132061256 0.6595931943995429 0.07893786525059217 -0.10662430887512983 0.0018353024883566438 0.9942974934596627 9.241029466904081 10.235559693619962 -4.43579240767815 PINHOLE 1280 1024 1024.0877685546875 1023.894775390625 601.8067016601562 508.1316833496094
dataset_8_undistorted/keyframe_3_frame_000803.png 0.6629440916190236 -0.7452525062541597 0.07144055695664199 0.7407206325645538 0.6667809488601378 0.08208026302248617 -0.1088056060657974 -0.0014970189029418072 0.9940625515766898 9.249479881518823 10.627683928887336 -4.541630486269696 PINHOLE 1280 1024 1024.0877685546875 1023.894775390625 601.8067016601562 508.1316833496094
dataset_8_undistorted/keyframe_3_frame_000804.png 0.6662135465135358 -0.7423298615852519 0.0714564473979938 0.737675844329004 0.6700298302134244 0.08303585781698548 -0.10951785119623644 -0.0026077958781292885 0.9939816808191168 9.209677942076894 10.766810386570342 -4.554149033419776 PINHOLE 1280 1024 1024.0877685546875 1023.894775390625 601.8067016601562 508.1316833496094
dataset_8_undistorted/keyframe_3_frame_000807.png 0.6776325382020248 -0.7318862712366396 0.07181008623448114 0.726856606120794 0.6814006766378544 0.08586695399307354 -0.11177608995007388 -0.005990384352256506 0.9937156051776652 9.297333651440226 11.118154084320622 -4.5523147839933245 PINHOLE 1280 1024 1024.0877685546875 1023.894775390625 601.8067016601562 508.1316833496094
dataset_8_undistorted/keyframe_3_frame_000808.png 0.6807611659097131 -0.7289638934048347 0.07193984614829069 0.7238547040171756 0.6845185604752523 0.08642087103202195 -0.11224176427353263 -0.006757845403317076 0.9936580893316255 9.277762226923528 11.210528513861846 -4.51490205485527 PINHOLE 1280 1024 1024.0877685546875 1023.894775390625 601.8067016601562 508.1316833496094
dataset_8_undistorted/keyframe_3_frame_000810.png 0.6866807555611499 -0.723359353143749 0.07225300328925134 0.7181001788444212 0.690423423070369 0.08745268190820174 -0.11314483140460899 -0.008167061987683017 0.9935452207210774 9.31065171157826 11.337491866502432 -4.467202093600804 PINHOLE 1280 1024 1024.0877685546875 1023.894775390625 601.8067016601562 508.1316833496094
dataset_8_undistorted/keyframe_3_frame_000813.png 0.6935049737544637 -0.7167127760022183 0.07330466813960929 0.71125975328984 0.6973050822444986 0.08874237902666243 -0.11471832983025465 -0.009404426241966912 0.9933537079346674 9.48831711074132 11.488249615513496 -4.480451884306831 PINHOLE 1280 1024 1024.0877685546875 1023.894775390625 601.8067016601562 508.1316833496094
dataset_8_undistorted/keyframe_3_frame_000814.png 0.6958805111542292 -0.714376638182978 0.07359415777285046 0.7089385850368165 0.699698295658835 0.08848062074289807 -0.11470202682240718 -0.009397994141558242 0.9933558635569102 9.487223217854762 11.473493331498275 -4.438145338882691 PINHOLE 1280 1024 1024.0877685546875 1023.894775390625 601.8067016601562 508.1316833496094
dataset_8_undistorted/keyframe_3_frame_000815.png 0.6979985597482382 -0.7122737398886109 0.0739175392079643 0.7068462938682982 0.7018394107557857 0.08826332033999963 -0.11474573384341585 -0.009359227651219557 0.9933512024110067 9.53701221752192 11.452321248939597 -4.251895274017329 PINHOLE 1280 1024 1024.0877685546875 1023.894775390625 601.8067016601562 508.1316833496094
dataset_8_undistorted/keyframe_3_frame_000817.png 0.7030934427804729 -0.7073174493969416 0.07322719124803838 0.7018389535719936 0.7068131945891443 0.0885306501127001 -0.11437705049966358 -0.01085151624336631 0.9933782186478783 9.445136580234703 11.484855080120951 -4.220874951214682 PINHOLE 1280 1024 1024.0877685546875 1023.894775390625 601.8067016601562 508.1316833496094
dataset_8_undistorted/keyframe_3_frame_000820.png 0.714381971559908 -0.6964299494707686 0.06814350144785827 0.6908568296334644 0.717426068215316 0.08953641347822802 -0.1112436480861625 -0.016885676966405777 0.9936496950251531 8.820148884354353 11.591040224949893 -4.207824905496636 PINHOLE 1280 1024 1024.0877685546875 1023.894775390625 601.8067016601562 508.1316833496094
dataset_8_undistorted/keyframe_3_frame_000822.png 0.7195459516430942 -0.6914336036207775 0.06459557398718803 0.6858837129373977 0.7221551847362752 0.08974982806464064 -0.1087040509928123 -0.02027398346535956 0.9938673943716472 8.322809182975618 11.63916482933746 -4.168298854278191 PINHOLE 1280 1024 1024.0877685546875 1023.894775390625 601.8067016601562 508.1316833496094
dataset_8_undistorted/keyframe_3_frame_000828.png 0.7330389010550388 -0.6782267435223533 0.05159790123180822 0.6732015080993172 0.7342641518398898 0.08749798599643255 -0.09723002371172298 -0.02940365255399527 0.9948274651844201 6.680664609810833 11.329279453702611 -4.267197875372403 PINHOLE 1280 1024 1024.0877685546875 1023.894775390625 601.8067016601562 508.1316833496094
dataset_8_undistorted/keyframe_3_frame_000830.png 0.7373444387035389 -0.6736973107689144 0.04954659526774702 0.6688377128818598 0.7383762994314044 0.08635209156108231 -0.09475917664622495 -0.030532551291340766 0.9950321223583622 6.41522193627884 11.181068646292715 -4.279028508716351 PINHOLE 1280 1024 1024.0877685546875 1023.894775390625 601.8067016601562 508.1316833496094
dataset_8_undistorted/keyframe_3_frame_000831.png 0.7400878978059137 -0.6707385620763825 0.04877590789361602 0.6659513557472531 0.7410447754144065 0.0857938555819598 -0.09369025925154906 -0.031012425066993397 0.9951182222820011 6.317927598132087 11.11089572167839 -4.2632287225345635 PINHOLE 1280 1024 1024.0877685546875 1023.894775390625 601.8067016601562 508.1316833496094
dataset_8_undistorted/keyframe_3_frame_000836.png 0.7545556413027343 -0.6545732281149669 0.046681091148315826 0.6501071843364121 0.7553143799887294 0.08282547239635764 -0.08947417021982061 -0.032148714649342845 0.9954700669652746 6.044156711390428 10.724331094352465 -4.255790769982468 PINHOLE 1280 1024 1024.0877685546875 1023.894775390625 601.8067016601562 508.1316833496094
dataset_8_undistorted/keyframe_3_frame_000839.png 0.7504620349727332 -0.6589875022454726 0.05041682463069203 0.6544055817282461 0.7515859641634424 0.08289940522090485 -0.09252221792897884 -0.02921979619022965 0.9952822465597642 6.485463281466991 10.751798273545091 -3.98568557753606 PINHOLE 1280 1024 1024.0877685546875 1023.894775390625 601.8067016601562 508.1316833496094
dataset_8_undistorted/keyframe_3_frame_000841.png 0.7473909274339067 -0.6621858162170227 0.05400375089331843 0.6575368087288755 0.7488803352299233 0.08260499362516766 -0.09514207732581266 -0.026228657167608256 0.9951182295399749 6.954907562733979 10.717795928117084 -3.919314483361859 PINHOLE 1280 1024 1024.0877685546875 1023.894775390625 601.8067016601562 508.1316833496094
dataset_8_undistorted/keyframe_3_frame_000842.png 0.7460529038787053 -0.6635458966673222 0.05578333141650002 0.6588586601307089 0.7477231985057776 0.08255250715999433 -0.09648770426489102 -0.024835136551991557 0.9950241440993651 7.193014768891089 10.717104842360186 -3.906637218259334 PINHOLE 1280 1024 1024.0877685546875 1023.894775390625 601.8067016601562 508.1316833496094
dataset_8_undistorted/keyframe_3_frame_000843.png 0.7463680686375569 -0.6630657461385542 0.05725676629240572 0.6583398258862704 0.7481783946295092 0.08257252734213281 -0.09758905518721016 -0.023934882472379453 0.9949393993405492 7.494438692653375 10.624261104765083 -3.9801317896789215 PINHOLE 1280 1024 1024.0877685546875 1023.894775390625 601.8067016601562 508.1316833496094
dataset_8_undistorted/keyframe_3_frame_000845.png 0.748370103143967 -0.66070756576234 0.05837297969867835 0.655990362769807 0.7502850695081513 0.08215435877903834 -0.09807633429938362 -0.023189725633521518 0.9949089399646073 7.555283352597144 10.63528397987443 -3.6550623099262793 PINHOLE 1280 1024 1024.0877685546875 1023.894775390625 601.8067016601562 508.1316833496094
dataset_8_undistorted/keyframe_3_frame_000846.png 0.7494388034415089 -0.6594182445227942 0.05923441603826276 0.6548579457683611 0.7514712641339009 0.08032583528517658 -0.09748134847406202 -0.02140911907812376 0.9950074368968824 7.640024708001874 10.428910031014084 -3.367385864921289 PINHOLE 1280 1024 1024.0877685546875 1023.894775390625 601.8067016601562 508.1316833496094
dataset_8_undistorted/keyframe_3_frame_000847.png 0.7500238891744403 -0.6586957693454478 0.05986751161006235 0.6542866666164526 0.7521490160535266 0.07862375162232238 -0.09681825989918079 -0.019799040910682637 0.9951054771676837 7.714191939943248 10.202243243664725 -3.1680288358775215 PINHOLE 1280 1024 1024.0877685546875 1023.894775390625 601.8067016601562 508.1316833496094
dataset_8_undistorted/keyframe_3_frame_000848.png 0.7501687970449467 -0.6584661339528635 0.060568916381344075 0.6542017939992525 0.7523917988088095 0.0769860596799609 -0.09626419699526162 -0.018128159673063745 0.9951912007577673 7.844760798548236 9.970247987664152 -2.956017189959198 PINHOLE 1280 1024 1024.0877685546875 1023.894775390625 601.8067016601562 508.1316833496094
dataset_8_undistorted/keyframe_3_frame_000850.png 0.7509750698986143 -0.6573712308752879 0.06244826877903073 0.6534028359880807 0.7534289786985294 0.07355646095137494 -0.09540409519985825 -0.01443506316813663 0.9953346628215359 8.080104745179256 9.520106448891966 -2.642163549449947 PINHOLE 1280 1024 1024.0877685546875 1023.894775390625 601.8067016601562 508.1316833496094
dataset_8_undistorted/keyframe_3_frame_000854.png 0.757431498040722 -0.6498452747706183 0.06323370983186712 0.6456582690066046 0.7598914760235168 0.07543297526113858 -0.09707039890816048 -0.01630783616824193 0.9951439583448697 8.197841204940914 9.775099090042659 -2.857129491575165 PINHOLE 1280 1024 1024.0877685546875 1023.894775390625 601.8067016601562 508.1316833496094
dataset_8_undistorted/keyframe_3_frame_000856.png 0.7613767556733219 -0.6452235328008166 0.06318107509232075 0.6408769734304588 0.7637800396423166 0.07692264450301678 -0.09788858239493728 -0.01807567115642566 0.9950333448346663 8.148949443735091 9.986847912678286 -2.905232778881441 PINHOLE 1280 1024 1024.0877685546875 1023.894775390625 601.8067016601562 508.1316833496094
dataset_8_undistorted/keyframe_3_frame_000861.png 0.7670651769020055 -0.6385436460679763 0.06223594893604562 0.6337235891744089 0.7692357236960152 0.08167900501731094 -0.10002951100519232 -0.023212607277191415 0.9947140634875746 8.026789597548145 10.60294936152718 -2.876585279933238 PINHOLE 1280 1024 1024.0877685546875 1023.894775390625 601.8067016601562 508.1316833496094
dataset_8_undistorted/keyframe_3_frame_000864.png 0.7720684476290691 -0.632546672875214 0.06160737325761815 0.6277109518794866 0.7741349728512718 0.08182479003640729 -0.09945014214819049 -0.02450253045860996 0.9947412706007357 7.9456105431713695 10.622048954902084 -3.0216888776707265 PINHOLE 1280 1024 1024.0877685546875 1023.894775390625 601.8067016601562 508.1316833496094
dataset_8_undistorted/keyframe_3_frame_000866.png 0.7692959757860638 -0.6355974527428548 0.06480281591339755 0.6307314650393321 0.7717127150555011 0.08147032343781188 -0.10179128886912361 -0.021801465768393733 0.9945670786318996 8.361977366831525 10.578040381471283 -3.0296116894362513 PINHOLE 1280 1024 1024.0877685546875 1023.894775390625 601.8067016601562 508.1316833496094
dataset_8_undistorted/keyframe_3_frame_000867.png 0.7677744409298763 -0.6372854959054297 0.06625028652261804 0.6324274338187114 0.7703574269036209 0.08114647812682337 -0.10274988520890058 -0.020403692782926145 0.9944980430672195 8.583219298600739 10.510971037382888 -2.976216404615002 PINHOLE 1280 1024 1024.0877685546875 1023.894775390625 601.8067016601562 508.1316833496094
dataset_8_undistorted/keyframe_3_frame_000872.png 0.758709129306018 -0.6471929884502925 0.07417076298769586 0.6423722709150191 0.7622154734040222 0.07990914149078653 -0.10825066834766628 -0.012982474932988921 0.9940389943434911 9.566432073257488 10.369497117221044 -2.8903097091982772 PINHOLE 1280 1024 1024.0877685546875 1023.894775390625 601.8067016601562 508.1316833496094
dataset_8_undistorted/keyframe_3_frame_000873.png 0.7566465651263916 -0.6494755063682106 0.07528089745025442 0.6446616233309186 0.7602898998872849 0.0798173284920511 -0.10907466918471535 -0.011862713116769766 0.9939628922316709 9.752428526037079 10.338967105209576 -2.8492004063562035 PINHOLE 1280 1024 1024.0877685546875 1023.894775390625 601.8067016601562 508.1316833496094
dataset_8_undistorted/keyframe_3_frame_000875.png 0.7528738266160768 -0.6535426534041575 0.07786480654294474 0.6486599323398036 0.756823747772497 0.08036386877121354 -0.11145101525171815 -0.009995928195998233 0.9937198703144405 10.081292172550889 10.405462887254998 -2.8064439594227224 PINHOLE 1280 1024 1024.0877685546875 1023.894775390625 601.8067016601562 508.1316833496094
dataset_8_undistorted/keyframe_3_frame_000876.png 0.7525890698711318 -0.6539531124959962 0.07716789547211696 0.6489534162119491 0.7564514467560939 0.08148839439964657 -0.11166338392840751 -0.011248815049332802 0.993682392574232 9.90635351937226 10.587778630569574 -2.8445868476846954 PINHOLE 1280 1024 1024.0877685546875 1023.894775390625 601.8067016601562 508.1316833496094
dataset_9_undistorted/keyframe_0_frame_000005.png 0.9994628143654147 0.01673686810574319 -0.028187504277166125 -0.016525233515895806 0.9998341347867028 0.007695713167839139 0.02831203456078259 -0.007225802578585387 0.9995733931868193 -1.7020294822827395 0.4644975367614279 -3.889833360461239 PINHOLE 1280 1024 1023.423095703125 1023.2269287109375 595.927734375 510.6470947265625
dataset_9_undistorted/keyframe_0_frame_000007.png 0.9993815238995505 0.018091667912589742 -0.03016405496091111 -0.01784722956466331 0.9998064636929024 0.008325371340384241 0.030309220149210628 -0.007782047982654676 0.9995106112543644 -1.8213493399520075 0.5024739655932535 -4.554503271976955 PINHOLE 1280 1024 1023.423095703125 1023.2269287109375 595.927734375 510.6470947265625
dataset_9_undistorted/keyframe_0_frame_000010.png 0.9992350418896035 0.01989802340891639 -0.03367919936575861 -0.019593890712495392 0.9997650621986968 0.009308963316281628 0.03385708117737996 -0.008641938882294298 0.9993897697977138 -2.0290435591452365 0.557878506670022 -5.463480824743215 PINHOLE 1280 1024 1023.423095703125 1023.2269287109375 595.927734375 510.6470947265625
dataset_9_undistorted/keyframe_0_frame_000014.png 0.9989977891333522 0.023054383238221243 -0.038380741335039534 -0.022668575328845825 0.9996892326581903 0.010428150116799699 0.03860982069169951 -0.009547555210865685 0.9992093285993022 -2.31752750425494 0.6295062593401326 -6.604252635772582 PINHOLE 1280 1024 1023.423095703125 1023.2269287109375 595.927734375 510.6470947265625
dataset_9_undistorted/keyframe_0_frame_000015.png 0.9989533754171117 0.02336686885887907 -0.03933280474820402 -0.02296515186053892 0.9996803929774285 0.010607909160968605 0.039568677161888985 -0.009693553064793733 0.9991703296831737 -2.3749631239535915 0.6403636463378461 -6.894161470066479 PINHOLE 1280 1024 1023.423095703125 1023.2269287109375 595.927734375 510.6470947265625
dataset_9_undistorted/keyframe_0_frame_000017.png 0.998900018739151 0.022097855175487985 -0.04136622371854638 -0.021668970466133 0.9997073397400043 0.010766036774451112 0.04159255749074758 -0.009857925356621767 0.9990861956642925 -2.448185688080798 0.6767322655200587 -7.705480151250754 PINHOLE 1280 1024 1023.423095703125 1023.2269287109375 595.927734375 510.6470947265625
dataset_9_undistorted/keyframe_0_frame_000019.png 0.9988786190466677 0.02073662289224301 -0.04257358999076566 -0.02030176885700092 0.9997376874222921 0.010603004335991036 0.042782884026537286 -0.00972694863862761 0.9990367916212615 -2.5706353720827906 0.6401200110119589 -8.338033088442216 PINHOLE 1280 1024 1023.423095703125 1023.2269287109375 595.927734375 510.6470947265625
dataset_9_undistorted/keyframe_0_frame_000021.png 0.9988605077274457 0.019445874715983878 -0.04359551548604947 -0.01901122082967658 0.9997661732205626 0.010336264169168682 0.04378700122869358 -0.009495779953976212 0.998996336825055 -2.632400177900678 0.623946393387314 -8.954771892558597 PINHOLE 1280 1024 1023.423095703125 1023.2269287109375 595.927734375 510.6470947265625
dataset_9_undistorted/keyframe_0_frame_000025.png 0.9988447058697387 0.0164387639666802 -0.04516282821365656 -0.01601719402561734 0.9998244847558367 0.009667147633273079 0.045314394003294366 -0.008932848593356977 0.9989325678421055 -2.726959135348352 0.5837145048060393 -10.084656559526934 PINHOLE 1280 1024 1023.423095703125 1023.2269287109375 595.927734375 510.6470947265625
dataset_9_undistorted/keyframe_0_frame_000026.png 0.9988468841068228 0.015275962913639422 -0.04551754532259854 -0.01485554088399654 0.9998441272273267 0.009538586706141284 0.04565666187279298 -0.008851816823654213 0.9989182470628322 -2.69913407306683 0.6029510397474951 -10.346841057832535 PINHOLE 1280 1024 1023.423095703125 1023.2269287109375 595.927734375 510.6470947265625
dataset_9_undistorted/keyframe_0_frame_000030.png 0.9988197665146992 0.013168199125972313 -0.046750584420277526 -0.012766031971102947 0.9998791056876805 0.00886370138400651 0.046862238591230315 -0.008256558605548458 0.9988676531362664 -2.8344646665258892 0.5382384193901544 -11.403223174261143 PINHOLE 1280 1024 1023.423095703125 1023.2269287109375 595.927734375 510.6470947265625
dataset_9_undistorted/keyframe_0_frame_000031.png 0.9988220163158178 0.012507247792565011 -0.04689098747832724 -0.012108536059568712 0.9998885358933683 0.008755286557565438 0.046995855194087395 -0.008177391489736214 0.9988618592440613 -2.782148240731999 0.5557832669398977 -11.649668877733347 PINHOLE 1280 1024 1023.423095703125 1023.2269287109375 595.927734375 510.6470947265625
dataset_9_undistorted/keyframe_0_frame_000034.png 0.9988693302565685 0.008177435371897968 -0.046837321911109425 -0.007795063708719097 0.9999349290352838 0.008319372057515604 0.04690284133107112 -0.007945177165438558 0.9988680385253161 -2.8281705113818134 0.5021771271703983 -12.571878093441455 PINHOLE 1280 1024 1023.423095703125 1023.2269287109375 595.927734375 510.6470947265625
dataset_9_undistorted/keyframe_0_frame_000036.png 0.9989121193844666 0.00530243801108654 -0.046337020256643865 -0.004933682437287965 0.9999553087840497 0.008050453355959547 0.04637819775499677 -0.007813386921411588 0.9988934020802016 -2.7978699396139746 0.48600413879853477 -13.149615610169008 PINHOLE 1280 1024 1023.423095703125 1023.2269287109375 595.927734375 510.6470947265625
dataset_9_undistorted/keyframe_0_frame_000043.png 0.9984844838158741 -0.0047404173732457575 -0.05483226835484065 0.005091558369227583 0.9999674425100442 0.006246536772154442 0.054801433691447375 -0.006516455310513637 0.998476252032672 -3.262175449709389 0.4050395753556586 -14.810571042917218 PINHOLE 1280 1024 1023.423095703125 1023.2269287109375 595.927734375 510.6470947265625
dataset_9_undistorted/keyframe_0_frame_000050.png 0.9978998088252015 -0.014800742814612829 -0.06306703723458008 0.015208832682187859 0.9998664048462775 0.00597454962808554 0.06297102761099432 -0.006921421853424501 0.997991677742479 -3.8080806568227956 0.360447243385579 -16.78993175851565 PINHOLE 1280 1024 1023.423095703125 1023.2269287109375 595.927734375 510.6470947265625
dataset_9_undistorted/keyframe_0_frame_000056.png 0.9973992480620512 -0.01872121752543695 -0.06961138053500754 0.0191549883993466 0.9998016270734702 0.005547051364161025 0.0694946126663164 -0.006866020973004834 0.9975591785738107 -4.209540275598641 0.33369735226938246 -18.664018388405907 PINHOLE 1280 1024 1023.423095703125 1023.2269287109375 595.927734375 510.6470947265625
dataset_9_undistorted/keyframe_0_frame_000057.png 0.9973229311348327 -0.0194908884057758 -0.07048777451364396 0.01993634922829606 0.9997857331085493 0.005603825553371479 0.07036432426115127 -0.006994293906320961 0.9974969177142613 -4.219638301976204 0.3696994003244072 -18.94985175216607 PINHOLE 1280 1024 1023.423095703125 1023.2269287109375 595.927734375 510.6470947265625
dataset_9_undistorted/keyframe_0_frame_000058.png 0.9972357045514004 -0.02050116526358617 -0.07142458711257028 0.02094515151897431 0.9997652300420065 0.005457839753030254 0.0712968701919703 -0.00693880422240477 0.997430754323176 -4.32427391909053 0.33220566836325816 -19.268948028549403 PINHOLE 1280 1024 1023.423095703125 1023.2269287109375 595.927734375 510.6470947265625
dataset_9_undistorted/keyframe_0_frame_000059.png 0.9971522477363446 -0.0216738985654463 -0.07223725420171902 0.02211546689809877 0.9997414872401401 0.005297743236700085 0.07210458576940078 -0.00688036946568188 0.9973739097930604 -4.313801689921377 0.3484996711063104 -19.56410016586767 PINHOLE 1280 1024 1023.423095703125 1023.2269287109375 595.927734375 510.6470947265625
dataset_9_undistorted/keyframe_0_frame_000069.png 0.9964099133317201 -0.026690231065668812 -0.08035104002478882 0.027054591964834007 0.9996283746718359 0.003427741589128524 0.08023068162462149 -0.005589406500813688 0.9967612975879326 -4.851719280131192 0.2066268218100049 -22.36567379856217 PINHOLE 1280 1024 1023.423095703125 1023.2269287109375 595.927734375 510.6470947265625
dataset_9_undistorted/keyframe_0_frame_000073.png 0.9959776592649702 -0.031170813685479512 -0.08401382916402422 0.03155281904024649 0.9994970978819905 0.003204002759421867 0.0838727808063247 -0.00584208009977305 0.9964596345803559 -5.084429189105293 0.1958617636910276 -23.50282874862205 PINHOLE 1280 1024 1023.423095703125 1023.2269287109375 595.927734375 510.6470947265625
dataset_9_undistorted/keyframe_0_frame_000074.png 0.9959255475404328 -0.03181111956042723 -0.08438959098138482 0.032193512737745546 0.999477025172192 0.003151936454154046 0.08424621891659378 -0.005856230668700536 0.9964282789606916 -5.095612071711827 0.18997822821711452 -23.754930884500936 PINHOLE 1280 1024 1023.423095703125 1023.2269287109375 595.927734375 510.6470947265625
dataset_9_undistorted/keyframe_0_frame_000077.png 0.9958367547489121 -0.03322690362792491 -0.08488875017409227 0.03357651183459898 0.9994324550598193 0.0026740179739423203 0.08475284612876063 -0.005513403301883836 0.9963872839889217 -5.120276303980006 0.15738951486810038 -24.679854316935575 PINHOLE 1280 1024 1023.423095703125 1023.2269287109375 595.927734375 510.6470947265625
dataset_9_undistorted/keyframe_0_frame_000081.png 0.9957089900863204 -0.034760547921464206 -0.08576780934493526 0.03511058576279383 0.9993798286157295 0.002558620605410822 0.08562668605495269 -0.005559285404480776 0.9963119778115799 -5.131312808455874 0.1837071263641974 -25.9842434641439 PINHOLE 1280 1024 1023.423095703125 1023.2269287109375 595.927734375 510.6470947265625
dataset_9_undistorted/keyframe_0_frame_000082.png 0.9957168982937148 -0.03445736982495175 -0.08580241342204402 0.03482656603194616 0.9993896032593313 0.002790135010719394 0.08565489807029027 -0.005766518900495871 0.9963085697961468 -5.18690103380024 0.16710582758264536 -26.25483681863102 PINHOLE 1280 1024 1023.423095703125 1023.2269287109375 595.927734375 510.6470947265625
dataset_9_undistorted/keyframe_0_frame_000084.png 0.9959427218591468 -0.03279279307217569 -0.08381357063781997 0.03341716263487619 0.9994236213447094 0.006037752516621097 0.0835684271429496 -0.008814185409737264 0.9964636343055198 -5.060804932909264 0.3642445073849103 -26.65953852774817 PINHOLE 1280 1024 1023.423095703125 1023.2269287109375 595.927734375 510.6470947265625
dataset_9_undistorted/keyframe_0_frame_000085.png 0.9961006349244752 -0.03115555329911296 -0.08254441707588381 0.0319432319266556 0.9994553590879479 0.008222735262221049 0.08224427541965741 -0.010827625587638383 0.996553354957388 -4.995635549578935 0.4989933024955917 -26.79927041128235 PINHOLE 1280 1024 1023.423095703125 1023.2269287109375 595.927734375 510.6470947265625
dataset_9_undistorted/keyframe_0_frame_000086.png 0.9962639683555731 -0.027229801895008433 -0.08196022984960702 0.028132030199433174 0.9995551702302714 0.009855242472697605 0.08165650156524407 -0.012124398407348554 0.9965867984186272 -4.948831500943697 0.5949055854605376 -26.86723967142302 PINHOLE 1280 1024 1023.423095703125 1023.2269287109375 595.927734375 510.6470947265625
dataset_9_undistorted/keyframe_0_frame_000088.png 0.9964710385737183 -0.02063206886349491 -0.08136882644033372 0.021785834154924005 0.9996737277127642 0.01330138101655835 0.08106890962804997 -0.015027361863244427 0.9965949787384277 -4.9076808060602275 0.7991449085552631 -27.02761732161207 PINHOLE 1280 1024 1023.423095703125 1023.2269287109375 595.927734375 510.6470947265625
dataset_9_undistorted/keyframe_0_frame_000092.png 0.9966441511737798 -0.01364478059437067 -0.08071892162696878 0.01570466412779211 0.9995655239648811 0.024923533532498026 0.0803448439953929 -0.02610780367877802 0.9964249879736581 -4.8737819095255475 1.5050349675943835 -27.67836340225483 PINHOLE 1280 1024 1023.423095703125 1023.2269287109375 595.927734375 510.6470947265625
dataset_9_undistorted/keyframe_0_frame_000093.png 0.9967685405719864 -0.011379118104656298 -0.07952608934166916 0.013637970309235147 0.9995171840658007 0.027902886767935942 0.0791712399608802 -0.028897524420651043 0.9964419346923294 -4.801735200179792 1.6849542975880922 -27.799307766088305 PINHOLE 1280 1024 1023.423095703125 1023.2269287109375 595.927734375 510.6470947265625
dataset_9_undistorted/keyframe_0_frame_000094.png 0.9969113919557038 -0.00984805233705506 -0.07792281593800761 0.012287464613384712 0.9994473797860088 0.030870782167367293 0.07757673906102874 -0.031733219850914415 0.9964812369399769 -4.704975868423247 1.8640651940706903 -27.924579641967284 PINHOLE 1280 1024 1023.423095703125 1023.2269287109375 595.927734375 510.6470947265625
dataset_9_undistorted/keyframe_0_frame_000095.png 0.9970771976733175 -0.007814037083978079 -0.07600716938788261 0.010392849675369329 0.9993816444331444 0.033573910187617455 0.07569887687873278 -0.034265968870460246 0.9965417529931022 -4.589320619791948 2.0273213221194055 -28.03905755283813 PINHOLE 1280 1024 1023.423095703125 1023.2269287109375 595.927734375 510.6470947265625
dataset_9_undistorted/keyframe_0_frame_000098.png 0.997461629716228 -0.0020639416223071864 -0.07118324220507632 0.004920422043159742 0.9991895353233833 0.039951662546576595 0.07104404273188761 -0.040200906932552606 0.9966632053253011 -4.24940979578713 2.440754342090713 -28.270935772110647 PINHOLE 1280 1024 1023.423095703125 1023.2269287109375 595.927734375 510.6470947265625
dataset_9_undistorted/keyframe_0_frame_000104.png 0.9980208609543268 0.00695343703249836 -0.0625088543272884 -0.0035986212494482366 0.9985563162545257 0.05359561198483419 0.06279224547354864 -0.05326507622679977 0.9966046264524907 -3.7691286621947313 3.2317490686082238 -28.8465319112903 PINHOLE 1280 1024 1023.423095703125 1023.2269287109375 595.927734375 510.6470947265625
dataset_9_undistorted/keyframe_0_frame_000107.png 0.998035151517061 0.011024680905756697 -0.061692905192244886 -0.007212654892074517 0.9980720584297963 0.06164916112707115 0.06225459095746514 -0.061083197015681684 0.9961899259472022 -3.6757500369831746 3.750655028596384 -29.12509878419712 PINHOLE 1280 1024 1023.423095703125 1023.2269287109375 595.927734375 510.6470947265625
dataset_9_undistorted/keyframe_0_frame_000109.png 0.9979504195688359 0.013058447541186527 -0.06265710048394292 -0.008794784442344926 0.9976583137637408 0.06782350888469586 0.06339705814736706 -0.06713362872084741 0.9957278267934068 -3.7779910985969707 4.090935946901254 -29.1974897515355 PINHOLE 1280 1024 1023.423095703125 1023.2269287109375 595.927734375 510.6470947265625
dataset_9_undistorted/keyframe_0_frame_000112.png 0.997797582808869 0.016274667428458428 -0.06431741950539321 -0.011298784481181339 0.9969701827832315 0.07695766904477083 0.0653760302282806 -0.07606201055015445 0.9949577616538882 -3.883222439902596 4.647354472758025 -29.23010550518859 PINHOLE 1280 1024 1023.423095703125 1023.2269287109375 595.927734375 510.6470947265625
dataset_9_undistorted/keyframe_0_frame_000113.png 0.9977436458577008 0.01774429582246683 -0.06476500687671054 -0.01254612988357651 0.9967342032659784 0.0797726895091351 0.06597009866473723 -0.07878049416267265 0.9947072519753406 -3.9102221436876903 4.817309045174852 -29.244542415009505 PINHOLE 1280 1024 1023.423095703125 1023.2269287109375 595.927734375 510.6470947265625
dataset_9_undistorted/keyframe_0_frame_000114.png 0.9976556623821843 0.021204381210247574 -0.0650798271275628 -0.015759859498026843 0.9964222007666999 0.08303159286747545 0.06660868604893973 -0.08181160906427311 0.9944199344533379 -3.92920992809465 5.0140834439698665 -29.259622887030446 PINHOLE 1280 1024 1023.423095703125 1023.2269287109375 595.927734375 510.6470947265625
dataset_9_undistorted/keyframe_0_frame_000115.png 0.9975528306731369 0.024641323705210428 -0.06544030633854436 -0.01897776594969189 0.9961333440852707 0.08577248864365784 0.06730193118681639 -0.08432118488867472 0.9941632428315568 -3.95090417491096 5.179715350564038 -29.273823482633816 PINHOLE 1280 1024 1023.423095703125 1023.2269287109375 595.927734375 510.6470947265625
dataset_9_undistorted/keyframe_0_frame_000119.png 0.9970292213583891 0.03837679709796374 -0.0667932765156001 -0.032163220195771086 0.9952660485984122 0.0917069794500515 0.0699976570344321 -0.08928664487159449 0.9935436448359362 -4.032671398649541 5.538013625751319 -29.309525376597094 PINHOLE 1280 1024 1023.423095703125 1023.2269287109375 595.927734375 510.6470947265625
dataset_9_undistorted/keyframe_0_frame_000120.png 0.9968550672931177 0.04199438618665854 -0.06721107672797871 -0.035622967868342986 0.9949980746603841 0.09331582509456168 0.07079473225426702 -0.09062859248833213 0.993365137334057 -4.0080082565488055 5.66173779101905 -29.310835408532967 PINHOLE 1280 1024 1023.423095703125 1023.2269287109375 595.927734375 510.6470947265625
dataset_9_undistorted/keyframe_0_frame_000121.png 0.996676895373361 0.045381925571573604 -0.06766157383325085 -0.0388539932044871 0.9947355897411859 0.09482359225454735 0.0716098057284405 -0.0918798385460175 0.9931925215330761 -4.085039327818947 5.726238970172517 -29.32363642279688 PINHOLE 1280 1024 1023.423095703125 1023.2269287109375 595.927734375 510.6470947265625
dataset_9_undistorted/keyframe_0_frame_000122.png 0.9964802915199604 0.04873414353328455 -0.06821612902500208 -0.041978555781493884 0.9943828737507308 0.09715469360759219 0.07256890664255988 -0.09394960521379184 0.9929290569448701 -4.118464744268863 5.866943608144766 -29.326025827613876 PINHOLE 1280 1024 1023.423095703125 1023.2269287109375 595.927734375 510.6470947265625
dataset_9_undistorted/keyframe_0_frame_000124.png 0.9962309844055114 0.05232925513571395 -0.0691936312828278 -0.04503856369910759 0.993661559351057 0.10299417625615123 0.07414589130557067 -0.09949000929624414 0.9922725929586941 -4.1725716935508785 6.2140771240367485 -29.37115025638593 PINHOLE 1280 1024 1023.423095703125 1023.2269287109375 595.927734375 510.6470947265625
dataset_9_undistorted/keyframe_0_frame_000125.png 0.9962674720805693 0.050837210878928396 -0.0697732148761259 -0.043305313373694185 0.9934763751315979 0.1054882265898384 0.0746819943412458 -0.10207326955130219 0.9919695672188796 -4.162387055411671 6.396538262319609 -29.37695136684806 PINHOLE 1280 1024 1023.423095703125 1023.2269287109375 595.927734375 510.6470947265625
dataset_9_undistorted/keyframe_0_frame_000127.png 0.9961538634133306 0.051520350463660144 -0.07088904728332117 -0.043323695078425935 0.9926906509219102 0.11263674018046738 0.07617524798268137 -0.1091326641942939 0.9911042700130673 -4.28611554944348 6.799495529167416 -29.507392116440883 PINHOLE 1280 1024 1023.423095703125 1023.2269287109375 595.927734375 510.6470947265625
dataset_9_undistorted/keyframe_0_frame_000128.png 0.9959908230554881 0.05407248711034093 -0.07127350948091923 -0.04555493867599105 0.9921893433511841 0.11611596465423146 0.07699682665080765 -0.11240411738195068 0.9906749620987292 -4.302926708949769 7.012246287700236 -29.516628244522508 PINHOLE 1280 1024 1023.423095703125 1023.2269287109375 595.927734375 510.6470947265625
dataset_9_undistorted/keyframe_0_frame_000129.png 0.9958197374870278 0.057016649434360106 -0.07137580150620275 -0.04827909785310348 0.9917630272359297 0.11863391187466375 0.07755333602025834 -0.11469225038741655 0.9903696192507507 -4.309140779439417 7.164125014104684 -29.53030754419592 PINHOLE 1280 1024 1023.423095703125 1023.2269287109375 595.927734375 510.6470947265625
dataset_9_undistorted/keyframe_0_frame_000135.png 0.9953796670871252 0.0645731015993682 -0.07107634386911381 -0.05449657794355744 0.9892717824691539 0.1355357850409226 0.07906703742611818 -0.13103673450795297 0.988219684137415 -4.2518421348113975 8.213650010193078 -29.647530569144124 PINHOLE 1280 1024 1023.423095703125 1023.2269287109375 595.927734375 510.6470947265625
dataset_9_undistorted/keyframe_0_frame_000138.png 0.9951237050990454 0.06948840995239186 -0.07001746417396622 -0.05882588746074182 0.9877922348173916 0.1442358790291795 0.07918680131265107 -0.1394142785535093 0.9870628964531251 -4.187664730974404 8.738816845080237 -29.725379628917835 PINHOLE 1280 1024 1023.423095703125 1023.2269287109375 595.927734375 510.6470947265625
dataset_9_undistorted/keyframe_0_frame_000139.png 0.9952055864979354 0.06879080857795081 -0.06954668567064676 -0.05789267167598722 0.9872795557036459 0.14807585859626113 0.07884973230913675 -0.14333986325919276 0.9865279229963732 -4.148028147708942 8.967687350503184 -29.75758945070993 PINHOLE 1280 1024 1023.423095703125 1023.2269287109375 595.927734375 510.6470947265625
dataset_9_undistorted/keyframe_0_frame_000142.png 0.9955867210209188 0.06638554917521998 -0.06634926590607845 -0.055622116413521716 0.9867201178888234 0.15260123173857057 0.07560006206391881 -0.14823788083389566 0.9860581280808778 -4.005335854290593 9.21547183921939 -29.82324130922302 PINHOLE 1280 1024 1023.423095703125 1023.2269287109375 595.927734375 510.6470947265625
dataset_9_undistorted/keyframe_0_frame_000145.png 0.9962579315214938 0.05710185345188551 -0.06490386173660755 -0.04683312401073798 0.987582556755855 0.14995440449048902 0.07266197450240407 -0.14635393103019803 0.9865604723754681 -3.9181059398594584 9.055591478306269 -29.80274849188754 PINHOLE 1280 1024 1023.423095703125 1023.2269287109375 595.927734375 510.6470947265625
dataset_9_undistorted/keyframe_0_frame_000149.png 0.9971966728635941 0.042109038313182835 -0.06187523601458704 -0.03265847608042459 0.9886755068709637 0.14647013034558454 0.06734368563725372 -0.14403897299640459 0.9872784110183667 -3.6968264723740845 8.874857251799995 -29.856326967947894 PINHOLE 1280 1024 1023.423095703125 1023.2269287109375 595.927734375 510.6470947265625
dataset_9_undistorted/keyframe_0_frame_000150.png 0.997399496444224 0.03813944619139294 -0.06116589915132215 -0.02887795989154582 0.9889078804160377 0.14568989201880705 0.06604532191045398 -0.143545255780282 0.9874377736561445 -3.6924559481814754 8.79818754082089 -29.85896590350808 PINHOLE 1280 1024 1023.423095703125 1023.2269287109375 595.927734375 510.6470947265625
dataset_9_undistorted/keyframe_0_frame_000152.png 0.9977848098946246 0.031558539379676454 -0.05857757142431754 -0.022814227317786415 0.9892655596041062 0.1443284618830827 0.06250488388126269 -0.14267278966027447 0.9877939778925642 -3.5361162027685396 8.716209381971339 -29.857957259133855 PINHOLE 1280 1024 1023.423095703125 1023.2269287109375 595.927734375 510.6470947265625
dataset_9_undistorted/keyframe_0_frame_000153.png 0.9980442660660079 0.026485439237551377 -0.05664010564165976 -0.018101585559857757 0.9894589925655835 0.14367436719020718 0.059849573465968 -0.14236830843843556 0.988003281724385 -3.3697030897336617 8.70401624383976 -29.84022304609084 PINHOLE 1280 1024 1023.423095703125 1023.2269287109375 595.927734375 510.6470947265625
dataset_9_undistorted/keyframe_0_frame_000154.png 0.9982356839744999 0.02267745957658093 -0.05489301509626943 -0.014603592065454085 0.989583349554823 0.14321317483983992 0.05757020912146696 -0.1421591163072452 0.9881683103530517 -3.264233114047528 8.676385393615874 -29.826012104601887 PINHOLE 1280 1024 1023.423095703125 1023.2269287109375 595.927734375 510.6470947265625
dataset_9_undistorted/keyframe_0_frame_000155.png 0.9983989464192489 0.019036977123381243 -0.05327833299309295 -0.011253061109187676 0.9896986536003166 0.14271719697671856 0.055447556866911316 -0.14188968763210838 0.9883285525613631 -3.2162202162913047 8.618848674047968 -29.792464310663945 PINHOLE 1280 1024 1023.423095703125 1023.2269287109375 595.927734375 510.6470947265625
dataset_9_undistorted/keyframe_0_frame_000156.png 0.9985078515758242 0.015067414156345138 -0.05250926400888252 -0.007454224841672054 0.9898051109576009 0.142231497186132 0.05411810737332242 -0.1416282011655596 0.9884398406465206 -3.169770657982042 8.589426649965844 -29.743956467173575 PINHOLE 1280 1024 1023.423095703125 1023.2269287109375 595.927734375 510.6470947265625
dataset_9_undistorted/keyframe_0_frame_000158.png 0.998667780058979 0.007407111409909318 -0.05108615924091641 -0.0001243294676366691 0.9899996174527603 0.14106754057143558 0.05162131503668437 -0.14087361520166286 0.9886812859912173 -3.083820478675051 8.519027167311606 -29.618890207601453 PINHOLE 1280 1024 1023.423095703125 1023.2269287109375 595.927734375 510.6470947265625
dataset_9_undistorted/keyframe_0_frame_000169.png 0.9980644470771364 -0.0387259227420197 -0.04867308478847825 0.04498455356961167 0.9898463781465855 0.13483220574159546 0.04295840387553382 -0.13676105185878779 0.9896723897783637 -2.9383006559637295 8.142708028926108 -29.027068926244965 PINHOLE 1280 1024 1023.423095703125 1023.2269287109375 595.927734375 510.6470947265625
dataset_9_undistorted/keyframe_0_frame_000174.png 0.997100002509717 -0.05836426175211927 -0.048848722703713536 0.06436365675501463 0.9891715307297843 0.13189393752535689 0.04062277954193412 -0.13465569887545611 0.9900593031598227 -2.9606525336000686 7.967075100084912 -28.80498041206033 PINHOLE 1280 1024 1023.423095703125 1023.2269287109375 595.927734375 510.6470947265625
dataset_9_undistorted/keyframe_0_frame_000176.png 0.996555093730391 -0.0668260349373163 -0.049129505729722744 0.07274746584359976 0.9887513988156543 0.1306842426952109 0.03984471288279685 -0.13380830109315442 0.990206409987958 -2.965928456633847 7.8921611516111625 -28.715688906801006 PINHOLE 1280 1024 1023.423095703125 1023.2269287109375 595.927734375 510.6470947265625
dataset_9_undistorted/keyframe_0_frame_000178.png 0.9959156950425405 -0.07547502365170924 -0.049562119558811395 0.08133673486738394 0.988246839309707 0.1294279539626472 0.039212002271216614 -0.1329307884229395 0.990349410463331 -2.992015555408912 7.816462068386272 -28.644111504639 PINHOLE 1280 1024 1023.423095703125 1023.2269287109375 595.927734375 510.6470947265625
dataset_9_undistorted/keyframe_0_frame_000180.png 0.9950799585932555 -0.0853510871695572 -0.05031912536980602 0.09118559882655594 0.9875616229944786 0.12809002102318306 0.03876162602139728 -0.13204844154827708 0.9904855997846057 -3.0377522714548633 7.735422248335453 -28.57907082414704 PINHOLE 1280 1024 1023.423095703125 1023.2269287109375 595.927734375 510.6470947265625
dataset_9_undistorted/keyframe_0_frame_000181.png 0.9946422731834841 -0.09008953733492249 -0.05071021243450938 0.09591416769716928 0.9871999582510217 0.1274243296376667 0.038582415046685185 -0.13160578707700551 0.990551606201709 -3.061403780104399 7.69527062406064 -28.548905889842786 PINHOLE 1280 1024 1023.423095703125 1023.2269287109375 595.927734375 510.6470947265625
dataset_9_undistorted/keyframe_0_frame_000185.png 0.9923128158240476 -0.11189045421517539 -0.05288598625307046 0.11772926976556412 0.9852035045903795 0.12455566825249581 0.03816776174579615 -0.12982469628714527 0.990802566412649 -3.1928196450138273 7.522124471675397 -28.43061558340048 PINHOLE 1280 1024 1023.423095703125 1023.2269287109375 595.927734375 510.6470947265625
dataset_9_undistorted/keyframe_0_frame_000188.png 0.9891956110123995 -0.13567243320064154 -0.05555506834091587 0.14153794441969741 0.9825579673548227 0.12061353989754856 0.03822309186618811 -0.12717353017945196 0.9911441764818123 -3.3094313127639516 7.319104506666918 -28.27440506503217 PINHOLE 1280 1024 1023.423095703125 1023.2269287109375 595.927734375 510.6470947265625
dataset_9_undistorted/keyframe_0_frame_000191.png 0.9869047440463665 -0.15082087367542923 -0.057216674037787685 0.1566914513171874 0.980589734080855 0.11786749632600177 0.038330152996386896 -0.12528936959423612 0.9913802242878922 -3.4543764376810318 7.1182328425645665 -28.164888756820915 PINHOLE 1280 1024 1023.423095703125 1023.2269287109375 595.927734375 510.6470947265625
dataset_9_undistorted/keyframe_0_frame_000192.png 0.986079493861898 -0.15593191321392402 -0.057736736004169224 0.16180169928632904 0.9798617796332308 0.11700931747942006 0.038329454417927775 -0.12472248264980598 0.9914510697251209 -3.4857861631519036 7.06646909279948 -28.126636449206444 PINHOLE 1280 1024 1023.423095703125 1023.2269287109375 595.927734375 510.6470947265625
dataset_9_undistorted/keyframe_0_frame_000193.png 0.9852149890073043 -0.16112544989267666 -0.0582280195159591 0.16699242437475564 0.9790881297854622 0.11618971680853424 0.03829012881827975 -0.1241956659775705 0.9915189826989254 -3.4663400017525134 7.048330126439851 -28.096007196983805 PINHOLE 1280 1024 1023.423095703125 1023.2269287109375 595.927734375 510.6470947265625
dataset_9_undistorted/keyframe_0_frame_000195.png 0.9835041507105644 -0.1709427483205254 -0.059153233586970125 0.17680120010378475 0.9775570472969702 0.11455927701011533 0.03824354032440649 -0.1231279872457887 0.991653703226488 -3.5713124773374503 6.91845157022567 -28.00633617890969 PINHOLE 1280 1024 1023.423095703125 1023.2269287109375 595.927734375 510.6470947265625
dataset_9_undistorted/keyframe_0_frame_000196.png 0.9826249664572032 -0.17578917972899377 -0.05955761300775563 0.1816402430413769 0.9767540067006016 0.1138330502948034 0.0381634591862586 -0.12267337279375196 0.9917129938122167 -3.5957972147282007 6.874728583947672 -27.968805712542576 PINHOLE 1280 1024 1023.423095703125 1023.2269287109375 595.927734375 510.6470947265625
dataset_9_undistorted/keyframe_0_frame_000200.png 0.9791951810380467 -0.1935543525187207 -0.06094225876297356 0.1993637617856625 0.9736144996143359 0.11103553243243873 0.037843749436721946 -0.1208753144529339 0.9919463771489697 -3.6794294744252483 6.705709594576774 -27.809167959070805 PINHOLE 1280 1024 1023.423095703125 1023.2269287109375 595.927734375 510.6470947265625
dataset_9_undistorted/keyframe_0_frame_000201.png 0.9784182077766099 -0.19736658314844446 -0.06119667305295227 0.20315911691226876 0.9729085998576202 0.11034624346111213 0.03776104945674261 -0.12039760755490808 0.9920079602306033 -3.694804970914632 6.663933091856052 -27.7685691755687 PINHOLE 1280 1024 1023.423095703125 1023.2269287109375 595.927734375 510.6470947265625
dataset_9_undistorted/keyframe_0_frame_000202.png 0.977514257847489 -0.20170117337077628 -0.06150790755246895 0.20747935679570098 0.9720773296589439 0.10962832152393663 0.037679214443350116 -0.11992497429271992 0.9920680034146308 -3.713559626710321 6.620738469975322 -27.728333397262304 PINHOLE 1280 1024 1023.423095703125 1023.2269287109375 595.927734375 510.6470947265625
dataset_9_undistorted/keyframe_0_frame_000203.png 0.976686798649616 -0.20560439156943588 -0.06172443087455741 0.21136294871309516 0.9713101000304767 0.10900272392550882 0.037542926191359044 -0.11950809682576452 0.9921229631616539 -3.6846942952900577 6.621101397213579 -27.68392979530927 PINHOLE 1280 1024 1023.423095703125 1023.2269287109375 595.927734375 510.6470947265625
dataset_9_undistorted/keyframe_0_frame_000205.png 0.9750990574282735 -0.21289204776292814 -0.06212132106845888 0.21861164484981419 0.969845203703027 0.10775030007566022 0.03730982359809437 -0.11864790733341796 0.9922357500293502 -3.75061244783997 6.507315583599393 -27.61374747351772 PINHOLE 1280 1024 1023.423095703125 1023.2269287109375 595.927734375 510.6470947265625
dataset_9_undistorted/keyframe_0_frame_000207.png 0.9735745642903906 -0.21969277556029912 -0.062353659788587354 0.22535987663706167 0.9684269376671879 0.10659279067060477 0.036968195333890286 -0.11782834868650605 0.992345693083567 -3.764658470130769 6.4375187212860965 -27.54729828490872 PINHOLE 1280 1024 1023.423095703125 1023.2269287109375 595.927734375 510.6470947265625
dataset_9_undistorted/keyframe_0_frame_000208.png 0.9728123646020116 -0.22302156072529492 -0.062433717835439544 0.22866060455619172 0.9677118327623598 0.10605633841479152 0.036765903892223915 -0.1174492174926028 0.99239803766446 -3.769568388794525 6.4051039958822 -27.515919395149012 PINHOLE 1280 1024 1023.423095703125 1023.2269287109375 595.927734375 510.6470947265625
dataset_9_undistorted/keyframe_0_frame_000209.png 0.9720953569879232 -0.22611703549732545 -0.06246939396875394 0.23172647875227545 0.9670361802772216 0.10557001982851856 0.036539932889642204 -0.11710005110070223 0.992448328386368 -3.771718128651841 6.375687035903638 -27.48546335541357 PINHOLE 1280 1024 1023.423095703125 1023.2269287109375 595.927734375 510.6470947265625
dataset_9_undistorted/keyframe_0_frame_000210.png 0.971384661926427 -0.22914832355789552 -0.06247815551986754 0.23472666507661277 0.966361571642404 0.10511989260244627 0.03628934445805155 -0.11677736243209398 0.9924955421895354 -3.772238453143018 6.348410811092208 -27.45601610485653 PINHOLE 1280 1024 1023.423095703125 1023.2269287109375 595.927734375 510.6470947265625
dataset_9_undistorted/keyframe_0_frame_000211.png 0.9707249103680802 -0.2319371643664918 -0.062440398730060756 0.23748213236269747 0.9657310219997273 0.10472235775429048 0.03601252994811086 -0.11648527168114907 0.9925399315200951 -3.769933120580305 6.324418680025019 -27.42575502892032 PINHOLE 1280 1024 1023.423095703125 1023.2269287109375 595.927734375 510.6470947265625
dataset_9_undistorted/keyframe_0_frame_000214.png 0.9683846947789386 -0.24150985492844856 -0.06248598079510607 0.24696535857789384 0.9634855341989499 0.10345616065815923 0.03521951073680463 -0.11561735749859604 0.9926690256639915 -3.7726954728326803 6.248061134014961 -27.34072337080306 PINHOLE 1280 1024 1023.423095703125 1023.2269287109375 595.927734375 510.6470947265625
dataset_9_undistorted/keyframe_0_frame_000218.png 0.9647690373559028 -0.25553461189146837 -0.0626351969343227 0.26084562111418236 0.9601006892669696 0.10082665912029676 0.03437223950776923 -0.11361262864346866 0.9929301266984144 -3.741703522474353 6.129497946101083 -27.17741862949788 PINHOLE 1280 1024 1023.423095703125 1023.2269287109375 595.927734375 510.6470947265625
dataset_9_undistorted/keyframe_0_frame_000220.png 0.9623201150305105 -0.26455911838800006 -0.06283733196511176 0.2697677165533139 0.9578830383843101 0.09841980052820926 0.03415371116975782 -0.11166321362857948 0.993159571318422 -3.7939778116196408 5.9438904370420005 -27.064571189216053 PINHOLE 1280 1024 1023.423095703125 1023.2269287109375 595.927734375 510.6470947265625
dataset_9_undistorted/keyframe_0_frame_000222.png 0.9595748494068912 -0.2742905372101607 -0.06309774668818718 0.2794038512232119 0.9553558923916673 0.09607456781462792 0.03392926121024744 -0.10982043465796937 0.9933727863014222 -3.8216285643567005 5.801379261997226 -26.965640480220145 PINHOLE 1280 1024 1023.423095703125 1023.2269287109375 595.927734375 510.6470947265625
dataset_9_undistorted/keyframe_0_frame_000223.png 0.9582691879484353 -0.2787906091350038 -0.06321155791143808 0.2838588995953402 0.9541508360274602 0.09497279211772353 0.03383663722795072 -0.10895293593841411 0.9934706645831316 -3.8166227532431947 5.735793619075366 -26.910817100043005 PINHOLE 1280 1024 1023.423095703125 1023.2269287109375 595.927734375 510.6470947265625
dataset_9_undistorted/keyframe_0_frame_000225.png 0.9552073876482617 -0.28899271971696616 -0.0637373756704197 0.294013121320197 0.9512532979968179 0.09314023188389368 0.03371437541440608 -0.10770799468940101 0.9936111874464392 -3.848399139749688 5.6250565144566735 -26.82142996606899 PINHOLE 1280 1024 1023.423095703125 1023.2269287109375 595.927734375 510.6470947265625
dataset_9_undistorted/keyframe_0_frame_000228.png 0.9508759366216836 -0.3027295548555015 -0.06473145596992953 0.3077213543330741 0.9471354597656063 0.09079448980369183 0.03382413950679863 -0.10625365143143688 0.9937640776541469 -3.9202712820379872 5.482224512863468 -26.69443971592682 PINHOLE 1280 1024 1023.423095703125 1023.2269287109375 595.927734375 510.6470947265625
dataset_9_undistorted/keyframe_0_frame_000231.png 0.9467649235024768 -0.31512660782893515 -0.06581747341328771 0.32013257041357646 0.9431596295285477 0.08924693989102007 0.03395310426753884 -0.10556639842870344 0.9938321667800087 -3.9739856835170144 5.390012260332696 -26.57747938717455 PINHOLE 1280 1024 1023.423095703125 1023.2269287109375 595.927734375 510.6470947265625
dataset_9_undistorted/keyframe_0_frame_000235.png 0.9404927154913143 -0.3330562663500477 -0.0674286336266664 0.33808156651834687 0.9371056354795714 0.08679978434907765 0.03427934532028488 -0.10443134421056872 0.9939411662834711 -4.071253819848948 5.242196846862498 -26.403020422823147 PINHOLE 1280 1024 1023.423095703125 1023.2269287109375 595.927734375 510.6470947265625
dataset_9_undistorted/keyframe_0_frame_000237.png 0.9384362899947435 -0.3387261332750382 -0.06783264264547374 0.34375064323306015 0.9351004351091775 0.08614948436034642 0.034249883307280155 -0.10416374518265883 0.9939698417388961 -4.059338823370524 5.246444652893615 -26.347663745621276 PINHOLE 1280 1024 1023.423095703125 1023.2269287109375 595.927734375 510.6470947265625
dataset_9_undistorted/keyframe_0_frame_000238.png 0.9364644713280235 -0.3440638495294322 -0.06822101773229952 0.34908956096466703 0.9331766124800746 0.08554590346719444 0.03422978004637 -0.10392613458394197 0.9939958342182869 -4.119192767119557 5.166499388572902 -26.302277620383165 PINHOLE 1280 1024 1023.423095703125 1023.2269287109375 595.927734375 510.6470947265625
dataset_9_undistorted/keyframe_0_frame_000239.png 0.9352940526817289 -0.34719459354481635 -0.06841701494492673 0.35221716561373995 0.9320347240926825 0.08517756309430582 0.034194584055793696 -0.10376389387286696 0.9940143244142101 -4.131013620382191 5.144248465358942 -26.239076447902335 PINHOLE 1280 1024 1023.423095703125 1023.2269287109375 595.927734375 510.6470947265625
dataset_9_undistorted/keyframe_0_frame_000243.png 0.9284390560170728 -0.3648386712492048 -0.06995663757517125 0.36988123278682783 0.925375647614393 0.08287810147020187 0.03449973945526585 -0.10282308139254372 0.9941013242792206 -4.18888962084452 5.049878984758152 -25.946684739364287 PINHOLE 1280 1024 1023.423095703125 1023.2269287109375 595.927734375 510.6470947265625
dataset_9_undistorted/keyframe_0_frame_000247.png 0.9221416525753602 -0.3801266321731776 -0.07182016959662765 0.385224932692223 0.9193138760836074 0.08040609563905832 0.035461543335375705 -0.10181285933772359 0.9941717837304866 -4.302179661913669 4.901093468396994 -25.764579776568212 PINHOLE 1280 1024 1023.423095703125 1023.2269287109375 595.927734375 510.6470947265625
dataset_9_undistorted/keyframe_0_frame_000251.png 0.9141236977491393 -0.3984165604350349 -0.0751114983990699 0.40364000347603873 0.911741181125445 0.0761871898811292 0.038128873421771584 -0.09996271311377462 0.9942610633490017 -4.53521689266239 4.6011546642255325 -25.572205928191806 PINHOLE 1280 1024 1023.423095703125 1023.2269287109375 595.927734375 510.6470947265625
dataset_9_undistorted/keyframe_0_frame_000258.png 0.9032176999753176 -0.42203098963784336 -0.07802102847675835 0.4272693525251268 0.9013581555497981 0.070680196411754 0.04049638032555579 -0.0971759582795478 0.9944434180740603 -4.71097948467326 4.268741305974345 -25.290545986235202 PINHOLE 1280 1024 1023.423095703125 1023.2269287109375 595.927734375 510.6470947265625
dataset_9_undistorted/keyframe_0_frame_000259.png 0.9014190504456511 -0.4258287649867854 -0.07818822901093352 0.43104531782408606 0.8996162098747457 0.06993859390666551 0.04055837929379521 -0.09674692203639719 0.994482265738985 -4.721061627254073 4.224022830355125 -25.239467706163282 PINHOLE 1280 1024 1023.423095703125 1023.2269287109375 595.927734375 510.6470947265625
dataset_9_undistorted/keyframe_0_frame_000261.png 0.8980299082730809 -0.4328643761006922 -0.07855058660317443 0.4380448465957908 0.8963383936022571 0.06852815619415698 0.0407454249957067 -0.09594912994478642 0.9945525425862377 -4.742952656082764 4.138695350372473 -25.152507952768474 PINHOLE 1280 1024 1023.423095703125 1023.2269287109375 595.927734375 510.6470947265625
dataset_9_undistorted/keyframe_0_frame_000264.png 0.8933505003864365 -0.4423461301618961 -0.07908375416068224 0.44748478723200413 0.8918015493178691 0.06669087045180742 0.041027468618127894 -0.09496727235868069 0.9946344400959681 -4.775108364332425 4.0278507866967175 -25.04372227956742 PINHOLE 1280 1024 1023.423095703125 1023.2269287109375 595.927734375 510.6470947265625
dataset_9_undistorted/keyframe_0_frame_000266.png 0.8905150327415808 -0.44796937087102334 -0.07940973066562823 0.4530777060348647 0.8890673232752034 0.06543320763882497 0.04128941123614437 -0.0942481282067123 0.9946926000214579 -4.8064671333419255 3.9490456654323225 -24.972460149156177 PINHOLE 1280 1024 1023.423095703125 1023.2269287109375 595.927734375 510.6470947265625
dataset_9_undistorted/keyframe_0_frame_000268.png 0.8876763900698208 -0.4535285446773366 -0.07964025884604115 0.45859708699861146 0.8863244928713248 0.0641733566133539 0.04148356659269065 -0.09348798080741023 0.9947555228157209 -4.820331458889996 3.8730069026460114 -24.907712791437234 PINHOLE 1280 1024 1023.423095703125 1023.2269287109375 595.927734375 510.6470947265625
dataset_9_undistorted/keyframe_0_frame_000270.png 0.8836785528855379 -0.4612875986200789 -0.07953513710307158 0.4662405981048654 0.8824899782340687 0.06190468586121152 0.04163403575290845 -0.09178638186941651 0.9949081105653682 -4.802485059554499 3.7388365250196784 -24.812074477636543 PINHOLE 1280 1024 1023.423095703125 1023.2269287109375 595.927734375 510.6470947265625
dataset_9_undistorted/keyframe_0_frame_000271.png 0.8822827032870715 -0.4639877473648358 -0.07932076611140071 0.46888498931335376 0.8811422896433119 0.06112650176348513 0.04153174475461737 -0.09112345548860555 0.9949734778231937 -4.7594148401332745 3.7396463118911925 -24.776566743685635 PINHOLE 1280 1024 1023.423095703125 1023.2269287109375 595.927734375 510.6470947265625
dataset_9_undistorted/keyframe_0_frame_000273.png 0.8794730942642226 -0.46949736331875597 -0.07809267695250433 0.47419523777562383 0.8784305590088515 0.05915744924404243 0.04082550343859803 -0.08905888132691017 0.9951894734226626 -4.720292243230688 3.5674104114430065 -24.738977232093248 PINHOLE 1280 1024 1023.423095703125 1023.2269287109375 595.927734375 510.6470947265625
dataset_9_undistorted/keyframe_0_frame_000274.png 0.8780380048919515 -0.4722113543343828 -0.07787544534839892 0.47674092230547005 0.8772812546171324 0.05564154556781495 0.042044862667920145 -0.08598206529999172 0.9954091365031564 -4.702282127944727 3.360585839116993 -24.724411115647854 PINHOLE 1280 1024 1023.423095703125 1023.2269287109375 595.927734375 510.6470947265625
dataset_9_undistorted/keyframe_0_frame_000278.png 0.8708282741495628 -0.4850538860726873 -0.07987849012379791 0.4894429135062445 0.8706706251395767 0.04878938001075579 0.045883277861809 -0.08158316607077824 0.9956103576446588 -4.823197383621505 2.9467130607404215 -24.71293078983365 PINHOLE 1280 1024 1023.423095703125 1023.2269287109375 595.927734375 510.6470947265625
dataset_9_undistorted/keyframe_0_frame_000279.png 0.8684293617405856 -0.48924696369114457 -0.08041537914086472 0.49360140213294856 0.8684112079402474 0.04711822999687854 0.046782001978673 -0.08061236121549016 0.9956471890940757 -4.867010305993517 2.8425196323801174 -24.71378708169209 PINHOLE 1280 1024 1023.423095703125 1023.2269287109375 595.927734375 510.6470947265625
dataset_9_undistorted/keyframe_0_frame_000281.png 0.8631851517398308 -0.49828332049643226 -0.08138755144164937 0.5025558846320224 0.8634373127082118 0.043753538760780905 0.04847229205011326 -0.07866966075456754 0.9957218614412049 -4.914338334843023 2.6425855821785262 -24.703180231382134 PINHOLE 1280 1024 1023.423095703125 1023.2269287109375 595.927734375 510.6470947265625
dataset_9_undistorted/keyframe_0_frame_000282.png 0.8606428624423665 -0.5025999124675651 -0.08177200428274856 0.5068217126062301 0.8610246275049798 0.04207177308157607 0.04926323315653755 -0.07765264840513635 0.9957630319991932 -4.909687265639036 2.5901220061966796 -24.69568882373028 PINHOLE 1280 1024 1023.423095703125 1023.2269287109375 595.927734375 510.6470947265625
dataset_9_undistorted/keyframe_0_frame_000283.png 0.858274418351514 -0.5065797252018654 -0.08210696877771315 0.5107424753215791 0.8587887636207704 0.040324705310545994 0.05008577336088437 -0.07654520455124861 0.995807911873595 -4.957732000318629 2.4355478793331713 -24.70829108089538 PINHOLE 1280 1024 1023.423095703125 1023.2269287109375 595.927734375 510.6470947265625
dataset_9_undistorted/keyframe_0_frame_000285.png 0.853648416688547 -0.5142527985857355 -0.08263174516544423 0.518299099531238 0.8543924378404857 0.03715311053588699 0.051494823151783525 -0.07454386314321858 0.9958872794007474 -4.989357748076486 2.2441244301262486 -24.795127829100693 PINHOLE 1280 1024 1023.423095703125 1023.2269287109375 595.927734375 510.6470947265625
dataset_9_undistorted/keyframe_0_frame_000286.png 0.851588448666665 -0.5176254315977052 -0.08282789766098132 0.5216173237593072 0.8524308859018073 0.03576194144126191 0.052094629382246696 -0.0736589323050101 0.9959224619254066 -5.012603097219312 2.156265359494455 -24.8658899415351 PINHOLE 1280 1024 1023.423095703125 1023.2269287109375 595.927734375 510.6470947265625
dataset_9_undistorted/keyframe_0_frame_000287.png 0.8498222835215686 -0.5205002325381126 -0.0829520617853792 0.5244449823302814 0.8507402886833864 0.0346364439699328 0.05254321441415775 -0.07293890637244792 0.9959514852579232 -4.993210616871011 2.1379517853026755 -24.929575019551294 PINHOLE 1280 1024 1023.423095703125 1023.2269287109375 595.927734375 510.6470947265625
dataset_9_undistorted/keyframe_0_frame_000288.png 0.8468292683083488 -0.5253468016958348 -0.08300677607385261 0.5291981344217983 0.847868789330136 0.03269529766923396 0.053203283570033455 -0.07161469943090326 0.9960125085683419 -4.985548967997033 2.024676882173253 -25.07173560677029 PINHOLE 1280 1024 1023.423095703125 1023.2269287109375 595.927734375 510.6470947265625
dataset_9_undistorted/keyframe_0_frame_000289.png 0.8450806855072364 -0.528156958079016 -0.08299241863728458 0.5319569872728278 0.846178971654906 0.0316895844856536 0.053490338073030254 -0.07092901936219356 0.9960464469987291 -4.9848746268047535 1.9639678388380162 -25.140320628437166 PINHOLE 1280 1024 1023.423095703125 1023.2269287109375 595.927734375 510.6470947265625
dataset_9_undistorted/keyframe_0_frame_000293.png 0.8369126613791255 -0.5411408750126101 -0.08211367240862967 0.5446320036926777 0.8382485601065527 0.02676177627944055 0.05435063260109538 -0.06711928463209475 0.9962635017814971 -4.958161707476052 1.616503170054557 -25.335637451741718 PINHOLE 1280 1024 1023.423095703125 1023.2269287109375 595.927734375 510.6470947265625
dataset_9_undistorted/keyframe_0_frame_000296.png 0.8289094860403841 -0.5537224192672185 -0.07937277441494885 0.5568550852071021 0.8302906723960096 0.023067243718974683 0.053130439456466824 -0.06331997968976942 0.9965784011848088 -4.767770276794295 1.4439256203381774 -25.30826056480737 PINHOLE 1280 1024 1023.423095703125 1023.2269287109375 595.927734375 510.6470947265625
dataset_9_undistorted/keyframe_0_frame_000297.png 0.8261554444446343 -0.5579897753134833 -0.07818905206414038 0.5609919238435127 0.8275323933443961 0.021879494545881124 0.05249629318968008 -0.06193949026567802 0.9966982689453491 -4.69659896047483 1.3724712912317045 -25.266536143021995 PINHOLE 1280 1024 1023.423095703125 1023.2269287109375 595.927734375 510.6470947265625
dataset_9_undistorted/keyframe_0_frame_000301.png 0.8181764315422818 -0.5700163260933405 -0.07528126643244158 0.5726596384249232 0.8195970581909501 0.01795816003670241 0.05146461501509609 -0.05780379695081725 0.99700072079063 -4.5216891742464895 1.1359477868261365 -25.099737087787275 PINHOLE 1280 1024 1023.423095703125 1023.2269287109375 595.927734375 510.6470947265625
dataset_9_undistorted/keyframe_0_frame_000302.png 0.8164041616591844 -0.5726154723575105 -0.07480157736409858 0.5751877772871872 0.8178447861211338 0.01702947884910953 0.05142559558845014 -0.05692814780074912 0.997052942966929 -4.5166833680335685 1.0288179573653906 -25.073661008336785 PINHOLE 1280 1024 1023.423095703125 1023.2269287109375 595.927734375 510.6470947265625
dataset_9_undistorted/keyframe_0_frame_000303.png 0.8134760940068135 -0.5768709803740587 -0.07399947636416704 0.5793337784500566 0.8149415548181133 0.015635626793080067 0.051286363199413994 -0.05558978314205738 0.9971359870791245 -4.4682033822329 0.9445170909441458 -25.01861856278515 PINHOLE 1280 1024 1023.423095703125 1023.2269287109375 595.927734375 510.6470947265625
dataset_9_undistorted/keyframe_0_frame_000304.png 0.810775666359943 -0.5807438935846275 -0.07333840738820405 0.5831219307031236 0.8122553678063454 0.014559161249004167 0.05111521019185883 -0.05456989787862075 0.9972012964041422 -4.428273612919725 0.8794670842726191 -24.97236457889369 PINHOLE 1280 1024 1023.423095703125 1023.2269287109375 595.927734375 510.6470947265625
dataset_9_undistorted/keyframe_0_frame_000305.png 0.8087976624395926 -0.5835690843425217 -0.07275191550734326 0.5858780913451359 0.8102836545320783 0.013735051685939803 0.050935187128242826 -0.0537326351070417 0.9972556437637723 -4.40397467803632 0.8253170158623107 -24.93302286997573 PINHOLE 1280 1024 1023.423095703125 1023.2269287109375 595.927734375 510.6470947265625
dataset_9_undistorted/keyframe_0_frame_000308.png 0.8030951000848756 -0.5915699228933923 -0.07128954720202858 0.5936703803476757 0.8046359021142493 0.010863672489603987 0.05093629149230694 -0.05104748364853645 0.9973967657245207 -4.304594021697426 0.6563013413660883 -24.781894846363457 PINHOLE 1280 1024 1023.423095703125 1023.2269287109375 595.927734375 510.6470947265625
dataset_9_undistorted/keyframe_0_frame_000310.png 0.7987675083889262 -0.5974700897730217 -0.07070381646841212 0.5994217353770089 0.8003906603861508 0.008317911723403827 0.051621730002135234 -0.04902588061062635 0.9974624169001666 -4.269220794541866 0.5027197084225463 -24.690875798808975 PINHOLE 1280 1024 1023.423095703125 1023.2269287109375 595.927734375 510.6470947265625
dataset_9_undistorted/keyframe_0_frame_000314.png 0.7901531725954692 -0.6090307084697096 -0.06883889722847074 0.6107104256965188 0.7918432728340523 0.004316713290389314 0.0518814049111053 -0.04545160202380268 0.9976187010154254 -4.135077186178933 0.31305511550658593 -24.432093904237377 PINHOLE 1280 1024 1023.423095703125 1023.2269287109375 595.927734375 510.6470947265625
dataset_9_undistorted/keyframe_0_frame_000316.png 0.7855710740661049 -0.6150453382086453 -0.06779856076165652 0.616555770769732 0.787310672594078 0.0017089187844963976 0.052328332640074124 -0.04314426077938074 0.9976979154082309 -4.093751059965825 0.10336204540681138 -24.28057159048774 PINHOLE 1280 1024 1023.423095703125 1023.2269287109375 595.927734375 510.6470947265625
dataset_9_undistorted/keyframe_0_frame_000319.png 0.7764433424054029 -0.6266689808500323 -0.0664905680854409 0.6278952091228375 0.7782928914099971 -0.0031214121390586644 0.053705997821597594 -0.039325650720443694 0.9977824990442303 -3.994404458070335 -0.13569893091926133 -24.055450372205883 PINHOLE 1280 1024 1023.423095703125 1023.2269287109375 595.927734375 510.6470947265625
dataset_9_undistorted/keyframe_0_frame_000326.png 0.7580191265248961 -0.6490124673512122 -0.06472238605806338 0.6497609517735147 0.7600506288848649 -0.011617661080115253 0.056733102845485016 -0.03324788450411264 0.9978356802018542 -3.8826179703034995 -0.6483183137006563 -23.92852917517928 PINHOLE 1280 1024 1023.423095703125 1023.2269287109375 595.927734375 510.6470947265625
dataset_9_undistorted/keyframe_0_frame_000332.png 0.741912950126305 -0.6673112480779251 -0.06526801402107806 0.6677600771108205 0.7441625416846593 -0.01790693524104076 0.060520404696890844 -0.030298215729513123 0.997707470061808 -3.9409880956336565 -1.0810882773700996 -24.184116440440903 PINHOLE 1280 1024 1023.423095703125 1023.2269287109375 595.927734375 510.6470947265625
dataset_9_undistorted/keyframe_0_frame_000337.png 0.7290209656550343 -0.6814039773601619 -0.06492931940472706 0.6817148706068936 0.7313259338142079 -0.020709374326985937 0.06159675823634916 -0.029165994702750525 0.9976752225253707 -3.9204755485842497 -1.2503905498017502 -24.297080761020425 PINHOLE 1280 1024 1023.423095703125 1023.2269287109375 595.927734375 510.6470947265625
dataset_9_undistorted/keyframe_0_frame_000346.png 0.6997636043649786 -0.7111096104533798 -0.06821336732848955 0.7113381077524562 0.7024004787997244 -0.02515936818801595 0.06580512076340048 -0.03091729866783865 0.9973532613795966 -4.118855538142384 -1.5189302638050322 -23.76942351049263 PINHOLE 1280 1024 1023.423095703125 1023.2269287109375 595.927734375 510.6470947265625
dataset_9_undistorted/keyframe_0_frame_000347.png 0.6954798709076719 -0.715179449073775 -0.06945937180776755 0.7154461414726248 0.6982071179112261 -0.02541375983692926 0.066673323303597 -0.03202016264192974 0.9972615317054915 -4.19018023338117 -1.4862717262567458 -23.634181784449197 PINHOLE 1280 1024 1023.423095703125 1023.2269287109375 595.927734375 510.6470947265625
dataset_9_undistorted/keyframe_0_frame_000348.png 0.693234363558867 -0.7172983203987244 -0.07005929032692403 0.7175842505900397 0.696004663607234 -0.0255441570551538 0.06708538318453436 -0.03256558548560801 0.9972159382370825 -4.230221315344465 -1.5422242512941011 -23.564810063734967 PINHOLE 1280 1024 1023.423095703125 1023.2269287109375 595.927734375 510.6470947265625
dataset_9_undistorted/keyframe_0_frame_000352.png 0.6827222221687536 -0.7270589197532769 -0.07262596240236574 0.7273745272074025 0.6857122551159602 -0.02697288230015631 0.06941241297108172 -0.03441151402122769 0.9969949244373647 -4.385219952809621 -1.628514615683116 -23.16700762431128 PINHOLE 1280 1024 1023.423095703125 1023.2269287109375 595.927734375 510.6470947265625
dataset_9_undistorted/keyframe_0_frame_000353.png 0.6786232756007423 -0.7308421822391118 -0.07306803748898082 0.7311380253654368 0.6816681403640068 -0.027711397288584544 0.07006174260110266 -0.03461746379442697 0.9969423767942963 -4.399273206704834 -1.6183923431246967 -23.03199752737862 PINHOLE 1280 1024 1023.423095703125 1023.2269287109375 595.927734375 510.6470947265625
dataset_9_undistorted/keyframe_0_frame_000354.png 0.6747268967529154 -0.7344115978494762 -0.07336260740219692 0.7346626372166173 0.6778259836688161 -0.028723353192435606 0.07082284910959483 -0.03451662442691965 0.9968918659107332 -4.429621754683808 -1.73424534452829 -22.9149835647047 PINHOLE 1280 1024 1023.423095703125 1023.2269287109375 595.927734375 510.6470947265625
dataset_9_undistorted/keyframe_0_frame_000355.png 0.6724570849489112 -0.7364806568430231 -0.07345786555747992 0.7366972309843962 0.675584558136577 -0.02938425015110861 0.07126887624481455 -0.03435680192524098 0.9968651569514713 -4.423333155702039 -1.7192243181316371 -22.85153385866738 PINHOLE 1280 1024 1023.423095703125 1023.2269287109375 595.927734375 510.6470947265625
dataset_9_undistorted/keyframe_0_frame_000356.png 0.6689777877888612 -0.739644467169822 -0.07343970359044218 0.7397717879057519 0.6721531546440206 -0.0308251625527127 0.072163341913364 -0.03370758718861136 0.9968237570574494 -4.427679055141539 -1.8602089648109086 -22.778171400160545 PINHOLE 1280 1024 1023.423095703125 1023.2269287109375 595.927734375 510.6470947265625
dataset_9_undistorted/keyframe_0_frame_000357.png 0.6657524605396613 -0.7425715820559141 -0.07320976717671063 0.742620898056339 0.6689488562931633 -0.03198544977904111 0.07272607352417268 -0.033073002732430544 0.9968033677075148 -4.420542924606025 -1.9311071716431343 -22.698090651769462 PINHOLE 1280 1024 1023.423095703125 1023.2269287109375 595.927734375 510.6470947265625
dataset_9_undistorted/keyframe_0_frame_000363.png 0.6557784756518326 -0.7517382558476914 -0.0695908741106337 0.7515979530635477 0.6587666495889205 -0.03360543312343394 0.07110758525172367 -0.03026694677860802 0.9970098929221789 -4.201959510849292 -2.02908393483267 -22.938900118882543 PINHOLE 1280 1024 1023.423095703125 1023.2269287109375 595.927734375 510.6470947265625
dataset_9_undistorted/keyframe_0_frame_000364.png 0.6581238048310993 -0.7496610270286327 -0.06985663364166042 0.7495939577768423 0.6610977699975261 -0.03255540415475404 0.07058847366591367 -0.030938905791085033 0.9970255592861552 -4.206933489903804 -1.9105000665049374 -23.016064494851776 PINHOLE 1280 1024 1023.423095703125 1023.2269287109375 595.927734375 510.6470947265625
dataset_9_undistorted/keyframe_0_frame_000365.png 0.6606314509343889 -0.747435344267401 -0.0700374241738411 0.7474226408383016 0.663592512984019 -0.03172657211392678 0.07019092826189212 -0.031388138898381844 0.9970400923034869 -4.228884989508742 -1.91560152057491 -23.08382389066128 PINHOLE 1280 1024 1023.423095703125 1023.2269287109375 595.927734375 510.6470947265625
dataset_9_undistorted/keyframe_0_frame_000367.png 0.6602372404256744 -0.7473337134559483 -0.07468068663476503 0.7475860969377576 0.6634785664893648 -0.030211281609333167 0.07212789473432492 -0.03588418116018611 0.9967498887950375 -4.509316318369429 -1.8240317267948285 -23.1841535575295 PINHOLE 1280 1024 1023.423095703125 1023.2269287109375 595.927734375 510.6470947265625
dataset_9_undistorted/keyframe_0_frame_000368.png 0.660631187062776 -0.7468980420621859 -0.07555360621354552 0.7474181047101012 0.663810423743912 -0.02689311805466879 0.07024067561934406 -0.03870399462887461 0.996778812425748 -4.562091050470826 -1.6235452944908957 -23.19831370613008 PINHOLE 1280 1024 1023.423095703125 1023.2269287109375 595.927734375 510.6470947265625
dataset_9_undistorted/keyframe_0_frame_000372.png 0.6599389516497068 -0.7473782219099472 -0.07684486397125288 0.7487864030873755 0.6626575285111241 -0.014354113235074607 0.06165065973988901 -0.048067764964651746 0.9969400804146555 -4.64005519935688 -0.8664514824060916 -23.29440973089936 PINHOLE 1280 1024 1023.423095703125 1023.2269287109375 595.927734375 510.6470947265625
dataset_9_undistorted/keyframe_0_frame_000375.png 0.6556578141801087 -0.7513188675001918 -0.07504746650500106 0.7530919670702481 0.6578820939843228 -0.006781584532267027 0.05446838402862497 -0.05207133487074387 0.9971572807320176 -4.520660258598241 -0.3538283158275135 -23.347004254271837 PINHOLE 1280 1024 1023.423095703125 1023.2269287109375 595.927734375 510.6470947265625
dataset_9_undistorted/keyframe_0_frame_000379.png 0.6482186544664247 -0.758312575313825 -0.06909172446338252 0.7601444375311209 0.6497553290964716 0.0003152618280302156 0.04465444916016339 -0.05272406674928751 0.9976104359688137 -4.171990389334155 0.019408972394558077 -23.29809306386494 PINHOLE 1280 1024 1023.423095703125 1023.2269287109375 595.927734375 510.6470947265625
dataset_9_undistorted/keyframe_0_frame_000385.png 0.6367437997497559 -0.7689646341403239 -0.05700614621809568 0.7703998070702149 0.6375404143464173 0.0052871388478097 0.03227866034163909 -0.04728434184467219 0.9983603972044786 -3.4422071921087536 0.31946799245019974 -23.224325371349096 PINHOLE 1280 1024 1023.423095703125 1023.2269287109375 595.927734375 510.6470947265625
dataset_9_undistorted/keyframe_0_frame_000386.png 0.6350830055729084 -0.770487523229817 -0.05493502538707742 0.7718432812661842 0.6357870377941793 0.005787517275847083 0.030468296872924034 -0.04607674228323968 0.9984727506926949 -3.317221385491166 0.34984323906041936 -23.20786267432436 PINHOLE 1280 1024 1023.423095703125 1023.2269287109375 595.927734375 510.6470947265625
dataset_9_undistorted/keyframe_0_frame_000388.png 0.6321708267857493 -0.7732825260238102 -0.0489280697562981 0.7744123569538554 0.6326420787221148 0.007151983914779995 0.0254238749824747 -0.04241196200371589 0.9987770508980007 -2.954430921739686 0.4320899561175793 -23.129950821200737 PINHOLE 1280 1024 1023.423095703125 1023.2269287109375 595.927734375 510.6470947265625
dataset_9_undistorted/keyframe_0_frame_000390.png 0.6295549457999927 -0.7757429297135516 -0.04339096428942764 0.7766807672166396 0.629836810815685 0.008567925562744777 0.02068313814657292 -0.03909498589430444 0.9990215034885094 -2.620098871963137 0.5176591355409528 -23.040723944983938 PINHOLE 1280 1024 1023.423095703125 1023.2269287109375 595.927734375 510.6470947265625
dataset_9_undistorted/keyframe_0_frame_000392.png 0.6264994870217252 -0.7784830804812789 -0.0382384884693117 0.7792701156584522 0.6265924155569372 0.01101549034411759 0.015384941026412451 -0.03669933828523718 0.9992085424657393 -2.308899962848386 0.6652626651925857 -22.907352505571453 PINHOLE 1280 1024 1023.423095703125 1023.2269287109375 595.927734375 510.6470947265625
dataset_9_undistorted/keyframe_0_frame_000398.png 0.6167162873818857 -0.7866835280621925 -0.028098739356407665 0.7871847962276125 0.6162864031641825 0.02305325209109899 -0.000818586351812257 -0.0363364263003061 0.9993396950157304 -1.6967004527310792 1.3921480844940106 -22.200919063468405 PINHOLE 1280 1024 1023.423095703125 1023.2269287109375 595.927734375 510.6470947265625
dataset_9_undistorted/keyframe_0_frame_000399.png 0.6148985652755331 -0.7881428729084492 -0.027026580970522917 0.788597923853031 0.6143743215613566 0.025654486534088146 -0.0036149024152079493 -0.037088008300489916 0.9993057608055788 -1.6320317598821248 1.5492622614060565 -22.005351158070766 PINHOLE 1280 1024 1023.423095703125 1023.2269287109375 595.927734375 510.6470947265625
dataset_9_undistorted/keyframe_0_frame_000403.png 0.6079733424180029 -0.7936128659231886 -0.023398597996283202 0.7938403512418669 0.6071141666375159 0.035077903135767016 -0.013632763545835758 -0.03990114779487532 0.9991112445948336 -1.405320326148967 2.1744381662213073 -21.12397618627699 PINHOLE 1280 1024 1023.423095703125 1023.2269287109375 595.927734375 510.6470947265625
dataset_9_undistorted/keyframe_0_frame_000404.png 0.6074565260952011 -0.7940446506524854 -0.022143378114380576 0.7941911330063932 0.606533237735116 0.037128175113726784 -0.01605066682706341 -0.040139546439685425 0.9990650197038197 -1.3372486586491732 2.24218143050075 -20.902316284026824 PINHOLE 1280 1024 1023.423095703125 1023.2269287109375 595.927734375 510.6470947265625
dataset_9_undistorted/keyframe_0_frame_000406.png 0.6046233746958163 -0.7962578636556236 -0.020112070363602734 0.7962567876521105 0.6035990094672619 0.04054259849303347 -0.020142784584508012 -0.04052740190433557 0.9989756466255443 -1.2146958668291745 2.4483255106072193 -20.540595535532248 PINHOLE 1280 1024 1023.423095703125 1023.2269287109375 595.927734375 510.6470947265625
dataset_9_undistorted/keyframe_0_frame_000407.png 0.6033529980893857 -0.7972479704192241 -0.019005516447753022 0.7971538820642008 0.6022642968836479 0.042704194210161944 -0.02259959643045566 -0.04091600825898634 0.9989070730955004 -1.1478303306187172 2.5788338517070315 -20.321934021038146 PINHOLE 1280 1024 1023.423095703125 1023.2269287109375 595.927734375 510.6470947265625
dataset_9_undistorted/keyframe_0_frame_000409.png 0.6013838968399932 -0.7987756917684053 -0.01719041627420778 0.798478702987395 0.6001364662436293 0.04762590674358936 -0.027726050046505794 -0.04236756988801944 0.9987179570313048 -1.0308753487744298 2.9322668221127515 -19.921034602348186 PINHOLE 1280 1024 1023.423095703125 1023.2269287109375 595.927734375 510.6470947265625
dataset_9_undistorted/keyframe_0_frame_000410.png 0.6006170396496396 -0.7993665840495933 -0.016523926629678786 0.7989714425757479 0.5992875132018376 0.0499983713876716 -0.03006456393930929 -0.0432317841214798 0.9986132532223153 -0.9979368066627785 3.01924552786204 -19.70210086040322 PINHOLE 1280 1024 1023.423095703125 1023.2269287109375 595.927734375 510.6470947265625
dataset_9_undistorted/keyframe_0_frame_000421.png 0.6031466655767687 -0.7973068895103553 -0.022716363657521953 0.7965360697909166 0.6005849703586015 0.06948068882220237 -0.04175463590272224 -0.06000144255897269 0.9973250543417935 -1.3720028774990851 4.195755385324674 -20.92778862300031 PINHOLE 1280 1024 1023.423095703125 1023.2269287109375 595.927734375 510.6470947265625
dataset_9_undistorted/keyframe_0_frame_000423.png 0.6051127506876836 -0.7958139865969951 -0.022788370140518325 0.7949322983932279 0.6023712061565913 0.07232700723320877 -0.04383199632995878 -0.061881072495116915 0.9971204699370373 -1.3764177332884628 4.367736598924694 -21.433395292496698 PINHOLE 1280 1024 1023.423095703125 1023.2269287109375 595.927734375 510.6470947265625
dataset_9_undistorted/keyframe_0_frame_000424.png 0.6069479011049841 -0.7944167552317922 -0.022737054204138688 0.7934364205047366 0.6040641125048212 0.0745990292376742 -0.04552844161381695 -0.0633178929471857 0.9969543527903388 -1.3828620941036434 4.497096158405839 -21.757841469085065 PINHOLE 1280 1024 1023.423095703125 1023.2269287109375 595.927734375 510.6470947265625
dataset_9_undistorted/keyframe_0_frame_000425.png 0.6087714423472351 -0.7930257995937339 -0.02254546838024445 0.791923617424494 0.6057345712286665 0.07708655457571222 -0.04747543556126011 -0.06478212208027474 0.996769689039745 -1.3713066070941977 4.64730167351081 -21.982885210720383 PINHOLE 1280 1024 1023.423095703125 1023.2269287109375 595.927734375 510.6470947265625
dataset_9_undistorted/keyframe_0_frame_000432.png 0.6046104109292884 -0.7962845463649392 -0.019436051475253138 0.7940269466294122 0.6006084980414957 0.09375140983000292 -0.06297989301446555 -0.07211573776656742 0.9954061473985952 -1.1741414295787536 5.661463428499246 -21.730327616843056 PINHOLE 1280 1024 1023.423095703125 1023.2269287109375 595.927734375 510.6470947265625
dataset_9_undistorted/keyframe_0_frame_000437.png 0.6006920783949277 -0.7992637123366793 -0.018636629471734115 0.7962913812191799 0.5960534900036503 0.10314471723233842 -0.07133201626483476 -0.07679794259437367 0.9944916376716934 -1.135407292540549 6.220676681731447 -21.647973979198014 PINHOLE 1280 1024 1023.423095703125 1023.2269287109375 595.927734375 510.6470947265625
dataset_9_undistorted/keyframe_0_frame_000440.png 0.5984930119030756 -0.8010208717544542 -0.013184616287942433 0.7973471786416768 0.5939902751135943 0.10682899453534209 -0.07774132929556653 -0.07444849156943163 0.9941902765629032 -0.798967174593372 6.499427962646223 -21.7824350886184 PINHOLE 1280 1024 1023.423095703125 1023.2269287109375 595.927734375 510.6470947265625
dataset_9_undistorted/keyframe_0_frame_000441.png 0.5988866847296266 -0.8007487260747671 -0.011701444595879315 0.7969688716627144 0.5944991399890471 0.10681497185808055 -0.07857620850237029 -0.07329569736855479 0.9942099290688463 -0.7072094786226444 6.450242886428896 -22.069686509099824 PINHOLE 1280 1024 1023.423095703125 1023.2269287109375 595.927734375 510.6470947265625
dataset_9_undistorted/keyframe_0_frame_000442.png 0.5988707779091221 -0.8007797789053406 -0.010385019925251085 0.7968989825248805 0.5945833743199895 0.10687524692269991 -0.0794094558778779 -0.07227985960655389 0.9942188609273133 -0.6219754260798709 6.4532492603304945 -22.416690072438428 PINHOLE 1280 1024 1023.423095703125 1023.2269287109375 595.927734375 510.6470947265625
dataset_9_undistorted/keyframe_0_frame_000444.png 0.5979545140989673 -0.8014916243246502 -0.007949547618234598 0.7973891467916076 0.5938291275351033 0.10740844530111932 -0.08136696667680075 -0.07056381439840773 0.9941836034166434 -0.4749008756658668 6.485406081974588 -23.093127155888283 PINHOLE 1280 1024 1023.423095703125 1023.2269287109375 595.927734375 510.6470947265625
dataset_9_undistorted/keyframe_0_frame_000445.png 0.5971720502420962 -0.8020807647755313 -0.007351165370046395 0.7978917514635778 0.5930653359331094 0.10789483229174025 -0.08218137976641154 -0.07029686223341905 0.9941354208528022 -0.4372976997801743 6.571758174439765 -23.346892189457776 PINHOLE 1280 1024 1023.423095703125 1023.2269287109375 595.927734375 510.6470947265625
dataset_9_undistorted/keyframe_0_frame_000451.png 0.5971714076101976 -0.8020945419815037 -0.005723892595248267 0.7976015180304316 0.5930413884718476 0.1101501183770543 -0.08495705097292752 -0.0703435856254635 0.9938990068718346 -0.3461246094728949 6.651533376700172 -25.252051402683264 PINHOLE 1280 1024 1023.423095703125 1023.2269287109375 595.927734375 510.6470947265625
dataset_9_undistorted/keyframe_0_frame_000455.png 0.5969179264036534 -0.8022881136539565 -0.004918203426679293 0.7975755352362988 0.5927255941935933 0.11201860196717203 -0.08695681085535457 -0.0707882856971545 0.9936940552520139 -0.2976720243481168 6.764418462495087 -26.406057525925917 PINHOLE 1280 1024 1023.423095703125 1023.2269287109375 595.927734375 510.6470947265625
dataset_9_undistorted/keyframe_0_frame_000458.png 0.5967109436252745 -0.8024469074650902 -0.004130973941087095 0.7975980298680282 0.5925247569156712 0.11291843857706318 -0.08816416838331202 -0.07067419265145636 0.9935956864551528 -0.25949222769338576 6.810622171916066 -27.33134853320246 PINHOLE 1280 1024 1023.423095703125 1023.2269287109375 595.927734375 510.6470947265625
dataset_9_undistorted/keyframe_0_frame_000459.png 0.5977816420990755 -0.8016517659683415 -0.003671140398086708 0.7967442770996275 0.5936040548379746 0.11327650337178018 -0.08862984437484375 -0.0706393131050509 0.9935567392731325 -0.22225185712431994 6.840244448850626 -27.63539023347937 PINHOLE 1280 1024 1023.423095703125 1023.2269287109375 595.927734375 510.6470947265625
dataset_9_undistorted/keyframe_0_frame_000460.png 0.5990227900258966 -0.800727647021915 -0.0029935863597466378 0.7957221281203799 0.5948531277002993 0.11390739779489671 -0.08942881612409513 -0.07061479852695832 0.9934870296873887 -0.18133936706624354 6.878406590286431 -27.95687475063437 PINHOLE 1280 1024 1023.423095703125 1023.2269287109375 595.927734375 510.6470947265625
dataset_9_undistorted/keyframe_0_frame_000462.png 0.6012141304395788 -0.7990865009543668 -0.0020755396066045066 0.7937978180286559 0.5969337548830097 0.1164200226193476 -0.09179160504692493 -0.07164072900839978 0.9931983616531906 -0.11295302075905056 7.0857635370800836 -28.56014482033345 PINHOLE 1280 1024 1023.423095703125 1023.2269287109375 595.927734375 510.6470947265625
dataset_9_undistorted/keyframe_0_frame_000465.png 0.6090350242407141 -0.793142235700746 -0.0018995983149878053 0.7872922524515108 0.6042502561687061 0.1226828337418662 -0.09615803839253824 -0.07621331934413013 0.9924444754839474 -0.12497745028974805 7.400376126699484 -29.193630966965884 PINHOLE 1280 1024 1023.423095703125 1023.2269287109375 595.927734375 510.6470947265625
dataset_9_undistorted/keyframe_0_frame_000467.png 0.6137591996682247 -0.7894912236326544 -0.0022575468356590134 0.7833145765006186 0.6085959725808102 0.12659979560642987 -0.09857634938380731 -0.07947000241844941 0.9919510887250572 -0.13706010846817662 7.644919528835089 -29.68632948957668 PINHOLE 1280 1024 1023.423095703125 1023.2269287109375 595.927734375 510.6470947265625
dataset_9_undistorted/keyframe_0_frame_000469.png 0.6142212106077191 -0.7891304186589647 -0.002705471548169798 0.782734865234501 0.6088016799288247 0.12916897996298699 -0.10028499651547884 -0.0814557341772099 0.9916191645896647 -0.15574608734232243 7.856302577881252 -30.204336881336303 PINHOLE 1280 1024 1023.423095703125 1023.2269287109375 595.927734375 510.6470947265625
dataset_9_undistorted/keyframe_0_frame_000470.png 0.6140193322766542 -0.7892871634360449 -0.002917136729964862 0.7828535336294385 0.6085360759938497 0.1297041835990152 -0.10059951701110668 -0.08192425871662021 0.9915488307683159 -0.1767382543118856 7.832198774946619 -30.462616532477114 PINHOLE 1280 1024 1023.423095703125 1023.2269287109375 595.927734375 510.6470947265625
dataset_9_undistorted/keyframe_0_frame_000473.png 0.6133978674989508 -0.7897682320732206 -0.003448388357695559 0.7832934905499759 0.6078002830151573 0.13049508036410482 -0.10096575238741805 -0.08274617173415448 0.9914432423199236 -0.20894930727411065 7.880077328551806 -31.459142016560122 PINHOLE 1280 1024 1023.423095703125 1023.2269287109375 595.927734375 510.6470947265625
dataset_9_undistorted/keyframe_0_frame_000476.png 0.6142586021653191 -0.7890964551808525 -0.003959828227361307 0.7825239873041925 0.6084812986397542 0.1319293168062754 -0.10169631162687895 -0.0841368750783654 0.9912514123929603 -0.23981995054646177 7.966683115143269 -32.5679770168789 PINHOLE 1280 1024 1023.423095703125 1023.2269287109375 595.927734375 510.6470947265625
dataset_9_undistorted/keyframe_0_frame_000478.png 0.6161652719474706 -0.7876064198172524 -0.004359454817528818 0.78091167339664 0.6101894810111443 0.13358294907853557 -0.10255161702209396 -0.08571322088452078 0.9910282543261804 -0.2555235011652712 8.122850397298407 -33.35424175026799 PINHOLE 1280 1024 1023.423095703125 1023.2269287109375 595.927734375 510.6470947265625
dataset_9_undistorted/keyframe_0_frame_000479.png 0.6176876862210624 -0.7864120731690776 -0.004504712061277277 0.7796517206272903 0.6116085923534015 0.13444919467769825 -0.10297824276657988 -0.08655949257334375 0.9909104866000014 -0.2727953882009615 8.118892623019974 -33.74979667398304 PINHOLE 1280 1024 1023.423095703125 1023.2269287109375 595.927734375 510.6470947265625
dataset_9_undistorted/keyframe_0_frame_000480.png 0.6192760778893783 -0.7851610336953981 -0.004674297995276996 0.7783251877522623 0.6130796727547777 0.1354330355701373 -0.10347193759430234 -0.0875080209477752 0.9907762132450864 -0.2829496428078073 8.17823559753083 -34.155053336898504 PINHOLE 1280 1024 1023.423095703125 1023.2269287109375 595.927734375 510.6470947265625
dataset_9_undistorted/keyframe_0_frame_000483.png 0.6243948716763894 -0.7810933626592621 -0.005120105419133603 0.7740406873556838 0.6178521289226594 0.13826866397797177 -0.10483826272155815 -0.09029707806270339 0.9903820752068113 -0.319598662613771 8.341647774819421 -35.22625268447803 PINHOLE 1280 1024 1023.423095703125 1023.2269287109375 595.927734375 510.6470947265625
dataset_9_undistorted/keyframe_0_frame_000484.png 0.6260541893883442 -0.7797620468411895 -0.005321869347924999 0.7726442497062173 0.6193897159181817 0.1391921105939058 -0.10524141309804134 -0.09125351047062502 0.9902507842785602 -0.3222442953455129 8.405401247092186 -35.48538270942629 PINHOLE 1280 1024 1023.423095703125 1023.2269287109375 595.927734375 510.6470947265625
dataset_9_undistorted/keyframe_0_frame_000485.png 0.6274226475530462 -0.7786607460285281 -0.005546067368096576 0.7714809608139872 0.6206413271718585 0.14007186408648467 -0.1056272973521706 -0.09216257367536936 0.9901264691216964 -0.32634144070516413 8.514462455523699 -35.72602165668468 PINHOLE 1280 1024 1023.423095703125 1023.2269287109375 595.927734375 510.6470947265625
dataset_9_undistorted/keyframe_0_frame_000489.png 0.6326018562170594 -0.7744396284571691 -0.00776548855490749 0.7669474191219625 0.6250254833516088 0.14537230131276863 -0.10772939283066651 -0.09791808789161652 0.9893468560238537 -0.4795324405192787 8.770808161165633 -36.89884800507855 PINHOLE 1280 1024 1023.423095703125 1023.2269287109375 595.927734375 510.6470947265625
dataset_9_undistorted/keyframe_0_frame_000490.png 0.6330157025967651 -0.7740962588729161 -0.008261264048617134 0.7665543419988099 0.6252874513333344 0.14631510374681342 -0.10809716331389414 -0.09895211757998527 0.9892034637318525 -0.4996477666767305 8.835436319167911 -37.148257730108185 PINHOLE 1280 1024 1023.423095703125 1023.2269287109375 595.927734375 510.6470947265625
dataset_9_undistorted/keyframe_0_frame_000494.png 0.6347001584710983 -0.7727197772354432 -0.007875587867733121 0.7649248025911111 0.6267853265840271 0.14841879472949465 -0.10975082423741868 -0.10022518146393489 0.9888931089999773 -0.46670718404516265 9.018569320077177 -38.208994280454476 PINHOLE 1280 1024 1023.423095703125 1023.2269287109375 595.927734375 510.6470947265625
dataset_9_undistorted/keyframe_0_frame_000495.png 0.6342994168416026 -0.7730513458584993 -0.007611394451323408 0.7651850488570724 0.6263806806869487 0.14878460882824746 -0.1102514300036201 -0.1001974876484366 0.9888401487773552 -0.46058887478113775 9.032920530765978 -38.56465821127517 PINHOLE 1280 1024 1023.423095703125 1023.2269287109375 595.927734375 510.6470947265625
dataset_9_undistorted/keyframe_0_frame_000496.png 0.632881211020263 -0.7742146055029802 -0.007440260600701358 0.766260251426113 0.6249450122347668 0.14928873527600076 -0.11093274667214724 -0.10018286045072114 0.9887654763856742 -0.4405533726244357 9.07111387386658 -38.898126637680775 PINHOLE 1280 1024 1023.423095703125 1023.2269287109375 595.927734375 510.6470947265625
dataset_9_undistorted/keyframe_0_frame_000497.png 0.631645235409652 -0.7752249042984996 -0.007274876116153341 0.7671922280773902 0.6236957556222535 0.1497256730137009 -0.1115347172794991 -0.10015429051521507 0.9887006343500275 -0.4401508848724234 9.04139582980929 -39.17804762846424 PINHOLE 1280 1024 1023.423095703125 1023.2269287109375 595.927734375 510.6470947265625
dataset_9_undistorted/keyframe_0_frame_000498.png 0.6300110913176656 -0.7765538062494491 -0.007264817668457173 0.7684186671544805 0.6220042088303719 0.1504717529436661 -0.11233162956017238 -0.10038069309003385 0.9885876094621254 -0.43014062048189317 9.142563376185535 -39.41503034687014 PINHOLE 1280 1024 1023.423095703125 1023.2269287109375 595.927734375 510.6470947265625
dataset_9_undistorted/keyframe_0_frame_000500.png 0.6222261890925713 -0.7827915311381716 -0.008625509275322402 0.7745728682854879 0.6140231673746323 0.1516926812557532 -0.11344856535794312 -0.10106777731244626 0.9883905823538187 -0.5313619943351569 9.152244877102476 -39.86321200240866 PINHOLE 1280 1024 1023.423095703125 1023.2269287109375 595.927734375 510.6470947265625
dataset_9_undistorted/keyframe_0_frame_000502.png 0.6156130525974876 -0.7879842671074652 -0.010170769473913722 0.7797984340353414 0.6072542472059155 0.15216675894095127 -0.11372981476605742 -0.10160636194798937 0.9883023073758725 -0.6246907283536984 9.180822969100518 -40.19736873854754 PINHOLE 1280 1024 1023.423095703125 1023.2269287109375 595.927734375 510.6470947265625
dataset_9_undistorted/keyframe_0_frame_000503.png 0.6114576097783879 -0.7912015960248133 -0.011026782457253302 0.7830564677687797 0.6030420859905571 0.15218626928356407 -0.11376139262340043 -0.10168960711177379 0.9882901247098433 -0.6667791587078682 9.190040901667771 -40.33609048808694 PINHOLE 1280 1024 1023.423095703125 1023.2269287109375 595.927734375 510.6470947265625
dataset_9_undistorted/keyframe_0_frame_000505.png 0.6043994363719067 -0.7965827173216258 -0.01259663197652617 0.7885565992823153 0.5959080282522 0.15188479418822032 -0.11348344490721297 -0.1017318773089193 0.9883175571957054 -0.753975547637765 9.228158380412424 -40.50498640165347 PINHOLE 1280 1024 1023.423095703125 1023.2269287109375 595.927734375 510.6470947265625
dataset_9_undistorted/keyframe_0_frame_000506.png 0.6005364061355384 -0.7994837156925741 -0.013555376489172587 0.7915604024472137 0.5920163121518545 0.1514800823390203 -0.11308182142199895 -0.10169865677158832 0.988367039954175 -0.8194845583595907 9.14739236038713 -40.52282907240283 PINHOLE 1280 1024 1023.423095703125 1023.2269287109375 595.927734375 510.6470947265625
dataset_9_undistorted/keyframe_0_frame_000508.png 0.5921856988086285 -0.8056535121263971 -0.015526097970773025 0.7979570319716642 0.5836293916045829 0.15046469382261127 -0.11216181536842473 -0.10149180502057588 0.9884933679009562 -0.9384125891065196 9.086030081659601 -40.47405147681877 PINHOLE 1280 1024 1023.423095703125 1023.2269287109375 595.927734375 510.6470947265625
dataset_9_undistorted/keyframe_0_frame_000510.png 0.5851355899645262 -0.810758990206873 -0.016998157624015808 0.8032828322239024 0.5766134598913877 0.14917133018046333 -0.11114157274970407 -0.10093928333302435 0.9886657218248158 -1.0272658083001716 9.00785741663617 -40.28654925990509 PINHOLE 1280 1024 1023.423095703125 1023.2269287109375 595.927734375 510.6470947265625
dataset_9_undistorted/keyframe_0_frame_000512.png 0.5791605724466562 -0.8150176125026168 -0.017918236598095 0.8077140237810944 0.5707188623582028 0.14790468033483994 -0.11031958282375594 -0.10013280146948426 0.9888390653579817 -1.0828230785830328 8.93138823038089 -40.12547580276407 PINHOLE 1280 1024 1023.423095703125 1023.2269287109375 595.927734375 510.6470947265625
dataset_9_undistorted/keyframe_0_frame_000513.png 0.5739919433576538 -0.8186563419495974 -0.018369553529208302 0.8114695599350217 0.5656603279413489 0.14677698490019067 -0.10976996832789164 -0.09915473687197508 0.9889991484163664 -1.1046086612025192 8.919899524852326 -40.02176891012607 PINHOLE 1280 1024 1023.423095703125 1023.2269287109375 595.927734375 510.6470947265625
dataset_9_undistorted/keyframe_0_frame_000514.png 0.5714000004994725 -0.8204636655911348 -0.018540512427314807 0.8133409372280603 0.563137917956062 0.1461176546843465 -0.10944426622502425 -0.09857092306206855 0.9890934387069973 -1.1203742365958078 8.823431400992376 -39.97507074398027 PINHOLE 1280 1024 1023.423095703125 1023.2269287109375 595.927734375 510.6470947265625
dataset_9_undistorted/keyframe_0_frame_000515.png 0.5665043590730258 -0.8238451330672801 -0.018817528199975193 0.816841896417625 0.5583807626681004 0.14483761384249186 -0.10881741448370114 -0.09742171531832713 0.9892765327563654 -1.132209574202534 8.802831629835282 -39.92109561012944 PINHOLE 1280 1024 1023.423095703125 1023.2269287109375 595.927734375 510.6470947265625
dataset_9_undistorted/keyframe_0_frame_000517.png 0.5610379490461213 -0.8275697309795635 -0.01913981628684286 0.8207213723004477 0.5530834356271772 0.14322222026550033 -0.10794149463239405 -0.0960614569044647 0.9895055614575703 -1.1656559705156724 8.640026741568818 -39.907624086917394 PINHOLE 1280 1024 1023.423095703125 1023.2269287109375 595.927734375 510.6470947265625
dataset_9_undistorted/keyframe_0_frame_000520.png 0.5498976369139223 -0.8350170862027685 -0.019030681676054133 0.8286100556643659 0.5425323564214812 0.13806780278782924 -0.10496507545061748 -0.09169169431811079 0.9902402979739668 -1.1551143586618764 8.385398887398196 -40.14982793154445 PINHOLE 1280 1024 1023.423095703125 1023.2269287109375 595.927734375 510.6470947265625
dataset_9_undistorted/keyframe_0_frame_000522.png 0.5472541115311048 -0.8367484649237665 -0.019174258753538957 0.830755123234545 0.5402644581680737 0.1340108862848919 -0.10177509805260594 -0.08926672650109478 0.9907949551430307 -1.1584828865350119 8.092326867114934 -40.605874723296324 PINHOLE 1280 1024 1023.423095703125 1023.2269287109375 595.927734375 510.6470947265625
dataset_9_undistorted/keyframe_0_frame_000525.png 0.5574005834186936 -0.8300272900510407 -0.019037291348409747 0.8243306519069009 0.5505534899634004 0.13179151856224405 -0.09891037136670355 -0.08915327884742555 0.9910951900365174 -1.1460008965154884 8.015073665416367 -41.20762969340524 PINHOLE 1280 1024 1023.423095703125 1023.2269287109375 595.927734375 510.6470947265625
dataset_9_undistorted/keyframe_0_frame_000526.png 0.560020285947681 -0.8282651628000495 -0.01886905945817243 0.8225865990150151 0.5531820030392378 0.13167793030832298 -0.09862717773919144 -0.08926365786971563 0.9911134680419331 -1.135690646922967 8.008232274404918 -41.29954435329671 PINHOLE 1280 1024 1023.423095703125 1023.2269287109375 595.927734375 510.6470947265625
dataset_9_undistorted/keyframe_0_frame_000527.png 0.5626817521797995 -0.8264630209671465 -0.018726570193607232 0.8208027834429354 0.5558475686428636 0.13158704916635086 -0.09834347085109109 -0.08941205911255679 0.9911282916759165 -1.131491953637351 7.946015933762055 -41.397393905357035 PINHOLE 1280 1024 1023.423095703125 1023.2269287109375 595.927734375 510.6470947265625
dataset_9_undistorted/keyframe_0_frame_000528.png 0.5654193001415917 -0.8245952989505317 -0.01858497880403941 0.8189446417126355 0.5585795394265846 0.13159291494037653 -0.0981306080344482 -0.0896249265340523 0.9911299132374612 -1.1182604863017787 8.003147087224761 -41.500029998533705 PINHOLE 1280 1024 1023.423095703125 1023.2269287109375 595.927734375 510.6470947265625
dataset_9_undistorted/keyframe_0_frame_000529.png 0.5695110728531898 -0.8217768578836945 -0.01849418863603082 0.8161624620189849 0.5626613169829047 0.13148969541823113 -0.09765000974788661 -0.08997868307907143 0.991144984925219 -1.1175588145270012 7.940195622170677 -41.71049776307302 PINHOLE 1280 1024 1023.423095703125 1023.2269287109375 595.927734375 510.6470947265625
dataset_9_undistorted/keyframe_0_frame_000532.png 0.5794998841867934 -0.8147817728824185 -0.017671675908910573 0.8092008752869043 0.5726845664174879 0.13124257156846567 -0.09681458421472885 -0.09035471304772713 0.991192846539635 -1.0678209862580843 7.925269918874392 -42.08018108114686 PINHOLE 1280 1024 1023.423095703125 1023.2269287109375 595.927734375 510.6470947265625
dataset_9_undistorted/keyframe_0_frame_000537.png 0.5948335875496112 -0.8036838706692098 -0.016337292166003027 0.7982175481702486 0.5881429708324982 0.13013402483116557 -0.09497872851565232 -0.09044839356113432 0.9913620007311109 -0.987276194923993 7.858381804481496 -42.596334988076705 PINHOLE 1280 1024 1023.423095703125 1023.2269287109375 595.927734375 510.6470947265625
dataset_9_undistorted/keyframe_0_frame_000538.png 0.5988128680073569 -0.8007316696301024 -0.01590576607616111 0.795287147718993 0.5921623169128416 0.1298452920609492 -0.09455324089711284 -0.0904024255828559 0.9914064344420296 -0.9612533800725487 7.84093277371403 -42.69495219923158 PINHOLE 1280 1024 1023.423095703125 1023.2269287109375 595.927734375 510.6470947265625
dataset_9_undistorted/keyframe_0_frame_000541.png 0.6113244732024277 -0.7912474843773475 -0.014568745111947112 0.7859381880374007 0.6048629526965266 0.12822385768088282 -0.09264544881907195 -0.08983600079832411 0.9916388678956437 -0.8802997493060047 7.742873463469778 -43.04777994529468 PINHOLE 1280 1024 1023.423095703125 1023.2269287109375 595.927734375 510.6470947265625
dataset_9_undistorted/keyframe_0_frame_000543.png 0.6173806030133917 -0.7865413181581429 -0.01399477584765252 0.7813127837221054 0.6110123448728226 0.1273309483546132 -0.09160082639547441 -0.08954583894448366 0.9917621139468823 -0.8457007614064196 7.689076395736265 -43.20534825911659 PINHOLE 1280 1024 1023.423095703125 1023.2269287109375 595.927734375 510.6470947265625
dataset_9_undistorted/keyframe_0_frame_000545.png 0.6252634505712098 -0.780304763902906 -0.01310428793672156 0.775150959109297 0.6190127681185883 0.12634412843330675 -0.09047592171349829 -0.08915586914837899 0.9919000006033643 -0.7919534753863218 7.629481841353936 -43.36086438436689 PINHOLE 1280 1024 1023.423095703125 1023.2269287109375 595.927734375 510.6470947265625
dataset_9_undistorted/keyframe_0_frame_000550.png 0.6442152896547002 -0.7647651596712745 -0.01108863994294525 0.7599146301281818 0.6383524650930336 0.1226181058623531 -0.08669622576494998 -0.08741842843783265 0.9923922426091925 -0.6702719076417907 7.4045766943409035 -43.634076622423436 PINHOLE 1280 1024 1023.423095703125 1023.2269287109375 595.927734375 510.6470947265625
dataset_9_undistorted/keyframe_0_frame_000555.png 0.6632377839532756 -0.7483521084986267 -0.0093014380107133 0.7439512881592223 0.6578831781770031 0.11715740324476813 -0.08155643141038242 -0.08462270740320835 0.9930704241215698 -0.5723330814902283 7.067520913932867 -43.68423972220114 PINHOLE 1280 1024 1023.423095703125 1023.2269287109375 595.927734375 510.6470947265625
dataset_9_undistorted/keyframe_0_frame_000557.png 0.6715462520043854 -0.7409168126228534 -0.008343672553470984 0.7366744793439809 0.6664081400977205 0.1149358425073476 -0.07959817848045557 -0.0833309870868599 0.9933381518765877 -0.5043548853393531 6.9406129815452005 -43.66575292828759 PINHOLE 1280 1024 1023.423095703125 1023.2269287109375 595.927734375 510.6470947265625
dataset_9_undistorted/keyframe_0_frame_000560.png 0.6816360736585418 -0.7316568206595436 -0.00721634879364042 0.7276241364922201 0.6767761872266987 0.11196727399260265 -0.07703838171609916 -0.08157155192289686 0.9936861719231851 -0.4363001984601169 6.7613959447971865 -43.6380093752806 PINHOLE 1280 1024 1023.423095703125 1023.2269287109375 595.927734375 510.6470947265625
dataset_9_undistorted/keyframe_0_frame_000565.png 0.7010694398852593 -0.7130776643409956 -0.004775905852691767 0.7093358197256948 0.6966738905788634 0.10717821328126127 -0.07309972421620206 -0.07852689479347237 0.9942285373411935 -0.2831320403374775 6.470883466439318 -43.6157173988787 PINHOLE 1280 1024 1023.423095703125 1023.2269287109375 595.927734375 510.6470947265625
dataset_9_undistorted/keyframe_0_frame_000566.png 0.7063431352715804 -0.7078577477826802 -0.004219148660540689 0.704158528982223 0.7020186339485526 0.1064411000340969 -0.0723838302443741 -0.07815454398928667 0.9943101745536066 -0.2553414758690451 6.427800286407546 -43.604175803377984 PINHOLE 1280 1024 1023.423095703125 1023.2269287109375 595.927734375 510.6470947265625
dataset_9_undistorted/keyframe_0_frame_000569.png 0.7150486918531159 -0.699067216055825 -0.003519549228210191 0.6954631015451259 0.7108345406586356 0.10509883660860378 -0.07096983316930447 -0.07759809672953598 0.9944561712199472 -0.21294564815195827 6.346598339674756 -43.65065419452765 PINHOLE 1280 1024 1023.423095703125 1023.2269287109375 595.927734375 510.6470947265625
dataset_9_undistorted/keyframe_0_frame_000570.png 0.7170446385185123 -0.6970199348869958 -0.003374519915306627 0.6934445655956809 0.7128613951132287 0.10470436953160593 -0.07057604684407957 -0.07741772190141658 0.9944981440494404 -0.2042602016121009 6.3228112290016725 -43.66821477677183 PINHOLE 1280 1024 1023.423095703125 1023.2269287109375 595.927734375 510.6470947265625
dataset_9_undistorted/keyframe_0_frame_000572.png 0.7217610136854042 -0.6921359177285672 -0.003025060195437576 0.6886239712482207 0.7176459538389093 0.10382561249940185 -0.06969112072825814 -0.07702037921682951 0.9945907160510954 -0.18320640802994603 6.2699270800899285 -43.70608432616973 PINHOLE 1280 1024 1023.423095703125 1023.2269287109375 595.927734375 510.6470947265625
dataset_9_undistorted/keyframe_0_frame_000575.png 0.7311855496118914 -0.6821743558132758 -0.0025832690775141965 0.6788697021641696 0.7272612788588948 0.1011234565596621 -0.06710553323673116 -0.07569350916308036 0.9948704278189165 -0.1565062213320516 6.106792631730968 -43.780915437370595 PINHOLE 1280 1024 1023.423095703125 1023.2269287109375 595.927734375 510.6470947265625
dataset_9_undistorted/keyframe_0_frame_000576.png 0.7346328724039525 -0.6784614026791927 -0.002423843043236494 0.6752378369167931 0.7307866705432724 0.10002402924278797 -0.06609161867881681 -0.07511712477507729 0.9949825732590066 -0.15753112642232736 6.034070883874165 -43.78420638226771 PINHOLE 1280 1024 1023.423095703125 1023.2269287109375 595.927734375 510.6470947265625
dataset_9_undistorted/keyframe_0_frame_000577.png 0.737256367237759 -0.6756099729483745 -0.002401234225865189 0.6724660934969272 0.7334745500266374 0.09901656007213815 -0.0651357309401983 -0.0746149127340941 0.9950827850859392 -0.14555190169824073 5.97956277254616 -43.77486009828408 PINHOLE 1280 1024 1023.423095703125 1023.2269287109375 595.927734375 510.6470947265625
dataset_9_undistorted/keyframe_0_frame_000581.png 0.7472875045171793 -0.664498544712059 -0.0020545908979544753 0.6616026748806507 0.7437371510047371 0.09558725631013446 -0.061990033962482205 -0.07279022006684463 0.9954193311147387 -0.10615124611160809 5.826167483422751 -43.74493487415509 PINHOLE 1280 1024 1023.423095703125 1023.2269287109375 595.927734375 510.6470947265625
dataset_9_undistorted/keyframe_0_frame_000588.png 0.7680935735407531 -0.6403345681249691 -0.002120365749016366 0.6379947103834885 0.7649969006803452 0.08799238926554599 -0.05472288584854738 -0.06893892966263214 0.9961192291607173 -0.12839052113986327 5.313754209078752 -43.77292184870805 PINHOLE 1280 1024 1023.423095703125 1023.2269287109375 595.927734375 510.6470947265625
dataset_9_undistorted/keyframe_0_frame_000592.png 0.7794011939082116 -0.6265188395840053 -0.0027604485307359907 0.6244913890798599 0.7765101238688822 0.08391165358465986 -0.0504291396835159 -0.06712481606566202 0.9964691877148361 -0.16701983056043446 5.067346611736866 -43.823604383668226 PINHOLE 1280 1024 1023.423095703125 1023.2269287109375 595.927734375 510.6470947265625
dataset_9_undistorted/keyframe_0_frame_000595.png 0.7864333392691022 -0.6176651405562077 -0.0035835226160961077 0.6158596463343443 0.7836640032507505 0.08115942771846696 -0.04732129185296269 -0.06603322214092357 0.996694362247205 -0.21675337566807684 4.901240564178124 -43.79900986506425 PINHOLE 1280 1024 1023.423095703125 1023.2269287109375 595.927734375 510.6470947265625
dataset_9_undistorted/keyframe_0_frame_000602.png 0.7807101972008528 -0.6248842918421722 -0.0034464293259300993 0.6226291261580277 0.7774015778781428 0.08933192358671121 -0.053143211696513946 -0.07188786054477873 0.9959963080419572 -0.21957819686861058 5.389342614009138 -43.55652627027382 PINHOLE 1280 1024 1023.423095703125 1023.2269287109375 595.927734375 510.6470947265625
dataset_9_undistorted/keyframe_0_frame_000603.png 0.7792026960576675 -0.6267653322025983 -0.003070135575677908 0.6243287838492856 0.7757245638528828 0.09200858518680799 -0.05528650040803363 -0.07360980867669562 0.9957540780953378 -0.18568042351751046 5.556201949299975 -43.47070247179829 PINHOLE 1280 1024 1023.423095703125 1023.2269287109375 595.927734375 510.6470947265625
dataset_9_undistorted/keyframe_0_frame_000604.png 0.7761691859366877 -0.630518542324864 -0.0028985484122388363 0.6279220625750024 0.7725406872671896 0.09431204305863664 -0.05722666792719075 -0.07502203473881029 0.9955388835030629 -0.1753870285569974 5.6953798833471865 -43.385714871998175 PINHOLE 1280 1024 1023.423095703125 1023.2269287109375 595.927734375 510.6470947265625
dataset_9_undistorted/keyframe_0_frame_000605.png 0.7744527986739588 -0.6326256164638605 -0.0028537343892106513 0.6299565838585363 0.7707564675651895 0.09533310683821805 -0.058111009908077355 -0.07562839537794022 0.9954414684258929 -0.1727552715234424 5.757104181410796 -43.34184350711803 PINHOLE 1280 1024 1023.423095703125 1023.2269287109375 595.927734375 510.6470947265625
dataset_9_undistorted/keyframe_0_frame_000606.png 0.7722270688617507 -0.6353419279743558 -0.002593975062607744 0.6325338829634714 0.7684181091830825 0.09712564879246828 -0.0597151938523912 -0.07664358394493068 0.9952683526185091 -0.13104119044282925 5.9167607718034105 -43.275689994497384 PINHOLE 1280 1024 1023.423095703125 1023.2269287109375 595.927734375 510.6470947265625
dataset_9_undistorted/keyframe_0_frame_000607.png 0.7699502755455566 -0.6380994452211765 -0.002517717103950818 0.6351873451909475 0.7660493949497638 0.0985159552624392 -0.06093473334760753 -0.07745151024161612 0.9951327027309742 -0.15249167329477586 5.949272662213616 -43.19978784008549 PINHOLE 1280 1024 1023.423095703125 1023.2269287109375 595.927734375 510.6470947265625
dataset_9_undistorted/keyframe_0_frame_000608.png 0.7679613857937604 -0.6404923815828879 -0.002384451089863012 0.6374928699693744 0.7639952243782976 0.09956701282806872 -0.061950624281453655 -0.07798363642888882 0.9950279019680621 -0.14440007847838388 6.012700768846116 -43.153826706571294 PINHOLE 1280 1024 1023.423095703125 1023.2269287109375 595.927734375 510.6470947265625
dataset_9_undistorted/keyframe_0_frame_000617.png 0.7736530069678474 -0.6336096510097514 0.0009706107220059812 0.628992991403596 0.7681998660699371 0.11931300930512945 -0.07634403251800992 -0.0916961456648178 0.9928559779033677 0.07849217153420796 7.258350446290933 -44.13677121965054 PINHOLE 1280 1024 1023.423095703125 1023.2269287109375 595.927734375 510.6470947265625
dataset_9_undistorted/keyframe_0_frame_000618.png 0.7761060564586983 -0.6306000877020371 0.0021505495414498197 0.6256364543146582 0.7704175403218986 0.12262177272903534 -0.07898269177553248 -0.09382162262312074 0.992451609567056 0.1500445840526936 7.457954585029938 -44.0193382766729 PINHOLE 1280 1024 1023.423095703125 1023.2269287109375 595.927734375 510.6470947265625
dataset_9_undistorted/keyframe_0_frame_000622.png 0.7859465693001165 -0.6182565988951786 0.006932714668876066 0.6122310184783054 0.7797572429177723 0.13096239884026936 -0.0863749223838984 -0.0986846677391823 0.9913632785659722 0.4395794376923732 7.961354307631609 -43.49822757814661 PINHOLE 1280 1024 1023.423095703125 1023.2269287109375 595.927734375 510.6470947265625
dataset_9_undistorted/keyframe_0_frame_000624.png 0.7904666957645516 -0.6124370001605677 0.009203271388210974 0.6060972334218543 0.7842772809561607 0.13249566108463845 -0.08836383682154339 -0.09915516416094897 0.991141283458607 0.5551767855299659 8.00123279275931 -43.31359391309968 PINHOLE 1280 1024 1023.423095703125 1023.2269287109375 595.927734375 510.6470947265625
dataset_9_undistorted/keyframe_0_frame_000634.png 0.8134652102534699 -0.5812280186498867 0.02119541894161332 0.5737492764133464 0.807906803557326 0.13452684735001375 -0.09531549960722278 -0.09727174033481352 0.9906838184047777 1.27925158252674 8.123845198867457 -42.689408121255155 PINHOLE 1280 1024 1023.423095703125 1023.2269287109375 595.927734375 510.6470947265625
dataset_9_undistorted/keyframe_0_frame_000635.png 0.815416282595535 -0.5784644505564808 0.021828103207792632 0.5709706004806843 0.8099212028514762 0.13423829815641644 -0.0953319372344578 -0.0969964553348602 0.99070915986027 1.305988060255686 8.101582818694851 -42.682850991541954 PINHOLE 1280 1024 1023.423095703125 1023.2269287109375 595.927734375 510.6470947265625
dataset_9_undistorted/keyframe_0_frame_000636.png 0.8175768633280284 -0.575378739539879 0.022556569163592406 0.5678606671572888 0.8121490337986478 0.1339698681123588 -0.09540354507190923 -0.09672137679084868 0.9907289570788556 1.3859436469599586 8.141566995881249 -42.67813074750006 PINHOLE 1280 1024 1023.423095703125 1023.2269287109375 595.927734375 510.6470947265625
dataset_9_undistorted/keyframe_0_frame_000638.png 0.8235097494775968 -0.5667828698544316 0.024283709342607967 0.559220003813516 0.8182346194752907 0.13328207297357408 -0.09541265926987219 -0.09617886901094862 0.9907807513515872 1.4906956071050672 8.099864803427181 -42.67828840664936 PINHOLE 1280 1024 1023.423095703125 1023.2269287109375 595.927734375 510.6470947265625
dataset_9_undistorted/keyframe_0_frame_000639.png 0.825770969004994 -0.5634548885577823 0.02492755072580895 0.5558876021792739 0.8205637512819587 0.13290336088173235 -0.09534060129309464 -0.09589069928670489 0.990815980734797 1.4931017627388883 8.02123096134983 -42.690422464951666 PINHOLE 1280 1024 1023.423095703125 1023.2269287109375 595.927734375 510.6470947265625
dataset_9_undistorted/keyframe_0_frame_000640.png 0.828365955030204 -0.5595982379593171 0.025702365210462257 0.5520176236939148 0.8232344181595195 0.13251893058377867 -0.09531727435963509 -0.09558575896816063 0.9908479877914317 1.5514635502066767 8.002457961947812 -42.7176351943225 PINHOLE 1280 1024 1023.423095703125 1023.2269287109375 595.927734375 510.6470947265625
dataset_9_undistorted/keyframe_0_frame_000642.png 0.8344843769447808 -0.5503458689744135 0.027499421192460034 0.5427499246566528 0.8295387698001677 0.1314787174844734 -0.09517138475296325 -0.09479147108389556 0.9909373755342834 1.6598962168804974 7.939894773174046 -42.82575983764514 PINHOLE 1280 1024 1023.423095703125 1023.2269287109375 595.927734375 510.6470947265625
dataset_9_undistorted/keyframe_0_frame_000644.png 0.8385572665324682 -0.5440519178155443 0.02882212259411936 0.5364924017824769 0.8338050756986434 0.13017383480183833 -0.09485409063149276 -0.09369501490439507 0.9910726683607934 1.73985764066731 7.86097393300679 -42.982772552402366 PINHOLE 1280 1024 1023.423095703125 1023.2269287109375 595.927734375 510.6470947265625
dataset_9_undistorted/keyframe_0_frame_000646.png 0.8434528282081339 -0.5363491738071917 0.0302935612877926 0.5288504140387305 0.8389238143894666 0.12854350019325916 -0.0943590047496406 -0.09239943447748909 0.9912414808917726 1.828728732633067 7.762516831667426 -43.20427128292283 PINHOLE 1280 1024 1023.423095703125 1023.2269287109375 595.927734375 510.6470947265625
dataset_9_undistorted/keyframe_0_frame_000647.png 0.8449842069320268 -0.5339066992251192 0.03075281810643695 0.5264583339954781 0.8405545615520145 0.12770399953648592 -0.09403228622947862 -0.09171770639693871 0.9913353544952989 1.8564219069465935 7.711871462568524 -43.34630149017369 PINHOLE 1280 1024 1023.423095703125 1023.2269287109375 595.927734375 510.6470947265625
dataset_9_undistorted/keyframe_0_frame_000648.png 0.8480281680871973 -0.5290092724869409 0.03159786741134743 0.5216748402384128 0.8437962398457735 0.12594566101399488 -0.0932893422594959 -0.09032128888149302 0.9915336140425822 1.9346817620898946 7.655717849528401 -43.71428056757793 PINHOLE 1280 1024 1023.423095703125 1023.2269287109375 595.927734375 510.6470947265625
dataset_9_undistorted/keyframe_0_frame_000650.png 0.8505584568727693 -0.524899517850819 0.032125615058693824 0.5176959504818365 0.8464931448229475 0.12425514757355433 -0.092416396103037 -0.08905450924545048 0.9917299278976829 1.966827506074992 7.553442524690809 -44.20495238276442 PINHOLE 1280 1024 1023.423095703125 1023.2269287109375 595.927734375 510.6470947265625
dataset_9_undistorted/keyframe_0_frame_000652.png 0.8535634816900849 -0.5199701266190391 0.03258646858465171 0.5128935081760847 0.8496394519140701 0.12269270011895954 -0.09148405326610307 -0.08801209467314956 0.9919100592739107 1.9950071758194667 7.458876897669825 -44.7954322062011 PINHOLE 1280 1024 1023.423095703125 1023.2269287109375 595.927734375 510.6470947265625
dataset_9_undistorted/keyframe_0_frame_000660.png 0.8719079786747262 -0.4883571239448366 0.035846283884967446 0.4816349705760234 0.8685076623673081 0.11714138297472518 -0.08834027399851566 -0.08487129272994617 0.9924683809813333 2.164084515620061 7.073962451714806 -47.54265954755408 PINHOLE 1280 1024 1023.423095703125 1023.2269287109375 595.927734375 510.6470947265625
dataset_9_undistorted/keyframe_0_frame_000662.png 0.8758448532093156 -0.48122518898905675 0.03632408242959957 0.47460806691361074 0.87254620170329 0.1158057325969032 -0.08742375779533086 -0.08418767104337739 0.992607989560243 2.192959116214695 6.993315635254248 -48.11517160696917 PINHOLE 1280 1024 1023.423095703125 1023.2269287109375 595.927734375 510.6470947265625
dataset_9_undistorted/keyframe_0_frame_000667.png 0.8853517157924394 -0.4634438373318001 0.0370467391163218 0.45716477645588494 0.8823081299953894 0.11194678781362341 -0.08456840465552422 -0.08217576945784379 0.9930234724393601 2.2366223808418226 6.760327321718933 -49.0791605813215 PINHOLE 1280 1024 1023.423095703125 1023.2269287109375 595.927734375 510.6470947265625
dataset_9_undistorted/keyframe_0_frame_000669.png 0.8886763379529845 -0.4570338801195256 0.03708330839398543 0.4509371983985519 0.8857509497482352 0.11000588373117005 -0.08312369100248096 -0.0810370189108244 0.9932394260643251 2.238799287338111 6.643131106656256 -49.336682012969504 PINHOLE 1280 1024 1023.423095703125 1023.2269287109375 595.927734375 510.6470947265625
dataset_9_undistorted/keyframe_0_frame_000670.png 0.8911525737860588 -0.45218015826451496 0.037160552944646555 0.4462110133636753 0.8883159615457157 0.10858674374335558 -0.08211172595126993 -0.08018570992499047 0.9933925409054293 2.243475656780447 6.557423517654797 -49.46694400381364 PINHOLE 1280 1024 1023.423095703125 1023.2269287109375 595.927734375 510.6470947265625
dataset_9_undistorted/keyframe_0_frame_000671.png 0.892878708932837 -0.44876225971765543 0.03715189569394317 0.4428902810803318 0.8901025210427186 0.10754400628612688 -0.08133137273641937 -0.0795693176794093 0.9935064384215231 2.2429872211323527 6.494431746131568 -49.55168108400312 PINHOLE 1280 1024 1023.423095703125 1023.2269287109375 595.927734375 510.6470947265625
dataset_9_undistorted/keyframe_0_frame_000672.png 0.8946519191738245 -0.4452079788777494 0.03726479261936488 0.43940928541297 0.891930672940609 0.10667060720653003 -0.08072884877883162 -0.07905809843031195 0.9935957311944178 2.24977014271974 6.441865097765003 -49.597621058635696 PINHOLE 1280 1024 1023.423095703125 1023.2269287109375 595.927734375 510.6470947265625
dataset_9_undistorted/keyframe_0_frame_000676.png 0.894805417136447 -0.4447649902292271 0.03883485729570888 0.43923304316966805 0.8925763855157127 0.10189367008600915 -0.07998244414801285 -0.07411714654487717 0.9940374383226278 2.3446590261685287 6.153165815773718 -49.436718535614546 PINHOLE 1280 1024 1023.423095703125 1023.2269287109375 595.927734375 510.6470947265625
dataset_9_undistorted/keyframe_0_frame_000680.png 0.8885116373669003 -0.4573544921535502 0.03707131941752982 0.4522224601704433 0.8864948220336051 0.0980877038231761 -0.07772507370217248 -0.07038711742441847 0.9944870016607796 2.226117539596885 5.9203789125260755 -49.47151250326317 PINHOLE 1280 1024 1023.423095703125 1023.2269287109375 595.927734375 510.6470947265625
dataset_9_undistorted/keyframe_0_frame_000681.png 0.8872281254084413 -0.4598831319690129 0.03652416766635617 0.4548149045912893 0.8852118693092962 0.09768713176637331 -0.07725705906201717 -0.07005888441566076 0.994546763809157 2.2362162167689803 5.946902935432945 -49.50892297221105 PINHOLE 1280 1024 1023.423095703125 1023.2269287109375 595.927734375 510.6470947265625
dataset_9_undistorted/keyframe_0_frame_000683.png 0.883556082369772 -0.4670498183785537 0.03455131078879871 0.4622227801990991 0.8815382192818417 0.09612534197821043 -0.07535425315096382 -0.06896135294617647 0.9947693479960337 2.085921726438869 5.805011705777133 -49.67825630203686 PINHOLE 1280 1024 1023.423095703125 1023.2269287109375 595.927734375 510.6470947265625
dataset_9_undistorted/keyframe_0_frame_000688.png 0.8750857558074339 -0.48306680499501414 0.029540083005617012 0.47881614881419154 0.8730387433743171 0.09240480471464092 -0.07042785832320886 -0.0667175727990488 0.9952834169213762 1.7833830114576585 5.5802391809324945 -50.060193477393796 PINHOLE 1280 1024 1023.423095703125 1023.2269287109375 595.927734375 510.6470947265625
dataset_9_undistorted/keyframe_0_frame_000692.png 0.8693696160241731 -0.4933177020589264 0.028891082114886602 0.48939264550542266 0.8676102413396993 0.08802021399773009 -0.06848869739336384 -0.06238275495256251 0.9957000510382422 1.7492701219160267 5.3128053607938455 -49.97585128213029 PINHOLE 1280 1024 1023.423095703125 1023.2269287109375 595.927734375 510.6470947265625
dataset_9_undistorted/keyframe_0_frame_000703.png 0.8660735812453257 -0.49897613628458104 0.030658969068703662 0.49480298956508756 0.864351546896233 0.08981337734422408 -0.07131545931074598 -0.0626147574551537 0.9954868568063346 1.851016183436684 5.423618974609326 -47.40710479973097 PINHOLE 1280 1024 1023.423095703125 1023.2269287109375 595.927734375 510.6470947265625
dataset_9_undistorted/keyframe_0_frame_000708.png 0.865349969530502 -0.500088002699877 0.032894209096439316 0.49513020940857067 0.8632392286885084 0.09830210835591743 -0.07755597628225244 -0.06877839121345056 0.9946129186231623 1.985883061232471 5.936376823445926 -47.35522167889326 PINHOLE 1280 1024 1023.423095703125 1023.2269287109375 595.927734375 510.6470947265625
dataset_9_undistorted/keyframe_0_frame_000712.png 0.8599163222094445 -0.5094926959182131 0.03101712431730415 0.5046116389880213 0.857688352957175 0.09868135963777788 -0.07688112943017296 -0.06920570674335742 0.9946359749141614 1.877622817094391 5.9565281668471926 -47.25878389267166 PINHOLE 1280 1024 1023.423095703125 1023.2269287109375 595.927734375 510.6470947265625
dataset_9_undistorted/keyframe_0_frame_000713.png 0.8583797551547627 -0.5120942213192483 0.030736032038368305 0.5072748533459471 0.8561886619541529 0.09804568580634573 -0.07652512259656116 -0.06856847746438283 0.9947074395397721 1.8555936336253467 5.9208073874463025 -47.240454306690594 PINHOLE 1280 1024 1023.423095703125 1023.2269287109375 595.927734375 510.6470947265625
dataset_9_undistorted/keyframe_0_frame_000714.png 0.8567994190078797 -0.5147505525445576 0.030456766361462034 0.5100053504623043 0.8546572482506429 0.09724037957059965 -0.07608525537317017 -0.06778224375871351 0.9947951663631364 1.838732396708508 5.872088772785673 -47.24280850255013 PINHOLE 1280 1024 1023.423095703125 1023.2269287109375 595.927734375 510.6470947265625
dataset_9_undistorted/keyframe_0_frame_000715.png 0.8550818603786442 -0.5176185157716999 0.03012144211286815 0.51295265299491 0.8529867239495614 0.09640310367392921 -0.07559384067788903 -0.06698109344068816 0.9948868194300196 1.8463802408121524 5.871168034074117 -47.264786306205224 PINHOLE 1280 1024 1023.423095703125 1023.2269287109375 595.927734375 510.6470947265625
dataset_9_undistorted/keyframe_0_frame_000716.png 0.8533544490060574 -0.520483005543073 0.029729494931069887 0.5159101557299729 0.851310171777825 0.0954295556477938 -0.07497919669717217 -0.0660972379826062 0.9949922525159244 1.7947825873965826 5.7628375024448815 -47.32056940981295 PINHOLE 1280 1024 1023.423095703125 1023.2269287109375 595.927734375 510.6470947265625
dataset_9_undistorted/keyframe_0_frame_000719.png 0.8479559952061697 -0.5292946333994021 0.02860296746225833 0.5250134745153747 0.8460828773140999 0.0922153712522566 -0.07301023900239001 -0.06317762455241177 0.9953281304242847 1.7268007297918757 5.568661307250977 -47.579577738178045 PINHOLE 1280 1024 1023.423095703125 1023.2269287109375 595.927734375 510.6470947265625
dataset_9_undistorted/keyframe_0_frame_000722.png 0.8424436563378296 -0.5380824718096897 0.02750012258526284 0.5340941282329597 0.8407419878112173 0.08885233065577887 -0.07093107563153235 -0.06016523797369553 0.9956647333447892 1.6868609809999953 5.415951693717261 -47.926429875428994 PINHOLE 1280 1024 1023.423095703125 1023.2269287109375 595.927734375 510.6470947265625
dataset_9_undistorted/keyframe_0_frame_000723.png 0.8406630051521348 -0.540879997315049 0.02712210119156248 0.5369849905566734 0.8390131141304225 0.0877755532842882 -0.07023244114433833 -0.05922529162031688 0.9957715057461836 1.6374395270701143 5.300456974698363 -48.05644938048147 PINHOLE 1280 1024 1023.423095703125 1023.2269287109375 595.927734375 510.6470947265625
dataset_9_undistorted/keyframe_0_frame_000726.png 0.835746781284905 -0.5484875726078493 0.026254096616612804 0.5448909171736169 0.8342886796822512 0.0839965306429649 -0.06797513773074296 -0.05589389733688989 0.9961198401786738 1.5901656752798772 5.070189745407333 -48.69795899448502 PINHOLE 1280 1024 1023.423095703125 1023.2269287109375 595.927734375 510.6470947265625
dataset_9_undistorted/keyframe_0_frame_000727.png 0.8350990014105105 -0.5494684139074133 0.026360283748318857 0.5459480042553627 0.8337212517593359 0.08276211958886638 -0.06745284310425222 -0.05472303942006653 0.9962209580790513 1.5914281347936594 4.997804051960429 -48.981065113068325 PINHOLE 1280 1024 1023.423095703125 1023.2269287109375 595.927734375 510.6470947265625
dataset_9_undistorted/keyframe_0_frame_000731.png 0.8295899547445155 -0.5579486501288243 0.02178131591469523 0.5545208867136715 0.827815039895401 0.0850243085397845 -0.06547063956724529 -0.058456676284542174 0.9961414557023175 1.314941334269406 5.134339422029598 -49.353299362299595 PINHOLE 1280 1024 1023.423095703125 1023.2269287109375 595.927734375 510.6470947265625
dataset_9_undistorted/keyframe_0_frame_000735.png 0.8225306025872592 -0.5684619772399776 0.017172601017766673 0.5651215724300304 0.8203447970251802 0.08758586440151422 -0.06387732719804091 -0.06233716472684772 0.9960089936941497 1.0614222064389196 5.340312363410021 -49.24152398811509 PINHOLE 1280 1024 1023.423095703125 1023.2269287109375 595.927734375 510.6470947265625
dataset_9_undistorted/keyframe_0_frame_000736.png 0.8207733424269628 -0.5710308692798464 0.015978533719645784 0.5677253002699991 0.8184896010666252 0.0881060833867007 -0.06339004921612475 -0.0632434314418934 0.9959833055370744 0.9644760492616342 5.320536230690777 -49.19229770612617 PINHOLE 1280 1024 1023.423095703125 1023.2269287109375 595.927734375 510.6470947265625
dataset_9_undistorted/keyframe_0_frame_000737.png 0.8189211592238462 -0.5737160235934179 0.014804119030117236 0.5704404600409124 0.8165357959092406 0.08869472410305208 -0.06297416011347275 -0.06418872194388593 0.9959486858033221 0.9180405324450476 5.407570873032682 -49.14620135071186 PINHOLE 1280 1024 1023.423095703125 1023.2269287109375 595.927734375 510.6470947265625
dataset_9_undistorted/keyframe_0_frame_000738.png 0.8161731563393334 -0.5776616016968522 0.013008275804631505 0.5744399022690556 0.8136379410956815 0.08950684623698613 -0.06228916685234211 -0.06558034125379018 0.9959010136542339 0.7850934197405195 5.4051946994063655 -49.05320891841575 PINHOLE 1280 1024 1023.423095703125 1023.2269287109375 595.927734375 510.6470947265625
dataset_9_undistorted/keyframe_0_frame_000739.png 0.8144785679251352 -0.5800718543381665 0.011905590251610903 0.5768869259982058 0.8118550970964296 0.0899607191848856 -0.06184976858581374 -0.06640249606518155 0.9958746481258149 0.7185955928682688 5.432492321861446 -48.98458165122156 PINHOLE 1280 1024 1023.423095703125 1023.2269287109375 595.927734375 510.6470947265625
dataset_9_undistorted/keyframe_0_frame_000741.png 0.8093270743489785 -0.5872872897753517 0.009170821050992617 0.584195734031875 0.8064900471128061 0.09104580458710339 -0.060866631295191785 -0.06832802384663571 0.9958049555659537 0.5534058779270481 5.4981621932022335 -48.793049667285686 PINHOLE 1280 1024 1023.423095703125 1023.2269287109375 595.927734375 510.6470947265625
dataset_9_undistorted/keyframe_0_frame_000745.png 0.798969558702148 -0.6013485284555923 0.00529338653581458 0.5983873369420513 0.7958507628353193 0.09248612599681366 -0.059829580686049794 -0.07072578377928679 0.995700059671206 0.3192939345143486 5.585089207049123 -48.44225133798011 PINHOLE 1280 1024 1023.423095703125 1023.2269287109375 595.927734375 510.6470947265625
dataset_9_undistorted/keyframe_0_frame_000746.png 0.7969725190361363 -0.6039975361959029 0.004705385184573258 0.6010524979683829 0.7938107307967448 0.09273769885230826 -0.05974900646804359 -0.07108112354122781 0.9956798607619862 0.28378409502329305 5.60027804347078 -48.3754989571554 PINHOLE 1280 1024 1023.423095703125 1023.2269287109375 595.927734375 510.6470947265625
dataset_9_undistorted/keyframe_0_frame_000748.png 0.7914853129252424 -0.611178392512514 0.0035218830544579056 0.6082607792737604 0.788246131916019 0.09320153686892686 -0.059739486833764 -0.07162536048143567 0.9956415549974968 0.23430394945125954 5.680796449940544 -48.246861740838085 PINHOLE 1280 1024 1023.423095703125 1023.2269287109375 595.927734375 510.6470947265625
dataset_9_undistorted/keyframe_0_frame_000749.png 0.788556316379724 -0.6149553758270003 0.002986670018151914 0.6120554857570492 0.7852922969088919 0.09329155489389133 -0.05971609088400711 -0.07173748905308265 0.9956345584344124 0.16874591465079902 5.628611954441112 -48.19883930580056 PINHOLE 1280 1024 1023.423095703125 1023.2269287109375 595.927734375 510.6470947265625
dataset_9_undistorted/keyframe_0_frame_000756.png 0.7584299723954872 -0.6517534437522965 -0.00150968018914355 0.6489788418348423 0.7549847255267826 0.093936466524639 -0.06008407547568572 -0.07222365940092941 0.9955769621592583 -0.072381516242217 5.726308065802186 -47.845493747759406 PINHOLE 1280 1024 1023.423095703125 1023.2269287109375 595.927734375 510.6470947265625
dataset_9_undistorted/keyframe_0_frame_000757.png 0.7540121692203232 -0.6568575841840967 -0.0022245508665564694 0.6541048736523297 0.7505351171158977 0.09404148892508833 -0.060102724671494565 -0.07236319850800109 0.9955659260927826 -0.11594376041830401 5.732775579125928 -47.7944636340161 PINHOLE 1280 1024 1023.423095703125 1023.2269287109375 595.927734375 510.6470947265625
dataset_9_undistorted/keyframe_0_frame_000759.png 0.7451293114442016 -0.6669098769778173 -0.0037719651400226297 0.6642106356461116 0.7415823044270718 0.0942337387588964 -0.06004869538441132 -0.07272165653414184 0.9955435433379901 -0.22819315977676524 5.690605165247462 -47.67035689888064 PINHOLE 1280 1024 1023.423095703125 1023.2269287109375 595.927734375 510.6470947265625
dataset_9_undistorted/keyframe_0_frame_000762.png 0.7322618021022166 -0.680993464015091 -0.006432689996085725 0.6784031065955323 0.7285839061967879 0.09451862696530933 -0.059680278863601895 -0.0735761483307493 0.9955020615422073 -0.38885007930718984 5.707872169225993 -47.45660205887543 PINHOLE 1280 1024 1023.423095703125 1023.2269287109375 595.927734375 510.6470947265625
dataset_9_undistorted/keyframe_0_frame_000764.png 0.7243643653833675 -0.6893674337099818 -0.008364080047831852 0.6868618621928353 0.7205831548114501 0.09476887437257331 -0.05930398854797545 -0.07439182840218682 0.9954647050064062 -0.5055213151641738 5.722974553745644 -47.30554510280945 PINHOLE 1280 1024 1023.423095703125 1023.2269287109375 595.927734375 510.6470947265625
dataset_9_undistorted/keyframe_0_frame_000765.png 0.7203898741064165 -0.6935070073141685 -0.009373538605978017 0.691046217047753 0.7165521323502729 0.09491287697932206 -0.0591065579745012 -0.07485171950409382 0.9954417411517188 -0.5664229547588775 5.731586251344652 -47.23121006332747 PINHOLE 1280 1024 1023.423095703125 1023.2269287109375 595.927734375 510.6470947265625
dataset_9_undistorted/keyframe_0_frame_000770.png 0.7043821094978745 -0.709682665417695 -0.014036694852007855 0.7074181398774296 0.7002357123237095 0.09606944173087796 -0.05835027002279893 -0.07759902339037046 0.9952761463401544 -0.8584350394604598 5.794835357583452 -46.93138553869596 PINHOLE 1280 1024 1023.423095703125 1023.2269287109375 595.927734375 510.6470947265625
dataset_9_undistorted/keyframe_0_frame_000771.png 0.7017022703792397 -0.7123159301710098 -0.014867350494675888 0.7100711355542588 0.697476094328367 0.0965704354472061 -0.058419430068486794 -0.0783203723549816 0.9952150493978583 -0.8939383235243668 5.880023995428019 -46.88348798095558 PINHOLE 1280 1024 1023.423095703125 1023.2269287109375 595.927734375 510.6470947265625
dataset_9_undistorted/keyframe_0_frame_000772.png 0.6986032797072509 -0.7153321238906035 -0.015959068255486514 0.7131036260273332 0.6942543392293945 0.09743884746309552 -0.05862184564499353 -0.0794514051859171 0.9951140794495282 -0.9640734087158762 5.884140946290017 -46.818617586832374 PINHOLE 1280 1024 1023.423095703125 1023.2269287109375 595.927734375 510.6470947265625
dataset_9_undistorted/keyframe_0_frame_000773.png 0.6950177252705408 -0.7187920284855015 -0.01702135632625701 0.7165669187497788 0.6905365638878458 0.09844478033987981 -0.05900791595333664 -0.08061757973986078 0.9949976830547046 -1.0141571701165049 6.000064386566692 -46.74927353219516 PINHOLE 1280 1024 1023.423095703125 1023.2269287109375 595.927734375 510.6470947265625
dataset_9_undistorted/keyframe_0_frame_000775.png 0.6904808443014454 -0.7231237835541785 -0.018141651293493866 0.7208675989116786 0.6858187090380422 0.1000131601326504 -0.05988042393016768 -0.08213485791168808 0.9948210085541748 -1.0959966200230156 6.03967532335264 -46.658744137074564 PINHOLE 1280 1024 1023.423095703125 1023.2269287109375 595.927734375 510.6470947265625
dataset_9_undistorted/keyframe_0_frame_000779.png 0.6718214783435449 -0.7404533880038404 -0.019634995709518998 0.7377799030890239 0.666570341587904 0.10660357865067169 -0.06584732778950037 -0.08610498036990119 0.9941082080087135 -1.1860896867967767 6.437544892218057 -46.28999241341535 PINHOLE 1280 1024 1023.423095703125 1023.2269287109375 595.927734375 510.6470947265625
dataset_9_undistorted/keyframe_0_frame_000781.png 0.6654594460086579 -0.7461890388765879 -0.0191491331791416 0.7433118271133422 0.660114048997959 0.10833294311189218 -0.06819676083616086 -0.08632469278816003 0.9939301555619969 -1.1569795036867845 6.542184112790437 -46.16579875208856 PINHOLE 1280 1024 1023.423095703125 1023.2269287109375 595.927734375 510.6470947265625
dataset_9_undistorted/keyframe_0_frame_000782.png 0.659755755412166 -0.7512605943336225 -0.018205238193851336 0.7481578597830095 0.6543700404827698 0.1098142640249096 -0.07058656874015205 -0.0860706555709934 0.993785125231804 -1.0999542610403523 6.63160621337056 -46.02338290529019 PINHOLE 1280 1024 1023.423095703125 1023.2269287109375 595.927734375 510.6470947265625
dataset_9_undistorted/keyframe_0_frame_000786.png 0.6496970468603668 -0.7601397306621729 -0.009091551373490088 0.755978112960311 0.6447913172680177 0.11287163354443396 -0.07993682139515342 -0.08020521587850121 0.9935683056974394 -0.5387613787233931 6.871821152363054 -45.707375281624195 PINHOLE 1280 1024 1023.423095703125 1023.2269287109375 595.927734375 510.6470947265625
dataset_9_undistorted/keyframe_0_frame_000787.png 0.6489069602355781 -0.7608426472266873 -0.006367241828214749 0.7564252194858881 0.6441929910099718 0.1132971650233292 -0.082100239245113 -0.07833536735705827 0.9935415012236752 -0.38494148629695246 6.841543736743461 -45.68859471411497 PINHOLE 1280 1024 1023.423095703125 1023.2269287109375 595.927734375 510.6470947265625
dataset_9_undistorted/keyframe_0_frame_000788.png 0.6477835753476185 -0.7618173873023812 -0.0035442339561233874 0.7571681301281868 0.6433037089365277 0.1133833898702503 -0.08409806658091092 -0.07613112963245747 0.9935452241609978 -0.21456392690697612 6.846808248168827 -45.67778937033302 PINHOLE 1280 1024 1023.423095703125 1023.2269287109375 595.927734375 510.6470947265625
dataset_9_undistorted/keyframe_0_frame_000790.png 0.6462031007981407 -0.7631646096952015 0.0018221706685176097 0.7581154791116226 0.6421996773394926 0.11331240924633532 -0.08764696350524166 -0.07184090516332298 0.9935580998427336 0.09948792126374428 6.835054210022463 -45.66160704208505 PINHOLE 1280 1024 1023.423095703125 1023.2269287109375 595.927734375 510.6470947265625
dataset_9_undistorted/keyframe_0_frame_000793.png 0.6405849657097592 -0.7678372747102545 0.008789194036520303 0.7622500017939223 0.6372247962030899 0.11365012795942882 -0.09286646894330049 -0.06610284875379155 0.993481601804793 0.5301650723771445 6.862873692970197 -45.61123370467237 PINHOLE 1280 1024 1023.423095703125 1023.2269287109375 595.927734375 510.6470947265625
dataset_9_undistorted/keyframe_0_frame_000797.png 0.6295601620668426 -0.776918464281012 0.007298754325958441 0.7713770842149397 0.6261381504802235 0.11369467513300095 -0.09290231652468202 -0.06594727026587884 0.9934884254105008 0.44009786984145194 6.8656204640390115 -45.62163325003689 PINHOLE 1280 1024 1023.423095703125 1023.2269287109375 595.927734375 510.6470947265625
dataset_9_undistorted/keyframe_0_frame_000803.png 0.6085662842574853 -0.793501216842914 -0.0021553285147992724 0.78875235608397 0.6046239534546551 0.11089638876266851 -0.08669404523032735 -0.06918775053980827 0.9938298425096085 -0.13065415964524618 6.696537918591275 -45.74150880979744 PINHOLE 1280 1024 1023.423095703125 1023.2269287109375 595.927734375 510.6470947265625
dataset_9_undistorted/keyframe_0_frame_000804.png 0.6050284303787947 -0.7961964676975198 -0.0036158392333198288 0.7915710373054338 0.601012641953422 0.1104419476189412 -0.0857611606947446 -0.06968241040319469 0.9938759476862502 -0.22848217552018468 6.66120479789015 -45.76650639343222 PINHOLE 1280 1024 1023.423095703125 1023.2269287109375 595.927734375 510.6470947265625
dataset_9_undistorted/keyframe_0_frame_000805.png 0.6015481021304333 -0.7988223786036605 -0.004978070848643491 0.7943079270368864 0.5974638547445409 0.1100502359231857 -0.08493711382965001 -0.07015434372533631 0.9939140091995161 -0.30108914509321494 6.6454167701904225 -45.78295268088414 PINHOLE 1280 1024 1023.423095703125 1023.2269287109375 595.927734375 510.6470947265625
dataset_9_undistorted/keyframe_0_frame_000808.png 0.5917962646648716 -0.8060439166122014 -0.008498220614049907 0.8017989343953926 0.5875283583665734 0.10921449184927086 -0.08303938723807819 -0.07144629104485904 0.9939818245327577 -0.5137354956120816 6.595062698784204 -45.81998168882046 PINHOLE 1280 1024 1023.423095703125 1023.2269287109375 595.927734375 510.6470947265625
dataset_9_undistorted/keyframe_0_frame_000810.png 0.5867111945699992 -0.8097315397795566 -0.01034272220903235 0.8055952778683547 0.5823207313022821 0.10916978667223684 -0.08237618905073309 -0.07238278919216452 0.99396980184179 -0.6281002617470222 6.640672849807061 -45.82923050169586 PINHOLE 1280 1024 1023.423095703125 1023.2269287109375 595.927734375 510.6470947265625
dataset_9_undistorted/keyframe_0_frame_000811.png 0.5844032724911813 -0.8113876851995858 -0.011124726471145825 0.8072868765864136 0.5799515152572748 0.1092801735984375 -0.0822174963186712 -0.07284442804996671 0.9939483476875844 -0.6724250794968611 6.599113792512071 -45.82808160864647 PINHOLE 1280 1024 1023.423095703125 1023.2269287109375 595.927734375 510.6470947265625
dataset_9_undistorted/keyframe_0_frame_000812.png 0.5805274411783679 -0.8141475458349029 -0.012380752205318656 0.8100813484595253 0.5759603746099172 0.10971062562354665 -0.08219055082390837 -0.07371896141128909 0.9938867010227265 -0.7366252945155338 6.681119968794519 -45.84435100053804 PINHOLE 1280 1024 1023.423095703125 1023.2269287109375 595.927734375 510.6470947265625
dataset_9_undistorted/keyframe_0_frame_000813.png 0.5771369594168778 -0.816538318896458 -0.013381115500426284 0.8124904369149831 0.572470655656761 0.11015706120138703 -0.0822879520770855 -0.07444727184693811 0.9938236367914207 -0.8029885834762354 6.708671968006911 -45.828905272971724 PINHOLE 1280 1024 1023.423095703125 1023.2269287109375 595.927734375 510.6470947265625
dataset_9_undistorted/keyframe_0_frame_000818.png 0.5844632809205895 -0.8112589021073116 -0.016203116104973225 0.8072831823893728 0.5793540891750634 0.1124310257822195 -0.08182411656882706 -0.07879222887729259 0.9935275570088877 -0.9822104048196252 6.837717196326594 -45.949620936541805 PINHOLE 1280 1024 1023.423095703125 1023.2269287109375 595.927734375 510.6470947265625
dataset_9_undistorted/keyframe_0_frame_000819.png 0.5875016294054105 -0.8090750017286629 -0.015539201044669685 0.8050760701254935 0.5824418988457675 0.11230866645903811 -0.0818161455690483 -0.07849158465365581 0.9935523615519046 -0.9388577878430624 6.781868034454874 -45.88003771660624 PINHOLE 1280 1024 1023.423095703125 1023.2269287109375 595.927734375 510.6470947265625
dataset_9_undistorted/keyframe_0_frame_000820.png 0.5897596097251182 -0.8074485918778851 -0.014546218114355955 0.803423230499636 0.5848044993715845 0.11186386032283703 -0.08181833101604652 -0.0776591828754955 0.9936171720746809 -0.8789880681777049 6.7550937001722104 -45.69051049857546 PINHOLE 1280 1024 1023.423095703125 1023.2269287109375 595.927734375 510.6470947265625
dataset_9_undistorted/keyframe_0_frame_000823.png 0.5893957373814037 -0.8077711821304983 -0.010942993146150217 0.8036981763855614 0.5849459870971262 0.10911418045394831 -0.08173896171558707 -0.0731059139343489 0.9939690938315184 -0.6613639366894404 6.589034500003891 -44.94812214197907 PINHOLE 1280 1024 1023.423095703125 1023.2269287109375 595.927734375 510.6470947265625
dataset_9_undistorted/keyframe_0_frame_000824.png 0.590300149595935 -0.8071303174664014 -0.009366006002033751 0.803029075539906 0.5860459547243134 0.10813391980238012 -0.08178999982642415 -0.07135242212442715 0.9940919435695682 -0.5755921582563133 6.521706609536295 -44.74122206703487 PINHOLE 1280 1024 1023.423095703125 1023.2269287109375 595.927734375 510.6470947265625
dataset_9_undistorted/keyframe_0_frame_000825.png 0.5920174000527489 -0.8058898614271113 -0.007679728251168427 0.8017473391030725 0.5879524028623723 0.10729575315057269 -0.08195394072771157 -0.06967776000024026 0.9941976418746085 -0.46430983277093674 6.479168107443456 -44.40459919914383 PINHOLE 1280 1024 1023.423095703125 1023.2269287109375 595.927734375 510.6470947265625
dataset_9_undistorted/keyframe_0_frame_000830.png 0.6065688149151474 -0.7950236700670046 -0.0036456526345265256 0.7907149705263671 0.6027927157172058 0.10681552714509902 -0.08272407217695339 -0.06767342683275228 0.9942724036433866 -0.23022424107080042 6.442184164226774 -43.71194592657139 PINHOLE 1280 1024 1023.423095703125 1023.2269287109375 595.927734375 510.6470947265625
dataset_9_undistorted/keyframe_0_frame_000831.png 0.60963937994584 -0.7926737846552591 -0.0031473709719911746 0.7883405681807779 0.6058835111586799 0.10687970003439919 -0.08281449906716097 -0.06763913260582559 0.9942672904270345 -0.1905396149599028 6.453955692568115 -43.750624913780484 PINHOLE 1280 1024 1023.423095703125 1023.2269287109375 595.927734375 510.6470947265625
dataset_9_undistorted/keyframe_0_frame_000832.png 0.6138167010533196 -0.7894458234000611 -0.0024438894050715404 0.7850868716941265 0.610097972751918 0.10685514763125546 -0.0828661429744882 -0.06750776522543882 0.9942722445240926 -0.14811936492719724 6.452502195823627 -43.78940358833802 PINHOLE 1280 1024 1023.423095703125 1023.2269287109375 595.927734375 510.6470947265625
dataset_9_undistorted/keyframe_0_frame_000836.png 0.627794754864678 -0.7783800082874428 0.00022997529288720819 0.7739566236894732 0.6242590799275933 0.10625558098645135 -0.08285159711010377 -0.06652838131306624 0.9943387162167209 0.022604081015629163 6.472545247106609 -43.863775253169365 PINHOLE 1280 1024 1023.423095703125 1023.2269287109375 595.927734375 510.6470947265625
dataset_9_undistorted/keyframe_0_frame_000837.png 0.6303275175195522 -0.7763302754615359 0.0007688343112168556 0.771897881068772 0.6268348880074466 0.10607002942331423 -0.08282806544959113 -0.06626507127854743 0.9943585815888726 0.05539208088396208 6.461243109576344 -43.87471971874447 PINHOLE 1280 1024 1023.423095703125 1023.2269287109375 595.927734375 510.6470947265625
dataset_9_undistorted/keyframe_0_frame_000838.png 0.6337242032158785 -0.7735593246181606 0.0014253668455537878 0.7691181401394704 0.6302820116815963 0.10583750522963838 -0.08277064838234441 -0.06597513401632434 0.9943830088512008 0.08563414654008739 6.391007967006999 -43.88433503654619 PINHOLE 1280 1024 1023.423095703125 1023.2269287109375 595.927734375 510.6470947265625
dataset_9_undistorted/keyframe_0_frame_000839.png 0.6372991325821784 -0.7706149753812013 0.002127926026727007 0.7661644289102821 0.6339114096751428 0.10558433330368898 -0.08271453464777792 -0.06565802245552531 0.9944084821515486 0.1181646046577498 6.368201429906094 -43.89398907798068 PINHOLE 1280 1024 1023.423095703125 1023.2269287109375 595.927734375 510.6470947265625
dataset_9_undistorted/keyframe_0_frame_000842.png 0.6464162776054868 -0.7629747711095921 0.004152937323947508 0.7584826420635207 0.6431830706543226 0.10497004722954542 -0.08276134845533553 -0.06470411107054024 0.9944671526439878 0.25029641390597135 6.338711005771756 -43.903431301232445 PINHOLE 1280 1024 1023.423095703125 1023.2269287109375 595.927734375 510.6470947265625
dataset_9_undistorted/keyframe_0_frame_000844.png 0.6533777828595401 -0.7570126942599199 0.005579313724680276 0.7524658874269089 0.6502281149944197 0.10487031834038132 -0.08301676203215869 -0.06432141092762324 0.9944709384581218 0.3364733943456031 6.332629041783548 -43.91855132992032 PINHOLE 1280 1024 1023.423095703125 1023.2269287109375 595.927734375 510.6470947265625
dataset_9_undistorted/keyframe_0_frame_000849.png 0.6671458538818741 -0.7448768645063151 0.008734367628061634 0.7401272147423864 0.6641308603023225 0.10554946295229903 -0.08442294055526843 -0.06395191714483683 0.9943760338732762 0.5166861587875928 6.3665991595185005 -43.97570709997626 PINHOLE 1280 1024 1023.423095703125 1023.2269287109375 595.927734375 510.6470947265625
dataset_9_undistorted/keyframe_0_frame_000853.png 0.6783810260217202 -0.7346223941318473 0.011452240645849345 0.7296622509270556 0.675462216228014 0.10650458071349359 -0.0859769166093468 -0.06389401831097231 0.9942466983386223 0.691047264337044 6.431354661428259 -44.021847641659974 PINHOLE 1280 1024 1023.423095703125 1023.2269287109375 595.927734375 510.6470947265625
dataset_9_undistorted/keyframe_0_frame_000855.png 0.6840921163609904 -0.7292850970151178 0.012786742240736804 0.7242216754156313 0.6812195407695065 0.10697049919339813 -0.08672330018987578 -0.06391682895880652 0.9941804957323708 0.7716753965505632 6.45944077600916 -44.045086723843156 PINHOLE 1280 1024 1023.423095703125 1023.2269287109375 595.927734375 510.6470947265625
dataset_9_undistorted/keyframe_0_frame_000856.png 0.6868982088537615 -0.7266310154333011 0.013415314988111326 0.7215193123140361 0.6840467324567924 0.10718750445540894 -0.08706326187349268 -0.06394713792600826 0.9941489859770961 0.8096361038030864 6.472545131363859 -44.059519601731836 PINHOLE 1280 1024 1023.423095703125 1023.2269287109375 595.927734375 510.6470947265625
dataset_9_undistorted/keyframe_0_frame_000859.png 0.6962009825323003 -0.7176792826016108 0.015558065579900582 0.7124151073238086 0.6934326335427395 0.10777270758750734 -0.08813557137147505 -0.0639474746223951 0.9940543908696021 0.9389990103129549 6.507947591404445 -44.13122700884287 PINHOLE 1280 1024 1023.423095703125 1023.2269287109375 595.927734375 510.6470947265625
dataset_9_undistorted/keyframe_0_frame_000869.png 0.7237708947493899 -0.6896195930429612 0.024116849685518475 0.6841178643999052 0.7216901944502948 0.10556823968219516 -0.09020766864399253 -0.05990812351424679 0.9941196520701877 1.4557820112911486 6.374857809365494 -44.33495830738798 PINHOLE 1280 1024 1023.423095703125 1023.2269287109375 595.927734375 510.6470947265625
dataset_9_undistorted/keyframe_0_frame_000870.png 0.7257336697352411 -0.6875214360452312 0.02502469785013044 0.6820263903907314 0.7237555895587596 0.10496017048506547 -0.0902750411344279 -0.059105506002785684 0.9941618254280443 1.5106254468068983 6.338109741487187 -44.35006740634526 PINHOLE 1280 1024 1023.423095703125 1023.2269287109375 595.927734375 510.6470947265625
dataset_9_undistorted/keyframe_0_frame_000872.png 0.7290749258239113 -0.6838746340731736 0.027684427119217224 0.6784177111277492 0.7274271428568683 0.10294735178239726 -0.09054243066366441 -0.056274601021380447 0.994301937433851 1.660430252258152 6.210328198896832 -44.39912765921065 PINHOLE 1280 1024 1023.423095703125 1023.2269287109375 595.927734375 510.6470947265625
dataset_9_undistorted/keyframe_0_frame_000873.png 0.7284138079443395 -0.6845477372545874 0.028440775118257464 0.6792579984608491 0.7269672646562895 0.10062540194582298 -0.08955930003354345 -0.05397821568237679 0.9945175449097868 1.7169133940102483 6.076347129732767 -44.19812760498803 PINHOLE 1280 1024 1023.423095703125 1023.2269287109375 595.927734375 510.6470947265625
dataset_9_undistorted/keyframe_0_frame_000874.png 0.7282863298209024 -0.6846459061279961 0.0293330035207231 0.6795107771328541 0.7270405204732312 0.09836774153615815 -0.08867425627969579 -0.05170741560096037 0.9947182186102898 1.7708901320194173 5.939892297023334 -43.91391198014753 PINHOLE 1280 1024 1023.423095703125 1023.2269287109375 595.927734375 510.6470947265625
dataset_9_undistorted/keyframe_0_frame_000879.png 0.7313916554964165 -0.6811857494180875 0.032464221351475905 0.6764089010868839 0.7306789466151179 0.09262147794157498 -0.08681426702340436 -0.045783090668895236 0.9951725632105466 1.9599364407696385 5.592902856057435 -42.473613008286975 PINHOLE 1280 1024 1023.423095703125 1023.2269287109375 595.927734375 510.6470947265625
dataset_9_undistorted/keyframe_0_frame_000880.png 0.7313482936805451 -0.6812254623898043 0.032598217974137665 0.6765040047559671 0.7306792910699867 0.09191604074926932 -0.08643528940963707 -0.04516962396012021 0.9952330590124551 1.9679999479432126 5.550349870772379 -42.14546560243923 PINHOLE 1280 1024 1023.423095703125 1023.2269287109375 595.927734375 510.6470947265625
dataset_9_undistorted/keyframe_0_frame_000881.png 0.7311660784242408 -0.6814219399035526 0.03259022019071241 0.6767506043705613 0.7305240316276088 0.09133825741928991 -0.08604865312762566 -0.04472749049333764 0.995286859860839 1.967529224065288 5.515453757366686 -41.786250261802024 PINHOLE 1280 1024 1023.423095703125 1023.2269287109375 595.927734375 510.6470947265625
dataset_9_undistorted/keyframe_0_frame_000882.png 0.7310032535008173 -0.6816007774814363 0.03249288861106247 0.6769660167136171 0.7303710257057572 0.09096175005471559 -0.08573239821839025 -0.04449662080295326 0.9953247988482666 1.9617180507469811 5.492614309152259 -41.39868450202164 PINHOLE 1280 1024 1023.423095703125 1023.2269287109375 595.927734375 510.6470947265625
dataset_9_undistorted/keyframe_0_frame_000884.png 0.7310421254770086 -0.6815684162449147 0.03229876969762554 0.676957852519859 0.7304014027461042 0.09078124994362713 -0.08546557467218519 -0.044499759490723406 0.9953475524743364 1.9500369722898085 5.481689315244239 -40.703862355664796 PINHOLE 1280 1024 1023.423095703125 1023.2269287109375 595.927734375 510.6470947265625
dataset_9_undistorted/keyframe_0_frame_000885.png 0.7311790194972941 -0.6814240746760308 0.03225323546122958 0.6768105704233377 0.7305304488534682 0.09084133504472343 -0.08546428136114723 -0.04459165213874806 0.9953436261413604 1.9471922259348275 5.485419483471333 -40.3631709963762 PINHOLE 1280 1024 1023.423095703125 1023.2269287109375 595.927734375 510.6470947265625
dataset_9_undistorted/keyframe_0_frame_000889.png 0.7341616342491906 -0.6782656239166528 0.031042219494176376 0.673222700117653 0.7331196441000201 0.09646368054431088 -0.08818653430787948 -0.04992138121623748 0.9948524668575882 1.8740131928253732 5.824999900163903 -39.81126407867839 PINHOLE 1280 1024 1023.423095703125 1023.2269287109375 595.927734375 510.6470947265625
dataset_9_undistorted/keyframe_0_frame_000892.png 0.7387548577467862 -0.6733020196812433 0.030113103038413754 0.6676023111834029 0.7371691742726738 0.10434018659988968 -0.09245185371204744 -0.056977791388351254 0.9940854438669723 1.835687477712213 6.354754971211378 -39.8562451207373 PINHOLE 1280 1024 1023.423095703125 1023.2269287109375 595.927734375 510.6470947265625
dataset_9_undistorted/keyframe_0_frame_000894.png 0.7398302567193853 -0.6721276425164526 0.029954857429607507 0.6660908330709627 0.7380022254915561 0.10804766460497689 -0.0947295052239941 -0.05998381575610796 0.9936943255619387 1.8262635947796753 6.578531776804539 -39.37262414099007 PINHOLE 1280 1024 1023.423095703125 1023.2269287109375 595.927734375 510.6470947265625
dataset_9_undistorted/keyframe_0_frame_000896.png 0.7392746177706392 -0.6727253774790122 0.030254495519702142 0.6664702175555386 0.7373541822508751 0.1101123669280038 -0.09638462851799771 -0.06123913078618231 0.9934583398262444 1.8442828933258397 6.703290461435017 -38.80913368021629 PINHOLE 1280 1024 1023.423095703125 1023.2269287109375 595.927734375 510.6470947265625
dataset_9_undistorted/keyframe_0_frame_000900.png 0.7358872901378527 -0.6764635898394387 0.02947153111524623 0.6697176433774019 0.7335816569414813 0.11547700220670357 -0.09973678387501031 -0.06524004157734775 0.9928730272607887 1.768101506619928 6.967138524601978 -38.517762763247674 PINHOLE 1280 1024 1023.423095703125 1023.2269287109375 595.927734375 510.6470947265625
dataset_9_undistorted/keyframe_0_frame_000902.png 0.7328360054088136 -0.6797963023423833 0.028820384294814413 0.6726871827357152 0.7302350172534642 0.11936478811390683 -0.1021903480568456 -0.06808736098081648 0.9924324775456352 1.7463331380751015 7.255842134675959 -38.88859242287947 PINHOLE 1280 1024 1023.423095703125 1023.2269287109375 595.927734375 510.6470947265625
dataset_9_undistorted/keyframe_1_frame_000000.png 0.9999941482055849 -0.002104526335373462 -0.002618589303295717 0.002100517703552747 0.9999960065578499 -0.0017150759022486707 0.0026224098465878836 0.001709406558912095 0.9999947323006039 -0.2591689356177085 -0.16957735169967236 -0.17644208377180348 PINHOLE 1280 1024 1023.423095703125 1023.2269287109375 595.927734375 510.6470947265625
dataset_9_undistorted/keyframe_1_frame_000003.png 0.9999577944751858 -0.001045467248406749 -0.009067705478865854 0.0010280277663796379 0.9999971322014644 -0.0019575793436089695 0.009069997832135378 0.0019479589354280192 0.9999568015358581 -0.8973673255510448 -0.19356921379448977 -0.7284347680325709 PINHOLE 1280 1024 1023.423095703125 1023.2269287109375 595.927734375 510.6470947265625
dataset_9_undistorted/keyframe_1_frame_000007.png 0.9998309417877558 0.00990060565645591 -0.01547091749267501 -0.009905859186243617 0.9999506201843879 -0.00030645858928948885 0.015467222788126107 0.0004598090188754194 0.9998797795446132 -1.5310642185530696 -0.030055742549620845 -1.771406974989759 PINHOLE 1280 1024 1023.423095703125 1023.2269287109375 595.927734375 510.6470947265625
dataset_9_undistorted/keyframe_1_frame_000009.png 0.9996810926367804 0.01667521112508839 -0.018943297833287787 -0.016684319731744814 0.9998608075070887 -0.00032918454463566393 0.01893542970779404 0.0006451398893680834 0.9998203865597771 -1.8746060610977793 -0.03236541462479181 -2.2288186151525906 PINHOLE 1280 1024 1023.423095703125 1023.2269287109375 595.927734375 510.6470947265625
dataset_9_undistorted/keyframe_1_frame_000012.png 0.9994261502057891 0.025495089090828874 -0.022287425553122055 -0.025520884338584505 0.9996739140744998 -0.0008977508090669914 0.022257569215941676 0.0014660498888201805 0.9997507198651395 -2.2055452380488987 -0.08858561970146184 -2.8375599106426534 PINHOLE 1280 1024 1023.423095703125 1023.2269287109375 595.927734375 510.6470947265625
dataset_9_undistorted/keyframe_1_frame_000022.png 0.998099886317481 0.05832068719786604 -0.019856911116930297 -0.05841225332037357 0.9982840342925675 -0.004090504810014714 0.019584765425932182 0.0052424944876079665 0.9997940285972481 -1.985531110782631 -0.45764426741448005 -5.210689499550313 PINHOLE 1280 1024 1023.423095703125 1023.2269287109375 595.927734375 510.6470947265625
dataset_9_undistorted/keyframe_1_frame_000027.png 0.9965376313975245 0.08091620189585798 -0.019079579374714845 -0.08105878298430441 0.9966849635691974 -0.006873172321627595 0.018460609120540147 0.008395821202164219 0.9997933459599969 -1.8880816599958052 -0.6798646207009824 -6.605482247013697 PINHOLE 1280 1024 1023.423095703125 1023.2269287109375 595.927734375 510.6470947265625
dataset_9_undistorted/keyframe_1_frame_000029.png 0.9957908921799182 0.08971669903433566 -0.01872449545937314 -0.08989643286137682 0.9959102263195942 -0.00901088071707224 0.017839890282691447 0.010656172083977095 0.9997839035883938 -1.8528557544942714 -0.8915755673940566 -7.054408471740203 PINHOLE 1280 1024 1023.423095703125 1023.2269287109375 595.927734375 510.6470947265625
dataset_9_undistorted/keyframe_1_frame_000030.png 0.9953099093975674 0.09494229632267133 -0.018535197319916857 -0.09514434677820793 0.9954094166873724 -0.01037511122239899 0.017465377462897284 0.012090050175480142 0.9997741508674788 -1.8566435579842846 -1.0788517290311574 -7.23997134516128 PINHOLE 1280 1024 1023.423095703125 1023.2269287109375 595.927734375 510.6470947265625
dataset_9_undistorted/keyframe_1_frame_000034.png 0.9937891848829523 0.10977863260122822 -0.01819760252491135 -0.11004199429970005 0.9938258293352782 -0.01418611502050727 0.016528278329337606 0.01610057613172499 0.9997336403972683 -1.8006417529744567 -1.4037996778019988 -7.514822768486624 PINHOLE 1280 1024 1023.423095703125 1023.2269287109375 595.927734375 510.6470947265625
dataset_9_undistorted/keyframe_1_frame_000035.png 0.9934571835977329 0.11275045494425916 -0.01814980190951414 -0.11302815645434931 0.9934769308562366 -0.01510953912223439 0.016328199714011 0.017062238761998576 0.9997207887779012 -1.8193862848271465 -1.5469474936560346 -7.544710942573261 PINHOLE 1280 1024 1023.423095703125 1023.2269287109375 595.927734375 510.6470947265625
dataset_9_undistorted/keyframe_1_frame_000037.png 0.9924629887741928 0.1212043003002065 -0.018040123453983113 -0.12151714456130493 0.9924365292059564 -0.017405811535147402 0.015794404585742633 0.01946682794842681 0.9996858624772864 -1.7850966063074338 -1.7223982643783984 -7.597451745855437 PINHOLE 1280 1024 1023.423095703125 1023.2269287109375 595.927734375 510.6470947265625
dataset_9_undistorted/keyframe_1_frame_000039.png 0.9915722048033163 0.12827616689907137 -0.018137370515125588 -0.12861870896455296 0.9915078717887337 -0.019216459033851822 0.015518818848628189 0.021387292612848493 0.9996505023830515 -1.8189902075548616 -1.9530037665138025 -7.629344987134004 PINHOLE 1280 1024 1023.423095703125 1023.2269287109375 595.927734375 510.6470947265625
dataset_9_undistorted/keyframe_1_frame_000046.png 0.9881696268294358 0.1521624719811882 -0.019142222673458314 -0.1526169569781248 0.9879662408303517 -0.025117180709709124 0.015090409830421234 0.027741683760023835 0.9995011375099521 -1.9195961147048592 -2.536432597231169 -7.687013048818812 PINHOLE 1280 1024 1023.423095703125 1023.2269287109375 595.927734375 510.6470947265625
dataset_9_undistorted/keyframe_1_frame_000048.png 0.9867714472530714 0.16086986852596488 -0.02005841490408186 -0.16138151116075544 0.9865157772750428 -0.027258899476346864 0.01540338304331126 0.030135464422739896 0.9994270666731698 -2.0106582985240493 -2.748103036880593 -7.715049518924957 PINHOLE 1280 1024 1023.423095703125 1023.2269287109375 595.927734375 510.6470947265625
dataset_9_undistorted/keyframe_1_frame_000053.png 0.9837129208480682 0.17839263394018653 -0.022006837266972307 -0.1790234411217525 0.9833520402225541 -0.0311446687189724 0.016084938748905327 0.034577265591465144 0.9992726711900223 -2.17754488397361 -3.082104846471111 -7.6469516087080365 PINHOLE 1280 1024 1023.423095703125 1023.2269287109375 595.927734375 510.6470947265625
dataset_9_undistorted/keyframe_1_frame_000054.png 0.9830436401074923 0.18199872477598364 -0.022392623186404496 -0.1826499324042253 0.9826675900328411 -0.031684667349002466 0.016238361136187273 0.03523769422213082 0.9992467884811101 -2.2427261175025706 -3.1855127145231563 -7.588290734528982 PINHOLE 1280 1024 1023.423095703125 1023.2269287109375 595.927734375 510.6470947265625
dataset_9_undistorted/keyframe_1_frame_000060.png 0.9785864261100491 0.20430653213031363 -0.025045246487182656 -0.20508697506183707 0.9781489370458853 -0.034115117097035436 0.017528541363765523 0.03852133887195354 0.9991031715101726 -2.5063557193597603 -3.425366522365948 -7.2395351882992145 PINHOLE 1280 1024 1023.423095703125 1023.2269287109375 595.927734375 510.6470947265625
dataset_9_undistorted/keyframe_1_frame_000062.png 0.9773007774417193 0.2102577436238265 -0.02596984796413349 -0.21109059260093507 0.9768348677544091 -0.03514387216553534 0.01797945638629157 0.03982827196064702 0.9990445825943576 -2.569687950530124 -3.477854639722409 -7.1257067791398185 PINHOLE 1280 1024 1023.423095703125 1023.2269287109375 595.927734375 510.6470947265625
dataset_9_undistorted/keyframe_1_frame_000063.png 0.97652160489568 0.2137820755332319 -0.02650282327829359 -0.21464527191599492 0.9760382304425671 -0.03574055025416727 0.018227610699967197 0.04059035578214529 0.9990094381999729 -2.6510434840928383 -3.586060400324641 -7.071498021477282 PINHOLE 1280 1024 1023.423095703125 1023.2269287109375 595.927734375 510.6470947265625
dataset_9_undistorted/keyframe_1_frame_000067.png 0.9727694209772106 0.22992584913334882 -0.029204916296958823 -0.23095411580490283 0.9721888233655408 -0.03885145225963232 0.019460248616554605 0.044538821397253354 0.9988179800519247 -2.931074694979884 -3.8968353952038797 -6.762968769240388 PINHOLE 1280 1024 1023.423095703125 1023.2269287109375 595.927734375 510.6470947265625
dataset_9_undistorted/keyframe_1_frame_000072.png 0.9678073602360341 0.24966021299992022 -0.031909071332462194 -0.2508680278119171 0.9671017809121087 -0.0421882716924996 0.020327262342643995 0.04883533272477305 0.9985999292121923 -3.187755045133599 -4.223101678446255 -6.422933613781197 PINHOLE 1280 1024 1023.423095703125 1023.2269287109375 595.927734375 510.6470947265625
dataset_9_undistorted/keyframe_1_frame_000074.png 0.9657528098359629 0.2573778276552476 -0.032820787454499525 -0.25864748054131426 0.9650002242056047 -0.04330274446997881 0.020527400458269368 0.050309103241591324 0.9985219532893862 -3.290406528578103 -4.336002909982653 -6.31699613542105 PINHOLE 1280 1024 1023.423095703125 1023.2269287109375 595.927734375 510.6470947265625
dataset_9_undistorted/keyframe_1_frame_000076.png 0.9638958626800616 0.2641425813292737 -0.033657654664398885 -0.26546909275382663 0.9631051372903777 -0.04422293588761713 0.020735309899547874 0.051561699654838714 0.9984545545978497 -3.3735170912907506 -4.426945950858453 -6.200494794399447 PINHOLE 1280 1024 1023.423095703125 1023.2269287109375 595.927734375 510.6470947265625
dataset_9_undistorted/keyframe_1_frame_000077.png 0.9628501135734197 0.26788048153802674 -0.0340387276881279 -0.26922855879235735 0.9620480108375964 -0.04448345491335894 0.020831399447555514 0.05199516183606583 0.9984294028107881 -3.3631424125545664 -4.404515540457169 -6.14633710187843 PINHOLE 1280 1024 1023.423095703125 1023.2269287109375 595.927734375 510.6470947265625
dataset_9_undistorted/keyframe_1_frame_000078.png 0.9615805906435089 0.2723499700661865 -0.034460342369299665 -0.27371979555463627 0.9607714477290958 -0.04466070266008281 0.02094576771583898 0.05237762121810763 0.9984067630468832 -3.409956983975576 -4.419516816626128 -6.069256217640827 PINHOLE 1280 1024 1023.423095703125 1023.2269287109375 595.927734375 510.6470947265625
dataset_9_undistorted/keyframe_1_frame_000081.png 0.9577162661289577 0.2854936001058114 -0.03567438202244503 -0.2869220079684782 0.9569014209202215 -0.044901345380166297 0.021318510968456383 0.053238808970604054 0.9983540071173032 -3.5621106201656403 -4.490371315041784 -5.8762771172504245 PINHOLE 1280 1024 1023.423095703125 1023.2269287109375 595.927734375 510.6470947265625
dataset_9_undistorted/keyframe_1_frame_000082.png 0.956264863239787 0.29026711819805523 -0.03607397182283839 -0.2917128604391156 0.9554512719311987 -0.04490344921462153 0.021433626778706586 0.05346316276239126 0.9983396006113949 -3.601906899244625 -4.490450781016989 -5.806249533394407 PINHOLE 1280 1024 1023.423095703125 1023.2269287109375 595.927734375 510.6470947265625
dataset_9_undistorted/keyframe_1_frame_000084.png 0.952973428287262 0.30079485237052905 -0.03692423031687018 -0.3022763609298702 0.9521652721630302 -0.044847395139236655 0.021668769856227777 0.05389990747302954 0.9983113982092294 -3.6986921254021468 -4.487095212091845 -5.659323172553968 PINHOLE 1280 1024 1023.423095703125 1023.2269287109375 595.927734375 510.6470947265625
dataset_9_undistorted/keyframe_1_frame_000086.png 0.9502276090202657 0.3092684964776144 -0.037679483522777335 -0.31078044109816877 0.9494301758800568 -0.04470410665646979 0.02194916740956426 0.054189543559656814 0.9982893836502396 -3.7617022544242786 -4.470091999409306 -5.488599976047794 PINHOLE 1280 1024 1023.423095703125 1023.2269287109375 595.927734375 510.6470947265625
dataset_9_undistorted/keyframe_1_frame_000088.png 0.9461619690421282 0.321367628556134 -0.03872290866414647 -0.3229210059396324 0.9453806286135225 -0.044471800507718116 0.022316864469988058 0.05458217598493011 0.9982597831582046 -3.8606215659651753 -4.449307775678108 -5.29298318930455 PINHOLE 1280 1024 1023.423095703125 1023.2269287109375 595.927734375 510.6470947265625
dataset_9_undistorted/keyframe_1_frame_000089.png 0.9440869969893696 0.32734961848719624 -0.03926142804979269 -0.32892669481742937 0.9433096907364469 -0.044434896868688 0.02249061880675673 0.054864786542957296 0.9982403116275829 -3.93129943022484 -4.4448742938761825 -5.154621202868952 PINHOLE 1280 1024 1023.423095703125 1023.2269287109375 595.927734375 510.6470947265625
dataset_9_undistorted/keyframe_1_frame_000094.png 0.9366637944421865 0.34783959582821755 -0.04084599478582468 -0.34948268532950594 0.9358974121734468 -0.04424024772234383 0.022840026311881093 0.05571337535177532 0.9981849470943359 -4.076945493814378 -4.422665001743326 -4.738112581622204 PINHOLE 1280 1024 1023.423095703125 1023.2269287109375 595.927734375 510.6470947265625
dataset_9_undistorted/keyframe_1_frame_000097.png 0.931514562460244 0.36130097243873954 -0.04172922648967414 -0.362982420125869 0.9307468891830596 -0.044210157442949594 0.02286689857929837 0.056329595298796234 0.99815032596204 -4.177239908868245 -4.420964843084448 -4.45563445981611 PINHOLE 1280 1024 1023.423095703125 1023.2269287109375 595.927734375 510.6470947265625
dataset_9_undistorted/keyframe_1_frame_000099.png 0.9287472635946264 0.36831893833955764 -0.04205758916524076 -0.3700081479184193 0.9279863671957902 -0.04399599970512617 0.022825140676945924 0.05642304680577312 0.9981459515015095 -4.197748558998171 -4.3978541540982405 -4.318017907433955 PINHOLE 1280 1024 1023.423095703125 1023.2269287109375 595.927734375 510.6470947265625
dataset_9_undistorted/keyframe_1_frame_000104.png 0.9212799984384161 0.3865403871694587 -0.0427684976700673 -0.38823481246279873 0.9205518946870466 -0.04311056195645989 0.022707383580973257 0.05632138563651593 0.998154588071198 -4.264246683420623 -4.312669016021118 -4.003694977308783 PINHOLE 1280 1024 1023.423095703125 1023.2269287109375 595.927734375 510.6470947265625
dataset_9_undistorted/keyframe_1_frame_000105.png 0.919768019353327 0.39011691721106684 -0.04283967797850495 -0.3918079378055774 0.9190462588359599 -0.04290773239101886 0.02263329831600416 0.056250402401359714 0.9981602164247206 -4.276243978585512 -4.289283109656253 -3.914432650844674 PINHOLE 1280 1024 1023.423095703125 1023.2269287109375 595.927734375 510.6470947265625
dataset_9_undistorted/keyframe_1_frame_000107.png 0.9168183733807893 0.39699119266605976 -0.04291579873616588 -0.3986710967079262 0.9161100791517935 -0.042471046386914 0.02245571982517185 0.05604781088461981 0.9981754713761081 -4.284129836506565 -4.245776482308202 -3.7564728981054714 PINHOLE 1280 1024 1023.423095703125 1023.2269287109375 595.927734375 510.6470947265625
dataset_9_undistorted/keyframe_1_frame_000110.png 0.9095055120061323 0.41345903567451564 -0.043022725845917084 -0.41510949999631735 0.9088276684257548 -0.04143427619207052 0.021969615727881454 0.055544120853928854 0.9982143732518624 -4.29547960325047 -4.142445704525471 -3.2784038781425124 PINHOLE 1280 1024 1023.423095703125 1023.2269287109375 595.927734375 510.6470947265625
dataset_9_undistorted/keyframe_1_frame_000113.png 0.9048069310900814 0.4236410854199831 -0.04303754398408212 -0.425273158925551 0.904140394952718 -0.0409027779740027 0.02158468962660718 0.05531211116688822 0.998235566572876 -4.297381759556089 -4.089468186985641 -2.851989961592494 PINHOLE 1280 1024 1023.423095703125 1023.2269287109375 595.927734375 510.6470947265625
dataset_9_undistorted/keyframe_1_frame_000114.png 0.9031363759096535 0.42718758488172054 -0.04306514566632821 -0.428814834211576 0.9024736073073073 -0.04072958174479492 0.021466734286061485 0.05525161547135979 0.9982416244849424 -4.300267071982034 -4.072208579082826 -2.698439449679313 PINHOLE 1280 1024 1023.423095703125 1023.2269287109375 595.927734375 510.6470947265625
dataset_9_undistorted/keyframe_1_frame_000115.png 0.9016943934694419 0.43021993064238817 -0.04309887546535802 -0.4318442312086449 0.9010335604594982 -0.040609471764322676 0.0213630456464366 0.05522979710463744 0.9982450550799681 -4.311492805185168 -4.064232825874797 -2.5523967245761696 PINHOLE 1280 1024 1023.423095703125 1023.2269287109375 595.927734375 510.6470947265625
dataset_9_undistorted/keyframe_1_frame_000116.png 0.9003588624539522 0.43300637372788536 -0.043116217681625935 -0.4346265148086641 0.8997013640490438 -0.040465799192166176 0.021270518145708843 0.05517343930108863 0.9982503364701651 -4.30562980961335 -4.045883035414818 -2.353084893219261 PINHOLE 1280 1024 1023.423095703125 1023.2269287109375 595.927734375 510.6470947265625
dataset_9_undistorted/keyframe_1_frame_000117.png 0.8988419135356746 0.43614028387769205 -0.0431845986050103 -0.4377589092902012 0.8981877089462628 -0.04032854981111936 0.02119973371056557 0.05515376314374368 0.9982528555465466 -4.312495668343217 -4.0321335420183 -2.168425968722431 PINHOLE 1280 1024 1023.423095703125 1023.2269287109375 595.927734375 510.6470947265625
dataset_9_undistorted/keyframe_1_frame_000124.png 0.8879827650313165 0.4577458205756015 -0.04421503422928026 -0.45938341822175616 0.8873701879311358 -0.03925909163662683 0.02126513027811263 0.055173400222301654 0.9982504442453964 -4.415432618467079 -3.925399564606778 -0.7905711038700929 PINHOLE 1280 1024 1023.423095703125 1023.2269287109375 595.927734375 510.6470947265625
dataset_9_undistorted/keyframe_1_frame_000125.png 0.8863907868067322 0.46080188016899415 -0.04442056570497167 -0.4624450212223731 0.8857859332992334 -0.0390925790352975 0.021333913083975874 0.05519360908788746 0.9982477649248143 -4.435952849607133 -3.9087299782011087 -0.592387792104546 PINHOLE 1280 1024 1023.423095703125 1023.2269287109375 595.927734375 510.6470947265625
dataset_9_undistorted/keyframe_1_frame_000126.png 0.8834469722784182 0.4663853754884349 -0.04479064333422017 -0.4680372687691366 0.8828603399233373 -0.03871710856257821 0.021487513727400785 0.05516845565642326 0.9982457515692097 -4.432131477338899 -3.831618453501733 -0.22632304042247142 PINHOLE 1280 1024 1023.423095703125 1023.2269287109375 595.927734375 510.6470947265625
dataset_9_undistorted/keyframe_1_frame_000127.png 0.881985262732196 0.46912367158615936 -0.04499473463442527 -0.4707805327574747 0.8814094010291404 -0.03851104638175759 0.02159315854809972 0.05514906811123642 0.9982444420077892 -4.49311239139881 -3.850829918801992 -0.05940971067809642 PINHOLE 1280 1024 1023.423095703125 1023.2269287109375 595.927734375 510.6470947265625
dataset_9_undistorted/keyframe_1_frame_000129.png 0.8785397597183693 0.4755091546849955 -0.045370535403431445 -0.47716834201718633 0.8779953081271871 -0.03786252919112613 0.02183186543430984 0.05491338178540183 0.9982517278450103 -4.5306246621950095 -3.786152063779582 0.2699860949392132 PINHOLE 1280 1024 1023.423095703125 1023.2269287109375 595.927734375 510.6470947265625
dataset_9_undistorted/keyframe_1_frame_000133.png 0.8710691063624704 0.4889982545857777 -0.04603593416324313 -0.49064820542021303 0.8706080249200081 -0.036145872515831415 0.022404785558549547 0.05407307781349345 0.9982857541018357 -4.597084813223304 -3.615905354740562 0.9021353029459078 PINHOLE 1280 1024 1023.423095703125 1023.2269287109375 595.927734375 510.6470947265625
dataset_9_undistorted/keyframe_1_frame_000136.png 0.8645601168265606 0.5003750116347944 -0.04648133044330675 -0.5020059641934097 0.8641755140730498 -0.03450438660539499 0.022903655882256842 0.05316528186179016 0.9983229751745876 -4.641653792899401 -3.4528584885745204 1.2795379532716424 PINHOLE 1280 1024 1023.423095703125 1023.2269287109375 595.927734375 510.6470947265625
dataset_9_undistorted/keyframe_1_frame_000139.png 0.8583689943156825 0.5108933967080244 -0.04679650937695195 -0.5124977276700318 0.8580595361185324 -0.032832047557144695 0.023381301404567144 0.05216529219784651 0.9983639771156195 -4.630701553089766 -3.2490495330234808 1.626412334695715 PINHOLE 1280 1024 1023.423095703125 1023.2269287109375 595.927734375 510.6470947265625
dataset_9_undistorted/keyframe_1_frame_000140.png 0.8555738091496483 0.5155441746273748 -0.04698206230487497 -0.517144509411427 0.8552872709735717 -0.03231483428007808 0.02352422629892127 0.05194440102875733 0.9983725733703404 -4.69187951181406 -3.2352638466511507 1.7269457896345557 PINHOLE 1280 1024 1023.423095703125 1023.2269287109375 595.927734375 510.6470947265625
dataset_9_undistorted/keyframe_1_frame_000142.png 0.8517190741501869 0.521867844143975 -0.04720678664706443 -0.5234596006501698 0.8514665484392259 -0.03153992913963262 0.02373621573439988 0.05157410826876817 0.9983871191363346 -4.714379816909398 -3.1583843141975194 1.9153068954105947 PINHOLE 1280 1024 1023.423095703125 1023.2269287109375 595.927734375 510.6470947265625
dataset_9_undistorted/keyframe_1_frame_000143.png 0.8494498454494811 0.5255389289518607 -0.047363703825712145 -0.5271294858063973 0.8492123520602064 -0.031189948026141084 0.023831180157430455 0.05146106558567442 0.9983907678908919 -4.742407249275274 -3.1229920786418006 2.0014371080465025 PINHOLE 1280 1024 1023.423095703125 1023.2269287109375 595.927734375 510.6470947265625
dataset_9_undistorted/keyframe_1_frame_000148.png 0.8373844222249429 0.5444505321469028 -0.048591411223555606 -0.5460702553310005 0.8372034561550943 -0.02996614170867518 0.024366414198022775 0.051627856464884624 0.9983691279945147 -4.808250348261829 -2.965666558869316 2.4980812984765635 PINHOLE 1280 1024 1023.423095703125 1023.2269287109375 595.927734375 510.6470947265625
dataset_9_undistorted/keyframe_1_frame_000150.png 0.8339230946533681 0.5497011037199753 -0.04899313954593786 -0.55133549065138 0.8337518944041894 -0.02976718224427396 0.024485920488316337 0.05183532935086102 0.9983553769514015 -4.848034694025941 -2.946017715277776 2.6133871364313563 PINHOLE 1280 1024 1023.423095703125 1023.2269287109375 595.927734375 510.6470947265625
dataset_9_undistorted/keyframe_1_frame_000151.png 0.831750842207892 0.5529575938845225 -0.04927904048249696 -0.5546061391489396 0.831580212985434 -0.02976609216271835 0.024520868042414698 0.052088584840927224 0.9983412758450483 -4.920781174581151 -2.981218978335164 2.7011309034379565 PINHOLE 1280 1024 1023.423095703125 1023.2269287109375 595.927734375 510.6470947265625
dataset_9_undistorted/keyframe_1_frame_000154.png 0.8241939933158834 0.5641112566643137 -0.049836788939858205 -0.5657760453551686 0.8240371657487482 -0.029334791600501276 0.02451998307466791 0.052374434822472074 0.9983265245090853 -4.976461373311594 -2.93796258870816 2.969334532664675 PINHOLE 1280 1024 1023.423095703125 1023.2269287109375 595.927734375 510.6470947265625
dataset_9_undistorted/keyframe_1_frame_000155.png 0.8192175528289004 0.571292258100202 -0.05008057399115855 -0.5729576617688585 0.8190761892997699 -0.028880771032788688 0.024521074359592433 0.05235384714013328 0.9983276087697424 -4.9679353566857 -2.8570149671172658 3.1247229024424996 PINHOLE 1280 1024 1023.423095703125 1023.2269287109375 595.927734375 510.6470947265625
dataset_9_undistorted/keyframe_1_frame_000156.png 0.8167579690496347 0.5747914127555735 -0.05021120741666368 -0.5764578028544585 0.8166232630801024 -0.028676108385457137 0.024521499774858086 0.052366410244839075 0.9983267313642611 -5.022242773918634 -2.8749425469254675 3.1871720097831258 PINHOLE 1280 1024 1023.423095703125 1023.2269287109375 595.927734375 510.6470947265625
dataset_9_undistorted/keyframe_1_frame_000160.png 0.8061105673795677 0.5896189438143935 -0.0503514642480764 -0.5912654656742286 0.8060032035292602 -0.027643623870440184 0.02428505227311332 0.052055037750214216 0.9983489003186982 -5.0285010370832595 -2.769150171918227 3.515834152699881 PINHOLE 1280 1024 1023.423095703125 1023.2269287109375 595.927734375 510.6470947265625
dataset_9_undistorted/keyframe_1_frame_000162.png 0.8003236830100185 0.5974517408241774 -0.05033961298262911 -0.5990840312590968 0.8002267646761752 -0.027128465105814358 0.024075919414395533 0.0518695726920572 0.9983637084083797 -5.027626810363671 -2.71781252874257 3.686920850076717 PINHOLE 1280 1024 1023.423095703125 1023.2269287109375 595.927734375 510.6470947265625
dataset_9_undistorted/keyframe_1_frame_000165.png 0.7916203179890369 0.6089299407950038 -0.0504177152516791 -0.610548217155581 0.791538077828192 -0.026430206197804198 0.02381405214315055 0.05170541493546395 0.9983784150265088 -5.048018419126976 -2.6461825801932264 3.884896759043272 PINHOLE 1280 1024 1023.423095703125 1023.2269287109375 595.927734375 510.6470947265625
dataset_9_undistorted/keyframe_1_frame_000168.png 0.7837701701286709 0.6189566608348426 -0.05096521991647202 -0.6205897077401166 0.7837070452415615 -0.025905793232182894 0.02390789658276321 0.05193302853021246 0.9983641791091866 -5.090389384889903 -2.595501025163003 4.035116807365512 PINHOLE 1280 1024 1023.423095703125 1023.2269287109375 595.927734375 510.6470947265625
dataset_9_undistorted/keyframe_1_frame_000178.png 0.7569343888587293 0.6509875472108193 -0.0571491034541995 -0.6529623018106727 0.7569396955629365 -0.026118858801481643 0.026256177174560677 0.05708681895843381 0.99802389167419 -5.7036113353585165 -2.6146236685490294 4.657256693571753 PINHOLE 1280 1024 1023.423095703125 1023.2269287109375 595.927734375 510.6470947265625
dataset_9_undistorted/keyframe_1_frame_000180.png 0.7515469227593649 0.6571122361442866 -0.05814788545128354 -0.6591364718495256 0.7515795694755164 -0.025814209065667167 0.026740681370901877 0.057728246780436275 0.9979738902173967 -5.753967486162139 -2.5547203946455284 4.750231753479284 PINHOLE 1280 1024 1023.423095703125 1023.2269287109375 595.927734375 510.6470947265625
dataset_9_undistorted/keyframe_1_frame_000184.png 0.7456860624289471 0.6634220796512024 -0.06184000054958618 -0.6656367978314772 0.7458619349505118 -0.024842952534347974 0.029643679157968665 0.05968834744186719 0.9977766873151067 -6.16832849729451 -2.4874993036937667 4.7470732971155485 PINHOLE 1280 1024 1023.423095703125 1023.2269287109375 595.927734375 510.6470947265625
dataset_9_undistorted/keyframe_1_frame_000185.png 0.7473131669672753 0.6614563860531906 -0.06323784608738288 -0.6637431580233224 0.7475600262348544 -0.024464950715231207 0.031092493320667394 0.060256977876851504 0.9976986081160415 -6.306539299505744 -2.450292770368378 4.691302732343502 PINHOLE 1280 1024 1023.423095703125 1023.2269287109375 595.927734375 510.6470947265625
dataset_9_undistorted/keyframe_1_frame_000186.png 0.7492658129716702 0.6590790641076504 -0.06493406278913195 -0.6614628284118993 0.7495836845199284 -0.024302344952740536 0.03265719818618548 0.06116080666125033 0.9975934280362753 -6.474282599849403 -2.43425290115988 4.679053648737636 PINHOLE 1280 1024 1023.423095703125 1023.2269287109375 595.927734375 510.6470947265625
dataset_9_undistorted/keyframe_1_frame_000187.png 0.7508518740844331 0.6570852947835178 -0.0667900677214749 -0.6595808889842428 0.7512427290933572 -0.024234510037090904 0.03425239524610247 0.06225016125707284 0.9974726637725841 -6.609214518552847 -2.3984759956294965 4.671165149785679 PINHOLE 1280 1024 1023.423095703125 1023.2269287109375 595.927734375 510.6470947265625
dataset_9_undistorted/keyframe_1_frame_000193.png 0.7525770715198706 0.6532097462578902 -0.0833402143116201 -0.6569367318185945 0.7534742722428746 -0.026645970594288932 0.045390329556197644 0.07480300927854974 0.9961646715093856 -8.295405768305386 -2.6665341838588574 4.267799852426492 PINHOLE 1280 1024 1023.423095703125 1023.2269287109375 595.927734375 510.6470947265625
dataset_9_undistorted/keyframe_1_frame_000194.png 0.7523872849280382 0.6530579720366585 -0.086196394274225 -0.6570133918588144 0.7533991710908717 -0.02688240941513211 0.04738563588314575 0.07685860946252776 0.995915329332831 -8.57807790929715 -2.6900123963700935 4.190705033959148 PINHOLE 1280 1024 1023.423095703125 1023.2269287109375 595.927734375 510.6470947265625
dataset_9_undistorted/keyframe_1_frame_000197.png 0.7484107756330666 0.6567099766688349 -0.0928138368059476 -0.6610059834414387 0.7500191363429985 -0.023285787378600473 0.05432134230585807 0.07877833317821728 0.9954112226356068 -9.233079377311185 -2.3338178376845917 3.4634516492554894 PINHOLE 1280 1024 1023.423095703125 1023.2269287109375 595.927734375 510.6470947265625
dataset_9_undistorted/keyframe_1_frame_000199.png 0.7451886804677262 0.6598001811838985 -0.09674197023973201 -0.6642331409180677 0.7472551889326269 -0.02007274017874911 0.059048072455607406 0.07921786110268299 0.9951064803950805 -9.621806429850892 -2.0154341807588025 2.989609985830043 PINHOLE 1280 1024 1023.423095703125 1023.2269287109375 595.927734375 510.6470947265625
dataset_9_undistorted/keyframe_1_frame_000200.png 0.7432755998787703 0.6617089893538884 -0.09840561594379382 -0.666188295814009 0.7455522082324125 -0.01854668498889323 0.06109540780662108 0.07934247242033694 0.9949733378891169 -9.78649113401218 -1.8644281077163214 2.8212889862425072 PINHOLE 1280 1024 1023.423095703125 1023.2269287109375 595.927734375 510.6470947265625
dataset_9_undistorted/keyframe_1_frame_000205.png 0.7418235387974504 0.6616372582307494 -0.10924637779690123 -0.666380099055069 0.7455480477199105 -0.00966991518275999 0.0750519247623848 0.07997352710347876 0.9939671726867355 -10.81043958577979 -0.9570122777063261 2.1573635862106357 PINHOLE 1280 1024 1023.423095703125 1023.2269287109375 595.927734375 510.6470947265625
dataset_9_undistorted/keyframe_1_frame_000206.png 0.7436912643395397 0.6592986101152165 -0.11068105737765806 -0.6640503471503989 0.7476399798581863 -0.008429542795346094 0.07719328738409086 0.07976766528787513 0.9938201305633709 -10.952384441408043 -0.8343806037494232 2.1501625907050084 PINHOLE 1280 1024 1023.423095703125 1023.2269287109375 595.927734375 510.6470947265625
dataset_9_undistorted/keyframe_1_frame_000227.png 0.7456315094965145 0.6516718070274169 -0.13913677516122375 -0.656106744138344 0.7544619329939973 0.017569103376131438 0.11642444154616871 0.07818949442594822 0.9901168965046889 -13.828109055408447 1.711694500756039 -1.5893041282403146 PINHOLE 1280 1024 1023.423095703125 1023.2269287109375 595.927734375 510.6470947265625
dataset_9_undistorted/keyframe_1_frame_000229.png 0.7486077625265808 0.6473445422087925 -0.1432930072120929 -0.6519432431402146 0.7580390521431238 0.018557984028500722 0.12063700430959219 0.0795271623123297 0.9895057856582181 -14.227450069431598 1.806817546852244 -1.5492618907476299 PINHOLE 1280 1024 1023.423095703125 1023.2269287109375 595.927734375 510.6470947265625
dataset_9_undistorted/keyframe_1_frame_000231.png 0.7513839088306903 0.643047190569896 -0.14803422062041774 -0.6478748133640192 0.7614977747605022 0.019407544133086072 0.12520945213977028 0.08132627477518724 0.9887910770993844 -14.70319292210101 1.8880719762157696 -1.4874798840775156 PINHOLE 1280 1024 1023.423095703125 1023.2269287109375 595.927734375 510.6470947265625
dataset_9_undistorted/keyframe_1_frame_000233.png 0.754157129703656 0.6385209157808174 -0.15342664033447834 -0.6434759191646834 0.7651647591176097 0.021430374421095556 0.1310824378018031 0.08256550412818717 0.9879271677347843 -15.22985441098794 2.090524284097228 -1.5699673766382602 PINHOLE 1280 1024 1023.423095703125 1023.2269287109375 595.927734375 510.6470947265625
dataset_9_undistorted/keyframe_1_frame_000235.png 0.7561266686150202 0.6348815611676133 -0.15874331737597858 -0.6398282732431612 0.7681280685793093 0.02441430292676067 0.1374373525035357 0.0831092948418195 0.9870171035397477 -15.750587645596141 2.3806496307227007 -1.8888277256288575 PINHOLE 1280 1024 1023.423095703125 1023.2269287109375 595.927734375 510.6470947265625
dataset_9_undistorted/keyframe_1_frame_000238.png 0.7555669151281199 0.6336803364558867 -0.16604220139105108 -0.6386525338934148 0.7689664016673362 0.028486690916043073 0.14573453202506687 0.08452086382142561 0.9857067142868794 -16.4779587618728 2.788535407630434 -2.358614052957705 PINHOLE 1280 1024 1023.423095703125 1023.2269287109375 595.927734375 510.6470947265625
dataset_9_undistorted/keyframe_1_frame_000239.png 0.7551667221090074 0.6335557118960985 -0.16832181939755478 -0.6385239684507432 0.7690215357589917 0.029835256980285 0.14834759388717278 0.08494818206714495 0.985279948512624 -16.70355505899923 2.922003210322373 -2.5250978818094154 PINHOLE 1280 1024 1023.423095703125 1023.2269287109375 595.927734375 510.6470947265625
dataset_9_undistorted/keyframe_1_frame_000247.png 0.7569093104821446 0.6271245570889212 -0.1838634864364885 -0.6324850617043803 0.7737623112162582 0.03539129905837055 0.16446356733980375 0.08950425376813198 0.9823140644618474 -18.205469751066843 3.5043466977458593 -4.578335056506489 PINHOLE 1280 1024 1023.423095703125 1023.2269287109375 595.927734375 510.6470947265625
dataset_9_undistorted/keyframe_1_frame_000250.png 0.7574509408731478 0.6245924821804038 -0.19014497425303728 -0.629987215860277 0.7756594269114397 0.03829578830506814 0.17140930411605818 0.09078304951177106 0.981008711160305 -18.862555510011674 3.758717491091602 -5.402074393792077 PINHOLE 1280 1024 1023.423095703125 1023.2269287109375 595.927734375 510.6470947265625
dataset_9_undistorted/keyframe_1_frame_000253.png 0.7594599039231682 0.6199631278984687 -0.19715194487928644 -0.6254476177272419 0.7791917462629403 0.04089794147893359 0.17897690870523522 0.0922491484548628 0.9795189621058498 -19.55568240935868 4.016061833615822 -6.176073689448913 PINHOLE 1280 1024 1023.423095703125 1023.2269287109375 595.927734375 510.6470947265625
dataset_9_undistorted/keyframe_1_frame_000254.png 0.7609258340511156 0.6174147970408922 -0.1994812019474726 -0.6229303190633612 0.7811689283167442 0.04159087280360181 0.18150995538538678 0.09261674563662868 0.9790182320950372 -19.73929072970003 4.115875362929501 -6.392601843173566 PINHOLE 1280 1024 1023.423095703125 1023.2269287109375 595.927734375 510.6470947265625
dataset_9_undistorted/keyframe_1_frame_000257.png 0.7636831282492782 0.6119734798673869 -0.20561898819586064 -0.6174450979484437 0.7853695592918867 0.044197746154571796 0.1885371921609026 0.09320692960775774 0.9776330508146865 -20.404609868331036 4.343930853944812 -6.988248618396028 PINHOLE 1280 1024 1023.423095703125 1023.2269287109375 595.927734375 510.6470947265625
dataset_9_undistorted/keyframe_1_frame_000258.png 0.7644596274579911 0.6101820267401592 -0.20804110681593002 -0.615551996068712 0.7867690388810377 0.045676478264236035 0.1915540960032233 0.09314379149936329 0.9770522931195943 -20.632736346626984 4.488409499329919 -7.2445428131939025 PINHOLE 1280 1024 1023.423095703125 1023.2269287109375 595.927734375 510.6470947265625
dataset_9_undistorted/keyframe_1_frame_000263.png 0.7700075669932428 0.5997081132143915 -0.21780942184706592 -0.6048671039998549 0.794759954462345 0.04989033281763802 0.20302853195223916 0.09333149057002295 0.9747145695110044 -21.552838615709668 4.937298862480702 -8.27316752337947 PINHOLE 1280 1024 1023.423095703125 1023.2269287109375 595.927734375 510.6470947265625
dataset_9_undistorted/keyframe_1_frame_000265.png 0.7670029054551608 0.60355585680812 -0.21778342165400286 -0.6083790059774414 0.7919335087630234 0.052082233345235124 0.20390714871415996 0.09254943120446003 0.9746055269930336 -21.596384505372512 5.121962788264 -7.949658468268126 PINHOLE 1280 1024 1023.423095703125 1023.2269287109375 595.927734375 510.6470947265625
dataset_9_undistorted/keyframe_1_frame_000266.png 0.7635692637709582 0.6075150740504327 -0.21883792903620458 -0.6121204654546889 0.7889007047050082 0.0542291672673295 0.20558905109711567 0.09254927594519538 0.9742524833920488 -21.71234105289136 5.33622578026484 -7.9800749225986465 PINHOLE 1280 1024 1023.423095703125 1023.2269287109375 595.927734375 510.6470947265625
dataset_9_undistorted/keyframe_1_frame_000268.png 0.7575054536385409 0.6141257104824801 -0.22144443629345026 -0.6185196355192144 0.783661210582403 0.057483404628659196 0.20884231315311952 0.0934255144959113 0.9734763869848732 -21.95900872288476 5.657014767654573 -8.138054763269338 PINHOLE 1280 1024 1023.423095703125 1023.2269287109375 595.927734375 510.6470947265625
dataset_9_undistorted/keyframe_1_frame_000273.png 0.7472953063216689 0.6227865895953801 -0.2317097907233034 -0.6272915876949708 0.7762145563506802 0.06317771136422386 0.21920563337385696 0.09813903025968526 0.9707301070341399 -22.975191656812214 6.221122336418375 -9.061741679467673 PINHOLE 1280 1024 1023.423095703125 1023.2269287109375 595.927734375 510.6470947265625
dataset_9_undistorted/keyframe_1_frame_000274.png 0.7443293859710514 0.6253564069351519 -0.23432164858497062 -0.629886321681149 0.7739831963001927 0.06472640006036934 0.22184102040759196 0.09942012530042278 0.9700015368593435 -23.233778655482965 6.37437348295839 -9.384088160360648 PINHOLE 1280 1024 1023.423095703125 1023.2269287109375 595.927734375 510.6470947265625
dataset_9_undistorted/keyframe_1_frame_000281.png 0.7276551715129905 0.6391511253924429 -0.24901262395463591 -0.6437827119118338 0.7616478049296551 0.07369608734746 0.23676601053566254 0.10668647634325937 0.9656909970227123 -24.687851207276523 7.263026085086949 -11.326564857848325 PINHOLE 1280 1024 1023.423095703125 1023.2269287109375 595.927734375 510.6470947265625
dataset_9_undistorted/keyframe_1_frame_000283.png 0.721357610447578 0.6452003506266736 -0.25172205487159127 -0.6497661981630198 0.7562810974545362 0.07640864449448238 0.23967460537478688 0.10844441085810247 0.964777777990786 -24.956246827071425 7.5316438220907 -11.732704922090761 PINHOLE 1280 1024 1023.423095703125 1023.2269287109375 595.927734375 510.6470947265625
dataset_9_undistorted/keyframe_1_frame_000291.png 0.6996224967474867 0.6659543686337406 -0.2589158622827138 -0.6701962075668844 0.7372593141301368 0.0853236266786602 0.24771295144557526 0.11383212620952393 0.9621230694470347 -25.679808940121433 8.41761453988056 -13.359151000081283 PINHOLE 1280 1024 1023.423095703125 1023.2269287109375 595.927734375 510.6470947265625
dataset_9_undistorted/keyframe_1_frame_000299.png 0.6746396460452303 0.6865054048216701 -0.27124973716041284 -0.6908618869934245 0.7166507732335531 0.09547293394364374 0.25993753689508164 0.12298841207797856 0.9577611535852765 -26.883755180736557 9.414642422678298 -14.250844884410185 PINHOLE 1280 1024 1023.423095703125 1023.2269287109375 595.927734375 510.6470947265625
dataset_9_undistorted/keyframe_1_frame_000309.png 0.6464419390956646 0.7045918819440399 -0.29269163704852996 -0.7101615216238556 0.6958963310709223 0.10673314464103588 0.27889021696073385 0.1388637591411799 0.9502304737857215 -29.01246281150867 10.536465420757395 -15.233685891411938 PINHOLE 1280 1024 1023.423095703125 1023.2269287109375 595.927734375 510.6470947265625
dataset_9_undistorted/keyframe_1_frame_000361.png 0.4849754420177573 0.8107747590547587 -0.32779500091427055 -0.8066974984412005 0.5594767998650368 0.19030093682913338 0.3376895558808669 0.17214277000978964 0.9253826053252592 -32.489280434030945 18.814793271766803 -23.423507571415485 PINHOLE 1280 1024 1023.423095703125 1023.2269287109375 595.927734375 510.6470947265625
dataset_9_undistorted/keyframe_1_frame_000365.png 0.47157879881548487 0.8184505305031986 -0.3282684068232532 -0.8142164392125423 0.5470728055504064 0.19430227095376612 0.33861794256143596 0.1756553945391674 0.9243832717105325 -32.53646791644837 19.2115556813485 -23.520046244356536 PINHOLE 1280 1024 1023.423095703125 1023.2269287109375 595.927734375 510.6470947265625
dataset_9_undistorted/keyframe_1_frame_000378.png 0.4282835531920944 0.8408863635490849 -0.33089369546032044 -0.836071012390935 0.5076668908307733 0.20796498674704514 0.34286332169075767 0.18758578756917374 0.9204657723935151 -32.80568457880463 20.571333889672815 -24.221386560613723 PINHOLE 1280 1024 1023.423095703125 1023.2269287109375 595.927734375 510.6470947265625
dataset_9_undistorted/keyframe_1_frame_000379.png 0.4234651269937653 0.8431839039588743 -0.33124849758395813 -0.8381800523386478 0.5033942631488401 0.20985308559476276 0.3436979968986395 0.1887833720071775 0.9199095526282159 -32.832021711832 20.753112059830755 -24.421942773018145 PINHOLE 1280 1024 1023.423095703125 1023.2269287109375 595.927734375 510.6470947265625
dataset_9_undistorted/keyframe_1_frame_000391.png 0.37676182766076033 0.8656103138730589 -0.3298128848730738 -0.858111849615118 0.46023250673247074 0.22764007511833412 0.34884296698097855 0.19725313705298614 0.9161882157954022 -32.636903732718224 22.525829384230747 -26.692097212721137 PINHOLE 1280 1024 1023.423095703125 1023.2269287109375 595.927734375 510.6470947265625
dataset_9_undistorted/keyframe_1_frame_000404.png 0.3143729513681602 0.8922369349188719 -0.324177430708383 -0.8839407345997228 0.39964385047888507 0.2427414751195605 0.34614337589212374 0.2102453626563263 0.9143217303031104 -32.133480078324396 24.01394875622441 -27.186147637544877 PINHOLE 1280 1024 1023.423095703125 1023.2269287109375 595.927734375 510.6470947265625
dataset_9_undistorted/keyframe_1_frame_000419.png 0.23574774602827675 0.9175376519932482 -0.32024093807808224 -0.9107186312890222 0.32357655842991884 0.2566710352506403 0.339132919088329 0.231142852444772 0.9119011413961811 -31.690245633056747 25.398520890023974 -26.693838886608205 PINHOLE 1280 1024 1023.423095703125 1023.2269287109375 595.927734375 510.6470947265625
dataset_9_undistorted/keyframe_1_frame_000429.png 0.19384944075850527 0.9290481665250079 -0.315115234685106 -0.9208369076489694 0.2830877590835412 0.2681623122490804 0.3383462510590807 0.23818973045344616 0.910378416438467 -31.237004267689827 26.536383431390277 -27.366398837501833 PINHOLE 1280 1024 1023.423095703125 1023.2269287109375 595.927734375 510.6470947265625
dataset_9_undistorted/keyframe_1_frame_000471.png 0.2850765367377027 0.9023684004691988 -0.3232178797338278 -0.8651341781060119 0.38739930026467256 0.3185179048723813 0.41264024548156897 0.1888282207780092 0.8911080531490675 -31.984184895731573 31.518618055661136 -29.27353258759217 PINHOLE 1280 1024 1023.423095703125 1023.2269287109375 595.927734375 510.6470947265625
dataset_9_undistorted/keyframe_1_frame_000476.png 0.2936303187764985 0.8970249717777511 -0.3303563675248173 -0.8578917991788455 0.39971838789717673 0.32285576581620956 0.42166459662410216 0.18861314358974654 0.8869195870220394 -32.69064589038328 31.94796444086137 -29.470514751157395 PINHOLE 1280 1024 1023.423095703125 1023.2269287109375 595.927734375 510.6470947265625
dataset_9_undistorted/keyframe_1_frame_000508.png 0.3109092970598656 0.8922895645228278 -0.32735595636862574 -0.8602694346093979 0.4106153002455963 0.3021928737500512 0.404066162184883 0.1876631096036793 0.8952733967017896 -32.44752164590386 29.89608483853658 -31.0886797447734 PINHOLE 1280 1024 1023.423095703125 1023.2269287109375 595.927734375 510.6470947265625
dataset_9_undistorted/keyframe_1_frame_000513.png 0.31609599307841196 0.8890902482219931 -0.3310743739140585 -0.8609149045958725 0.415426992537794 0.2936578404019141 0.39863078080697656 0.19220621715649247 0.8967456022433012 -32.823537054977805 29.05708987191474 -31.904697939869777 PINHOLE 1280 1024 1023.423095703125 1023.2269287109375 595.927734375 510.6470947265625
dataset_9_undistorted/keyframe_1_frame_000517.png 0.3318627885761169 0.8806020615695431 -0.33825177806748186 -0.8574249135181206 0.43107744239919965 0.2810397951804216 0.39330233247908053 0.19676224549530671 0.8981087588501437 -33.52558033873174 27.801767826015066 -32.964683338553186 PINHOLE 1280 1024 1023.423095703125 1023.2269287109375 595.927734375 510.6470947265625
dataset_9_undistorted/keyframe_1_frame_000518.png 0.33551502821720175 0.8785505224463128 -0.33997896235641156 -0.8566708372413386 0.43466023357468697 0.27780203950587723 0.39184396952702677 0.19804652837097184 0.8984639644483152 -33.69649187464472 27.481046295982424 -33.294269966223396 PINHOLE 1280 1024 1023.423095703125 1023.2269287109375 595.927734375 510.6470947265625
dataset_9_undistorted/keyframe_1_frame_000527.png 0.3686941265265053 0.858540834333939 -0.35634394098390515 -0.8486234484697508 0.46731736620326697 0.24787592043770235 0.379342359912057 0.21101460888983664 0.9008743507289313 -35.31563934220776 24.517689194553896 -37.27165883282794 PINHOLE 1280 1024 1023.423095703125 1023.2269287109375 595.927734375 510.6470947265625
dataset_9_undistorted/keyframe_1_frame_000540.png 0.33425198132996525 0.8750244121713885 -0.3501658999640744 -0.8593703530291771 0.4355054596111896 0.2679675765237881 0.3869827159950564 0.21135675450557206 0.8975384018761151 -34.70460180826626 26.507774278512215 -38.88568727207212 PINHOLE 1280 1024 1023.423095703125 1023.2269287109375 595.927734375 510.6470947265625
dataset_9_undistorted/keyframe_1_frame_000541.png 0.3305838245851653 0.8769486381599766 -0.34882970464299096 -0.8604455782032178 0.43189762365880263 0.2703449329828611 0.3877426473679823 0.21078051022703181 0.8973451267712258 -34.572255560289136 26.743355930407233 -38.90943314489516 PINHOLE 1280 1024 1023.423095703125 1023.2269287109375 595.927734375 510.6470947265625
dataset_9_undistorted/keyframe_1_frame_000546.png 0.31153327234747624 0.8863971306586577 -0.34242389037480087 -0.8657204104821566 0.413315043346981 0.2822900251546545 0.39175544351785885 0.20850422164509425 0.8961335853153634 -33.93347789000347 27.917066938067364 -39.204964762280156 PINHOLE 1280 1024 1023.423095703125 1023.2269287109375 595.927734375 510.6470947265625
dataset_9_undistorted/keyframe_1_frame_000548.png 0.3028581267123992 0.8905790404471975 -0.3393436132111048 -0.8680260789120658 0.4047575895041827 0.28756135368450203 0.3934530920996758 0.20747217979073831 0.8956295877355587 -33.58022942514299 28.45524901463682 -39.344288207207 PINHOLE 1280 1024 1023.423095703125 1023.2269287109375 595.927734375 510.6470947265625
dataset_9_undistorted/keyframe_1_frame_000566.png 0.17573742516906168 0.9406389885695055 -0.2903822228379403 -0.894274787157083 0.2758509344904053 0.35237637221090656 0.41156657526628243 0.1977593307248164 0.8896666682943025 -28.789299532407085 34.86990524004909 -41.07134290557559 PINHOLE 1280 1024 1023.423095703125 1023.2269287109375 595.927734375 510.6470947265625
dataset_9_undistorted/keyframe_1_frame_000570.png 0.15334925789055245 0.9474689779811389 -0.28069942585517 -0.8971628190391071 0.25255486718056464 0.3623603054972423 0.4142226144080335 0.19626890381294287 0.8887628316844093 -27.83100530781826 35.85927488186462 -41.34050700554275 PINHOLE 1280 1024 1023.423095703125 1023.2269287109375 595.927734375 510.6470947265625
dataset_9_undistorted/keyframe_1_frame_000581.png 0.14453738898967805 0.9521221561208435 -0.2694044696813444 -0.9028632935704599 0.2383013473062471 0.3578275295206412 0.4049003474168792 0.19151924785652757 0.8940795816439671 -26.713473235371453 35.41152749109483 -38.21018745502852 PINHOLE 1280 1024 1023.423095703125 1023.2269287109375 595.927734375 510.6470947265625
dataset_9_undistorted/keyframe_1_frame_000585.png 0.1556842980491739 0.9497065416158414 -0.27171029863496393 -0.9032940445841088 0.24818612315808344 0.34993470312504316 0.39977520699356117 0.19095836739513722 0.8965024484395411 -26.948450577705216 34.63713492537795 -36.96076995413722 PINHOLE 1280 1024 1023.423095703125 1023.2269287109375 595.927734375 510.6470947265625
dataset_9_undistorted/keyframe_2_frame_000003.png 0.9996939788069434 -0.024477094857203847 -0.0035809261476907415 0.024466000671425174 0.9996960356790403 -0.003110319144120522 0.0036562572525929045 0.0030218053104031253 0.9999885099772108 -0.5109023936114454 -0.38238682192877604 -0.02685987909421783 PINHOLE 1280 1024 1023.423095703125 1023.2269287109375 595.927734375 510.6470947265625
dataset_9_undistorted/keyframe_2_frame_000011.png 0.9961049695318492 -0.08725899122273487 -0.012671752708304255 0.0871366203296931 0.9961471092240416 -0.009917227673619862 0.013488428453979124 0.008774443663127122 0.9998703897779527 -1.645436405457417 -1.2475851491058165 -0.03827192562050641 PINHOLE 1280 1024 1023.423095703125 1023.2269287109375 595.927734375 510.6470947265625
dataset_9_undistorted/keyframe_2_frame_000015.png 0.9930418250021407 -0.11677925583721567 -0.015164513833278109 0.1165725751414461 0.9930854818319094 -0.013871917519300643 0.016679901889048786 0.012007730994635408 0.9997882082177838 -1.9582973546982885 -1.7456567598540005 -0.002518822233582796 PINHOLE 1280 1024 1023.423095703125 1023.2269287109375 595.927734375 510.6470947265625
dataset_9_undistorted/keyframe_2_frame_000018.png 0.9901804853412802 -0.13887221754825424 -0.016048033922326958 0.13858978748997464 0.9901945064976752 -0.01756763438771503 0.01833064015513289 0.015171195924127766 0.9997168548296387 -2.0692285977700067 -2.210992092551578 0.04429746803282342 PINHOLE 1280 1024 1023.423095703125 1023.2269287109375 595.927734375 510.6470947265625
dataset_9_undistorted/keyframe_2_frame_000020.png 0.9872737812908275 -0.15817545851556597 -0.016472099062947606 0.15782606115714212 0.9872493046082085 -0.020727445367564087 0.01954097980928133 0.01786410625479871 0.9996496305590146 -2.122430430623581 -2.6086290178723175 0.08522549787221578 PINHOLE 1280 1024 1023.423095703125 1023.2269287109375 595.927734375 510.6470947265625
dataset_9_undistorted/keyframe_2_frame_000021.png 0.9856139673586388 -0.16818667072915208 -0.016630164523193637 0.16779866739416108 0.9855644310964617 -0.022500248592951914 0.02017460595306288 0.01938624350580585 0.9996076456253539 -2.142021440971007 -2.831881347266517 0.11541566164430606 PINHOLE 1280 1024 1023.423095703125 1023.2269287109375 595.927734375 510.6470947265625
dataset_9_undistorted/keyframe_2_frame_000023.png 0.9816433283815873 -0.1899955127618707 -0.016646011654184754 0.18952605077364154 0.9815228309254915 -0.02631915112556772 0.021339211002073144 0.02268141120680327 0.9995145023663767 -2.1439665244182606 -3.3124444794104875 0.19787675365739688 PINHOLE 1280 1024 1023.423095703125 1023.2269287109375 595.927734375 510.6470947265625
dataset_9_undistorted/keyframe_2_frame_000024.png 0.9794202140380788 -0.2011519420675948 -0.016556337057397553 0.2006394952491019 0.9792553412397417 -0.028337138364336878 0.02191298066495987 0.02443237718254063 0.9994613615059071 -2.132673394255903 -3.566557536584696 0.24649540777079437 PINHOLE 1280 1024 1023.423095703125 1023.2269287109375 595.927734375 510.6470947265625
dataset_9_undistorted/keyframe_2_frame_000027.png 0.9719386532958201 -0.23468127998707866 -0.01613565741896892 0.23402819033225136 0.9716133145484356 -0.03463362760042098 0.02380581033592446 0.029885757435934 0.9992698146338395 -2.079651257163846 -4.358910037426767 0.41473104717204023 PINHOLE 1280 1024 1023.423095703125 1023.2269287109375 595.927734375 510.6470947265625
dataset_9_undistorted/keyframe_2_frame_000033.png 0.9520842791960649 -0.3054957641401379 -0.014397683468871205 0.3045206387203655 0.9513007107635804 -0.0479016844355233 0.02833036364787249 0.04122254792809338 0.9987483283323664 -1.808324191095437 -6.015160397439104 0.7978521808940968 PINHOLE 1280 1024 1023.423095703125 1023.2269287109375 595.927734375 510.6470947265625
dataset_9_undistorted/keyframe_2_frame_000035.png 0.944710868082025 -0.3276182935721174 -0.013655417055414735 0.32652377481926265 0.9437374007801653 -0.052373993394169864 0.03004618839370967 0.0450199926581983 0.9985334449855209 -1.7668950769206617 -6.591399739560302 0.9114326987813683 PINHOLE 1280 1024 1023.423095703125 1023.2269287109375 595.927734375 510.6470947265625
dataset_9_undistorted/keyframe_2_frame_000047.png 0.8997813749292142 -0.43631156591520387 -0.004950357418550812 0.4346994807860931 0.8973230660472461 -0.07647682316894859 0.03781002534654521 0.06666125985351316 0.9970589573443083 -0.6720258523415623 -9.623809610672879 1.6129058044816702 PINHOLE 1280 1024 1023.423095703125 1023.2269287109375 595.927734375 510.6470947265625
dataset_9_undistorted/keyframe_2_frame_000051.png 0.8870774417584536 -0.46161895028935257 -0.0011942474773137621 0.45996248901549525 0.884105825728603 -0.0824232122782252 0.03910425693608946 0.07256731217078917 0.9965969434772284 -0.19984343749911204 -10.371852740154736 1.7836765507587415 PINHOLE 1280 1024 1023.423095703125 1023.2269287109375 595.927734375 510.6470947265625
dataset_9_undistorted/keyframe_2_frame_000052.png 0.8835640840824652 -0.4683083284112486 -0.0001381321462582128 0.46665201052891997 0.8804628179513626 -0.08379912034459723 0.03936562317908888 0.07397844784984318 0.996482282922969 -0.017898636914623012 -10.523082192613629 1.8551257621214745 PINHOLE 1280 1024 1023.423095703125 1023.2269287109375 595.927734375 510.6470947265625
dataset_9_undistorted/keyframe_2_frame_000053.png 0.8804953601749863 -0.4740532191465266 0.0007970447069264573 0.4723886054382311 0.8772593997557611 -0.08524732994114623 0.03971280585239373 0.07543735954220795 0.9963591786191617 0.05054864101214207 -10.727051872687525 1.8870214832794545 PINHOLE 1280 1024 1023.423095703125 1023.2269287109375 595.927734375 510.6470947265625
dataset_9_undistorted/keyframe_2_frame_000054.png 0.8778478090844093 -0.4789363002084046 0.0016807129866348383 0.4772671512823509 0.8744827681204805 -0.08659304165434265 0.04000293002791731 0.07681853531298105 0.9962424488445454 0.16158047766069217 -10.896389495751464 1.9401381126097021 PINHOLE 1280 1024 1023.423095703125 1023.2269287109375 595.927734375 510.6470947265625
dataset_9_undistorted/keyframe_2_frame_000057.png 0.8696560446121198 -0.4936370850023543 0.004390697757256842 0.4919725872375616 0.8659194087629565 -0.09026674178954767 0.04075735262676334 0.08066219171856723 0.9959079690569724 0.5507985924514571 -11.335202373528546 2.081725043097549 PINHOLE 1280 1024 1023.423095703125 1023.2269287109375 595.927734375 510.6470947265625
dataset_9_undistorted/keyframe_2_frame_000058.png 0.8671029949441643 -0.49810048205918495 0.005178404387087634 0.49643118563875605 0.8632465271594557 -0.09145043650435163 0.041081644609084825 0.08186874648797812 0.995795535582929 0.6013634068634985 -11.507213511809823 2.098504314596312 PINHOLE 1280 1024 1023.423095703125 1023.2269287109375 595.927734375 510.6470947265625
dataset_9_undistorted/keyframe_2_frame_000059.png 0.8641749512129113 -0.5031543640037994 0.006000676430921134 0.5014858401178509 0.8602046543957415 -0.09253118331030907 0.04139591426303893 0.08297345287984428 0.9956915490207621 0.7046870889963657 -11.643265916866767 2.1318283902833173 PINHOLE 1280 1024 1023.423095703125 1023.2269287109375 595.927734375 510.6470947265625
dataset_9_undistorted/keyframe_2_frame_000065.png 0.8489254355335176 -0.5284108552064631 0.010325140936617724 0.5267466548203877 0.8443320940022647 -0.09820294030439951 0.043173716285147656 0.08880675724992801 0.9951128948700109 1.2959000001073662 -12.331812956947033 2.243041418981761 PINHOLE 1280 1024 1023.423095703125 1023.2269287109375 595.927734375 510.6470947265625
dataset_9_undistorted/keyframe_2_frame_000078.png 0.8147267862828996 -0.5795460813646006 0.018586898722936732 0.5778851136914601 0.8089235904236272 -0.10813841859306583 0.04763616061869306 0.09884561879158511 0.9939616884888468 2.2873815552379497 -13.607217802334844 2.031681505071674 PINHOLE 1280 1024 1023.423095703125 1023.2269287109375 595.927734375 510.6470947265625
dataset_9_undistorted/keyframe_2_frame_000087.png 0.7966244260570141 -0.6040088446499913 0.023691539749969424 0.6023670116949834 0.7899685920367232 -0.11448123510460946 0.05043223651002365 0.10547096817900407 0.9931427029186832 2.9642969716044583 -14.373583530907581 1.5350105003648196 PINHOLE 1280 1024 1023.423095703125 1023.2269287109375 595.927734375 510.6470947265625
dataset_9_undistorted/keyframe_2_frame_000088.png 0.7982758364853078 -0.6017705926236032 0.02502474211886208 0.6002128625198386 0.7913856142296906 -0.11599903711436141 0.05000095165833934 0.10762076498967087 0.9929338268785315 3.0964555432737995 -14.595424340473528 1.536473586098623 PINHOLE 1280 1024 1023.423095703125 1023.2269287109375 595.927734375 510.6470947265625
dataset_9_undistorted/keyframe_2_frame_000092.png 0.8035355552937884 -0.5944167813727033 0.03158440822036919 0.5933879450882605 0.7956844190611452 -0.1215722641470586 0.047133849888327785 0.11643093210898622 0.9920801699614964 3.919746711561764 -15.29481643399572 1.574724413203512 PINHOLE 1280 1024 1023.423095703125 1023.2269287109375 595.927734375 510.6470947265625
dataset_9_undistorted/keyframe_2_frame_000104.png 0.7968627537430926 -0.60152623250432 0.05633517838942388 0.6025309955641245 0.7844091010247436 -0.1471817363967353 0.044344143256298804 0.1512292883463357 0.987504038042834 7.027615049013431 -18.51093228362606 1.167869518437783 PINHOLE 1280 1024 1023.423095703125 1023.2269287109375 595.927734375 510.6470947265625
dataset_9_undistorted/keyframe_2_frame_000105.png 0.7952664838600089 -0.6034334671479442 0.058449123770427186 0.6046231966934791 0.7823509621589547 -0.14953501042793718 0.04450684103325006 0.1542617779204012 0.9870267493128453 7.293152056452245 -18.806453002236594 1.1417375257921094 PINHOLE 1280 1024 1023.423095703125 1023.2269287109375 595.927734375 510.6470947265625
dataset_9_undistorted/keyframe_2_frame_000106.png 0.7938914614080238 -0.6050323796829673 0.06057201603231404 0.6064196067894826 0.7805073642773556 -0.1518765764512678 0.044613442515039584 0.15730770386147705 0.9865413114821938 7.5677159974687775 -19.105071975951432 1.0980561232078117 PINHOLE 1280 1024 1023.423095703125 1023.2269287109375 595.927734375 510.6470947265625
dataset_9_undistorted/keyframe_2_frame_000108.png 0.7898921952108647 -0.609768275837467 0.0651915837548655 0.6116243024077307 0.7756204723094772 -0.15598614767259436 0.04455190669586509 0.1630872102035651 0.9856049725103395 8.139881938128324 -19.616712895493492 1.0335488080349933 PINHOLE 1280 1024 1023.423095703125 1023.2269287109375 595.927734375 510.6470947265625
dataset_9_undistorted/keyframe_2_frame_000113.png 0.7813680571572185 -0.6194800705143957 0.07553492032396994 0.622588313841165 0.7654485782931021 -0.1627143440247703 0.042980540446583025 0.17416938786614009 0.9837776381057026 9.439002996468098 -20.462227661196266 0.8422973739365034 PINHOLE 1280 1024 1023.423095703125 1023.2269287109375 595.927734375 510.6470947265625
dataset_9_undistorted/keyframe_2_frame_000119.png 0.7835777241824834 -0.6157674142608295 0.08266496302009663 0.6200485231925479 0.766640235359069 -0.1667523056477162 0.03930650410435863 0.18192193763273046 0.9825269597884893 10.334104197166573 -20.96905828383501 1.0021436975927145 PINHOLE 1280 1024 1023.423095703125 1023.2269287109375 595.927734375 510.6470947265625
dataset_9_undistorted/keyframe_2_frame_000127.png 0.7880330316160378 -0.6074959313222322 0.09974362493468045 0.6149345062978916 0.7690338327976662 -0.17448879233593428 0.029295263977442542 0.19884134153714805 0.9795938658116182 12.478120432264983 -21.940083726474086 1.236145946355009 PINHOLE 1280 1024 1023.423095703125 1023.2269287109375 595.927734375 510.6470947265625
dataset_9_undistorted/keyframe_2_frame_000131.png 0.7908657220802174 -0.6025527938568458 0.10704090421820116 0.6115272283775316 0.7712961315106193 -0.1764681882222875 0.02377144832628253 0.2050238647667401 0.9784687169857751 13.39417055211183 -22.18846023352694 1.1415823504273703 PINHOLE 1280 1024 1023.423095703125 1023.2269287109375 595.927734375 510.6470947265625
dataset_9_undistorted/keyframe_2_frame_000133.png 0.7877257013033321 -0.606028498745875 0.11051660047082552 0.6155402952936799 0.7672226192971938 -0.18023244552921452 0.02443568446199939 0.21000395889843707 0.9773951904207137 13.83079903869491 -22.661273831121434 1.311281515933274 PINHOLE 1280 1024 1023.423095703125 1023.2269287109375 595.927734375 510.6470947265625
dataset_9_undistorted/keyframe_2_frame_000135.png 0.7835982324975183 -0.6107152845581847 0.1140043400610601 0.620758166400582 0.7622385115144016 -0.18345616660132003 0.0251412618166773 0.21452801585062156 0.9763943873000626 14.2582511100263 -23.063637817656627 1.4356139913088555 PINHOLE 1280 1024 1023.423095703125 1023.2269287109375 595.927734375 510.6470947265625
dataset_9_undistorted/keyframe_2_frame_000136.png 0.7804422140520588 -0.6140400178290877 0.11773023710606567 0.6247056632459856 0.7581607742094949 -0.1869193794038156 0.025517846933036457 0.21942954570398673 0.9752949222980525 14.7368029607381 -23.501533902097208 1.5857995761978145 PINHOLE 1280 1024 1023.423095703125 1023.2269287109375 595.927734375 510.6470947265625
dataset_9_undistorted/keyframe_2_frame_000140.png 0.7719006614074583 -0.6230013803750095 0.12662728503848175 0.6352252210562506 0.7477910148684445 -0.19313787477779987 0.025634651382403204 0.22952305306972592 0.9729658746293331 15.854244939904977 -24.282888878080485 1.905297623593924 PINHOLE 1280 1024 1023.423095703125 1023.2269287109375 595.927734375 510.6470947265625
dataset_9_undistorted/keyframe_2_frame_000145.png 0.7645641951938352 -0.6295742084988757 0.13810633963588848 0.6441156171953304 0.7384801997233211 -0.19941542711408441 0.0235583912006059 0.24142569042876655 0.9701336982988013 17.341217579931495 -25.04172643905349 2.4499300300890354 PINHOLE 1280 1024 1023.423095703125 1023.2269287109375 595.927734375 510.6470947265625
dataset_9_undistorted/keyframe_2_frame_000151.png 0.7604842430689671 -0.6307550810260115 0.15429300995421485 0.6491535295972701 0.7325651688177607 -0.2048223955168138 0.016163108848500158 0.2559275674135133 0.9665613766332163 19.328409862601294 -25.75088086904998 3.5636471418484916 PINHOLE 1280 1024 1023.423095703125 1023.2269287109375 595.927734375 510.6470947265625
dataset_9_undistorted/keyframe_2_frame_000154.png 0.7608642289156338 -0.628407102032729 0.16181745665289207 0.6488145805865859 0.7324590315937745 -0.20627178533708102 0.011098183395801708 0.26193804713089003 0.9650214111766221 20.273105985141488 -25.932723571117094 4.213309354290573 PINHOLE 1280 1024 1023.423095703125 1023.2269287109375 595.927734375 510.6470947265625
dataset_9_undistorted/keyframe_2_frame_000155.png 0.760257588644092 -0.6286297693902856 0.16379178401043445 0.6495432350916396 0.7317547867374299 -0.20647556287405552 0.009941564705145923 0.2633681892709578 0.9646439714169236 20.52114685657757 -25.95823962434838 4.377246904653589 PINHOLE 1280 1024 1023.423095703125 1023.2269287109375 595.927734375 510.6470947265625
dataset_9_undistorted/keyframe_2_frame_000160.png 0.7584891079259493 -0.6285541104521667 0.17207020900679906 0.6516621598026455 0.7293946686827536 -0.20814524968175957 0.0053235504451978844 0.27001143739887046 0.962843159953266 21.560515894814294 -26.168262498825925 5.1489033499460675 PINHOLE 1280 1024 1023.423095703125 1023.2269287109375 595.927734375 510.6470947265625
dataset_9_undistorted/keyframe_2_frame_000162.png 0.7568455499932687 -0.6296497292280465 0.17527291176167523 0.6535807015538363 0.7275195996974101 -0.20869245889108912 0.003888767295128158 0.2725065731687811 0.9621466614391709 21.962705844289232 -26.236949057723677 5.463841978851292 PINHOLE 1280 1024 1023.423095703125 1023.2269287109375 595.927734375 510.6470947265625
dataset_9_undistorted/keyframe_2_frame_000171.png 0.7409328058708584 -0.6418859916121414 0.1974729338203361 0.6715669950805317 0.7097700860817651 -0.21267008330783974 -0.003650083141967639 0.29019443490751 0.9569608137821368 24.751010360878514 -26.7374004632602 7.486235435113713 PINHOLE 1280 1024 1023.423095703125 1023.2269287109375 595.927734375 510.6470947265625
dataset_9_undistorted/keyframe_2_frame_000172.png 0.738234622003192 -0.644018919159266 0.20060930645124325 0.674526564021362 0.7068722605211459 -0.21295863506868218 -0.004655525780187009 0.2925335931611448 0.9562445214892812 25.144731341117186 -26.773888616236263 7.6630007744928434 PINHOLE 1280 1024 1023.423095703125 1023.2269287109375 595.927734375 510.6470947265625
dataset_9_undistorted/keyframe_2_frame_000174.png 0.7342786793326017 -0.6466833801250441 0.2064691995282391 0.6788117329073292 0.7025267182555525 -0.21371881360266343 -0.00684145672930008 0.2970871617333847 0.9548265620227591 25.869407787338808 -26.867409629347094 7.908614401897353 PINHOLE 1280 1024 1023.423095703125 1023.2269287109375 595.927734375 510.6470947265625
dataset_9_undistorted/keyframe_2_frame_000184.png 0.7247138446859258 -0.6483296028371244 0.23335158786959007 0.6886764564258377 0.6926515012759836 -0.21439338483487805 -0.022633422184954052 0.31608184942251566 0.9484628097647455 29.25644201340849 -26.954865096195817 8.926966372446032 PINHOLE 1280 1024 1023.423095703125 1023.2269287109375 595.927734375 510.6470947265625
dataset_9_undistorted/keyframe_2_frame_000194.png 0.7385607074850239 -0.6260146377168915 0.2502541739549767 0.6726993257116566 0.7089129035309018 -0.21195149700515992 -0.044723336414985555 0.324889570167615 0.9446945321323857 31.366384238826818 -26.6448782184018 11.459266036098484 PINHOLE 1280 1024 1023.423095703125 1023.2269287109375 595.927734375 510.6470947265625
dataset_9_undistorted/keyframe_2_frame_000199.png 0.7498993742499606 -0.6118660985661803 0.2515244455455449 0.6594352813034147 0.721740801308351 -0.21033310717488468 -0.05283928401479173 0.3235972536699712 0.944718471167227 31.536938478820467 -26.44296393165928 12.47031919906226 PINHOLE 1280 1024 1023.423095703125 1023.2269287109375 595.927734375 510.6470947265625
dataset_9_undistorted/keyframe_2_frame_000201.png 0.7558947467576461 -0.6045683848835012 0.25122367711630766 0.6522806583385983 0.728357636980857 -0.20983498792675542 -0.05612088383011951 0.3224858389057445 0.9449096801559081 31.49882998872583 -26.38019118221223 12.904502842463899 PINHOLE 1280 1024 1023.423095703125 1023.2269287109375 595.927734375 510.6470947265625
dataset_9_undistorted/keyframe_2_frame_000202.png 0.758780273205965 -0.6010273522543231 0.2510210126468503 0.6487776951388073 0.731592079162111 -0.20944331931463017 -0.05776349869540602 0.3217830202180898 0.945050742371235 31.46170789938408 -26.328251437194695 13.141130527209839 PINHOLE 1280 1024 1023.423095703125 1023.2269287109375 595.927734375 510.6470947265625
dataset_9_undistorted/keyframe_2_frame_000206.png 0.7698049681063043 -0.5873895214952846 0.24973412667226177 0.6350656553772286 0.7440711465692194 -0.20749692108070023 -0.06393811098352624 0.3183342304163654 0.945820248533872 31.31115946668025 -26.085537917589818 14.113110700545917 PINHOLE 1280 1024 1023.423095703125 1023.2269287109375 595.927734375 510.6470947265625
dataset_9_undistorted/keyframe_2_frame_000210.png 0.7804312488469672 -0.5744168787102929 0.24691341218588708 0.6213871671563501 0.756354051704688 -0.20448134687340727 -0.06929604110413058 0.31301665025933956 0.9472166511883479 30.956457480475407 -25.705938385736317 15.450127212300004 PINHOLE 1280 1024 1023.423095703125 1023.2269287109375 595.927734375 510.6470947265625
dataset_9_undistorted/keyframe_2_frame_000214.png 0.7811492213932835 -0.5745064199443765 0.24442131581518547 0.6203929212794165 0.7582208378743492 -0.20054853976473347 -0.07010845628475447 0.3082998775021102 0.9487026635635026 30.64354189538261 -25.21206393403486 16.708191397372616 PINHOLE 1280 1024 1023.423095703125 1023.2269287109375 595.927734375 510.6470947265625
dataset_9_undistorted/keyframe_2_frame_000215.png 0.7795741042897186 -0.577154588573594 0.24320765824813442 0.6224967259727864 0.7567994113063595 -0.1993929083746067 -0.06897872420258928 0.3068417795858448 0.9492578657439166 30.491279100839193 -25.067082654900105 16.998933815634132 PINHOLE 1280 1024 1023.423095703125 1023.2269287109375 595.927734375 510.6470947265625
dataset_9_undistorted/keyframe_2_frame_000217.png 0.7768125606252927 -0.5821221410596491 0.24018609185279347 0.6262945723454741 0.7539591580423408 -0.19825798530086333 -0.06567972854542233 0.304440894077748 0.9502646627059463 30.112029520262112 -24.924783341190277 17.14303453850789 PINHOLE 1280 1024 1023.423095703125 1023.2269287109375 595.927734375 510.6470947265625
dataset_9_undistorted/keyframe_2_frame_000218.png 0.7781604801181558 -0.5811524158734348 0.2381621857623022 0.6247235967887937 0.7552698932442597 -0.19822511538987445 -0.06467743397958656 0.3030409282417025 0.9507808757816392 29.857793095807125 -24.920740093005406 17.010475917301733 PINHOLE 1280 1024 1023.423095703125 1023.2269287109375 595.927734375 510.6470947265625
dataset_9_undistorted/keyframe_2_frame_000230.png 0.7634972620262986 -0.6098176236710584 0.21257485766812453 0.6447073871134605 0.738941703919456 -0.1957616439615679 -0.03770129395435399 0.2865160377711584 0.9573339383389076 26.645903170854808 -24.612695581161915 15.197345959054246 PINHOLE 1280 1024 1023.423095703125 1023.2269287109375 595.927734375 510.6470947265625
dataset_9_undistorted/keyframe_2_frame_000232.png 0.7591582064892359 -0.6166157210390915 0.2084670953195928 0.6500875989467485 0.7343131601506534 -0.19538665089204124 -0.03260123554163564 0.28385521597531693 0.9583135809715859 26.1304081939401 -24.56590313451329 14.812539431825826 PINHOLE 1280 1024 1023.423095703125 1023.2269287109375 595.927734375 510.6470947265625
dataset_9_undistorted/keyframe_2_frame_000236.png 0.749665608922953 -0.6298976028229151 0.20303963480060053 0.6613672436960141 0.7243144279019912 -0.19484995822323276 -0.024328724485076392 0.28035988754753816 0.9595866804841371 25.44948957852741 -24.499160351904493 14.208315562440248 PINHOLE 1280 1024 1023.423095703125 1023.2269287109375 595.927734375 510.6470947265625
dataset_9_undistorted/keyframe_2_frame_000237.png 0.7474812295199633 -0.6326775978880397 0.2024473513607383 0.6638764115779652 0.7221266579372234 -0.19443770012301012 -0.023176068822454588 0.2797425929375796 0.9597959113801385 25.375204855185977 -24.447619338837512 14.120579614166786 PINHOLE 1280 1024 1023.423095703125 1023.2269287109375 595.927734375 510.6470947265625
dataset_9_undistorted/keyframe_2_frame_000239.png 0.7480585895473013 -0.6321414512778011 0.20199127975118886 0.6631936849531904 0.7231531258400502 -0.19294957497701107 -0.024098836126351407 0.27830053949823497 0.9601922432654401 25.31790185417115 -24.260691512991798 14.067155522114604 PINHOLE 1280 1024 1023.423095703125 1023.2269287109375 595.927734375 510.6470947265625
dataset_9_undistorted/keyframe_2_frame_000241.png 0.7501982785223209 -0.6295854754050489 0.20203874559503146 0.6607073914149806 0.7257019234389279 -0.19190426532118632 -0.025799395183045207 0.27745866452426887 0.9603913757149561 25.323785957906942 -24.129187038786995 14.817539393701736 PINHOLE 1280 1024 1023.423095703125 1023.2269287109375 595.927734375 510.6470947265625
dataset_9_undistorted/keyframe_2_frame_000242.png 0.7507611717645825 -0.628938637518647 0.2019624319368763 0.6600476835126379 0.7264316995347276 -0.1914154266335507 -0.026323061456999974 0.27701598250632403 0.9605055364828785 25.314169062441625 -24.067922822520813 15.198070399036737 PINHOLE 1280 1024 1023.423095703125 1023.2269287109375 595.927734375 510.6470947265625
dataset_9_undistorted/keyframe_2_frame_000245.png 0.7510895988818728 -0.6285530863412312 0.20194092931161725 0.6596235990319921 0.7272373931416326 -0.18981024285234063 -0.02755283223278395 0.27577344020702044 0.9608284864691967 25.30015584987115 -23.86395087900769 16.202901633029683 PINHOLE 1280 1024 1023.423095703125 1023.2269287109375 595.927734375 510.6470947265625
dataset_9_undistorted/keyframe_2_frame_000247.png 0.7519827092508735 -0.6275666657645186 0.20168521294927919 0.6585775364991258 0.7283553066340459 -0.18915304825236837 -0.02819197293756443 0.2750689180531155 0.9610109577670105 25.325041104773007 -23.752634969291194 16.76995852425887 PINHOLE 1280 1024 1023.423095703125 1023.2269287109375 595.927734375 510.6470947265625
dataset_9_undistorted/keyframe_2_frame_000248.png 0.7530426932357457 -0.6264164195512312 0.20130459726247857 0.6573591547072057 0.729450305516861 -0.18917279352792823 -0.02834058776798187 0.2747884319980978 0.9610874202290974 25.22019862947089 -23.783859412829997 17.021629089113162 PINHOLE 1280 1024 1023.423095703125 1023.2269287109375 595.927734375 510.6470947265625
dataset_9_undistorted/keyframe_2_frame_000254.png 0.7552961789825544 -0.6240132375297173 0.2003244751315829 0.6547793087360341 0.7315928723035582 -0.18984368561149745 -0.02809060491696858 0.27456029048807207 0.9611597170637834 25.108298757688154 -23.870158820602 19.056303128095692 PINHOLE 1280 1024 1023.423095703125 1023.2269287109375 595.927734375 510.6470947265625
dataset_9_undistorted/keyframe_2_frame_000259.png 0.7555107218246304 -0.6233181614335873 0.20167474338909308 0.654701498799371 0.7295472652257848 -0.19781959651854483 -0.023826460381227644 0.28149525396597436 0.9592674574240133 25.277738362573487 -24.871657028873642 20.318552048457946 PINHOLE 1280 1024 1023.423095703125 1023.2269287109375 595.927734375 510.6470947265625
dataset_9_undistorted/keyframe_2_frame_000260.png 0.755889956154614 -0.6227611224126265 0.2019743392933298 0.6542943242497326 0.7294039605763947 -0.19968588631068002 -0.02296392647538165 0.2830949985353498 0.958817602886126 25.31528198318177 -25.106065821903258 20.489388457834593 PINHOLE 1280 1024 1023.423095703125 1023.2269287109375 595.927734375 510.6470947265625
dataset_9_undistorted/keyframe_2_frame_000263.png 0.7601983786906336 -0.6176228911569102 0.20157956248341372 0.6493512711674784 0.7323072508417356 -0.20511853301949673 -0.020932099985358454 0.28683067921749383 0.9577526427691124 25.2543319888943 -25.78525741891667 21.024748915186365 PINHOLE 1280 1024 1023.423095703125 1023.2269287109375 595.927734375 510.6470947265625
dataset_9_undistorted/keyframe_2_frame_000268.png 0.7723102391436505 -0.6037814770401362 0.19743192880901825 0.6348771610244748 0.7441994327718393 -0.20761383176342876 -0.021575014140382952 0.2856913001893891 0.958079486958166 24.74416868490659 -26.100330082951587 21.476458374489653 PINHOLE 1280 1024 1023.423095703125 1023.2269287109375 595.927734375 510.6470947265625
dataset_9_undistorted/keyframe_2_frame_000272.png 0.7815801140645908 -0.5930742886156484 0.19336345634986474 0.6233629146145114 0.7541946575458736 -0.20643058964689762 -0.02340470161162562 0.28188140045327 0.9591634779482033 24.232957220902065 -25.950990643972546 21.636246287792687 PINHOLE 1280 1024 1023.423095703125 1023.2269287109375 595.927734375 510.6470947265625
dataset_9_undistorted/keyframe_2_frame_000273.png 0.7842497908182736 -0.5899794600876334 0.19201767956867288 0.6199787185342933 0.7571657764453631 -0.20574640248347129 -0.024002654654693853 0.2804072886987808 0.9595813706388565 24.063798932194146 -25.864862276579515 21.68945131073633 PINHOLE 1280 1024 1023.423095703125 1023.2269287109375 595.927734375 510.6470947265625
dataset_9_undistorted/keyframe_2_frame_000275.png 0.7882149900682112 -0.5852258366841689 0.19032054964171716 0.614872112405703 0.7617228807069398 -0.2042454138135226 -0.025441703524959086 0.2780159889160035 0.9602402502910935 23.850431825214955 -25.6761458650476 21.79934731144681 PINHOLE 1280 1024 1023.423095703125 1023.2269287109375 595.927734375 510.6470947265625
dataset_9_undistorted/keyframe_2_frame_000279.png 0.7975646075226555 -0.5732712187938847 0.18773756896172197 0.602546623007787 0.7719313187612903 -0.20264655301479967 -0.028748766078133686 0.2747481642804723 0.9610871492998971 23.525727451349027 -25.47466377428782 22.071867119985995 PINHOLE 1280 1024 1023.423095703125 1023.2269287109375 595.927734375 510.6470947265625
dataset_9_undistorted/keyframe_2_frame_000281.png 0.7983021216327559 -0.5724433664371058 0.18712635058858154 0.6014971248017276 0.773416032759692 -0.2000829840866458 -0.03019000334923098 0.27228652189626534 0.9617424402888352 23.496894405202212 -25.125105708697674 22.285945610512158 PINHOLE 1280 1024 1023.423095703125 1023.2269287109375 595.927734375 510.6470947265625
dataset_9_undistorted/keyframe_2_frame_000284.png 0.7988002960697693 -0.572008515795725 0.18633130588117158 0.6006024078637369 0.7760545925358787 -0.19241065170714114 -0.03454225746429042 0.2656123110092269 0.96346144365408 23.349176868500663 -24.18927452177354 22.583586849602057 PINHOLE 1280 1024 1023.423095703125 1023.2269287109375 595.927734375 510.6470947265625
dataset_9_undistorted/keyframe_2_frame_000285.png 0.7977395009281839 -0.5735184322348027 0.18623305567742732 0.6019596367902232 0.7755699145044352 -0.19010750635168927 -0.03540625586476915 0.2637646416568438 0.9639371523957316 23.33689247803362 -23.900162820596734 22.685100922312586 PINHOLE 1280 1024 1023.423095703125 1023.2269287109375 595.927734375 510.6470947265625
dataset_9_undistorted/keyframe_2_frame_000286.png 0.7961845849800132 -0.5757785187810002 0.1859113492941112 0.6040299010149767 0.7742397830410779 -0.18895851021111923 -0.035141316446553335 0.2627457397926508 0.9642250003786881 23.285542109792672 -23.752945271875433 22.71369224985108 PINHOLE 1280 1024 1023.423095703125 1023.2269287109375 595.927734375 510.6470947265625
dataset_9_undistorted/keyframe_2_frame_000290.png 0.7871805930475667 -0.5872806776293998 0.18826128322750155 0.6158485844232597 0.7647752459554003 -0.18935181043551555 -0.03277466941674623 0.26499814535431504 0.9636915735752233 23.63942825526452 -23.777491239837218 22.560752856083923 PINHOLE 1280 1024 1023.423095703125 1023.2269287109375 595.927734375 510.6470947265625
dataset_9_undistorted/keyframe_2_frame_000291.png 0.7850352311961246 -0.590175485051331 0.1881677937608234 0.6186481299512586 0.7624166416212445 -0.18973599203564281 -0.03148438048551101 0.2653627978320469 0.9636345921377367 23.58046771091807 -23.854473491532644 22.39069218539464 PINHOLE 1280 1024 1023.423095703125 1023.2269287109375 595.927734375 510.6470947265625
dataset_9_undistorted/keyframe_2_frame_000293.png 0.7817871963722476 -0.5951323409047086 0.18606705690879133 0.6229133849797232 0.7588345309174951 -0.1901435804008313 -0.028033203622356374 0.2645591070079373 0.9639625611057399 23.30569629890313 -23.903143245990577 21.92376336053735 PINHOLE 1280 1024 1023.423095703125 1023.2269287109375 595.927734375 510.6470947265625
dataset_9_undistorted/keyframe_2_frame_000295.png 0.7786596232751862 -0.5998806598311397 0.1839196517865622 0.6269533450496713 0.7554655079236279 -0.1902765936935138 -0.024801422725062652 0.2634734727078359 0.964347490458395 23.036302165542168 -23.920024552666064 21.614683071192758 PINHOLE 1280 1024 1023.423095703125 1023.2269287109375 595.927734375 510.6470947265625
dataset_9_undistorted/keyframe_2_frame_000296.png 0.7759248139588791 -0.6034245452343133 0.18388462269905703 0.630378550102222 0.7526515356803373 -0.1901130087963942 -0.023681973905264584 0.2634341090538747 0.9643871353714704 23.043090023670537 -23.90264275333493 21.52509013538986 PINHOLE 1280 1024 1023.423095703125 1023.2269287109375 595.927734375 510.6470947265625
dataset_9_undistorted/keyframe_2_frame_000298.png 0.7720058376771299 -0.6084713496458134 0.18375133196094737 0.6352501608025227 0.7483983659583208 -0.19068831971414987 -0.02149052501096199 0.2639441634876175 0.9642987092389302 23.02665775082871 -23.975073719077955 21.33843814692102 PINHOLE 1280 1024 1023.423095703125 1023.2269287109375 595.927734375 510.6470947265625
dataset_9_undistorted/keyframe_2_frame_000304.png 0.7647578973754741 -0.6174043748098151 0.18425934299601487 0.644081723083253 0.740259233871251 -0.1928193453582382 -0.017352049192028554 0.2661418088757512 0.9637777376224769 23.09074501713008 -24.243196123729376 20.537205726705793 PINHOLE 1280 1024 1023.423095703125 1023.2269287109375 595.927734375 510.6470947265625
dataset_9_undistorted/keyframe_2_frame_000309.png 0.7668982163256551 -0.61453087024146 0.18496921156077056 0.6415211598304008 0.7420600794626927 -0.19442972380674248 -0.017774924332261386 0.26777311984310426 0.9633186896918352 23.179726548869006 -24.44534251475784 19.61352059673993 PINHOLE 1280 1024 1023.423095703125 1023.2269287109375 595.927734375 510.6470947265625
dataset_9_undistorted/keyframe_2_frame_000310.png 0.7687481985649863 -0.6126041219898977 0.18367570339466005 0.6393133708188584 0.7439077935289341 -0.19464061329456694 -0.017400048365412063 0.267059649812077 0.963523705559507 23.017199368889642 -24.47166406191218 19.413770799409576 PINHOLE 1280 1024 1023.423095703125 1023.2269287109375 595.927734375 510.6470947265625
dataset_9_undistorted/keyframe_2_frame_000311.png 0.7681420696722576 -0.6129306129373836 0.18511642289434382 0.6399777671106683 0.7438331548822901 -0.19272938807197035 -0.019565659831938097 0.2665177261002809 0.9636311958258387 23.244465140918315 -24.201807717853853 19.438709740551417 PINHOLE 1280 1024 1023.423095703125 1023.2269287109375 595.927734375 510.6470947265625
dataset_9_undistorted/keyframe_2_frame_000315.png 0.7628898897219374 -0.6179151008852284 0.1901938338461046 0.6459291707375958 0.7410984803363382 -0.18317268960525587 -0.027766983724372387 0.262596078282163 0.9645062301831908 23.842620864704127 -23.035549462482095 20.3846677015664 PINHOLE 1280 1024 1023.423095703125 1023.2269287109375 595.927734375 510.6470947265625
dataset_9_undistorted/keyframe_2_frame_000316.png 0.7601674292235459 -0.6205097235867169 0.19263347478528223 0.6489872865715526 0.7392922546693844 -0.17962922745673654 -0.030950534623868355 0.2615685005194328 0.9646885651127152 24.14244357145596 -22.587164164453498 20.746742028305334 PINHOLE 1280 1024 1023.423095703125 1023.2269287109375 595.927734375 510.6470947265625
dataset_9_undistorted/keyframe_2_frame_000320.png 0.7548362354657121 -0.6233564716233199 0.2040679818417156 0.654425473208301 0.736686755675452 -0.17036949474893998 -0.04413290865355037 0.26215205166075045 0.964017429607819 25.573555514834982 -21.42620399364091 21.553996074080487 PINHOLE 1280 1024 1023.423095703125 1023.2269287109375 595.927734375 510.6470947265625
dataset_9_undistorted/keyframe_2_frame_000323.png 0.7512366378121063 -0.6241290608588597 0.21471164418052802 0.6581726135534671 0.7327771746358089 -0.17277792008633797 -0.049499507847462466 0.2711181399798053 0.9612731144034228 26.914935903632216 -21.727524231814186 21.33878684795559 PINHOLE 1280 1024 1023.423095703125 1023.2269287109375 595.927734375 510.6470947265625
dataset_9_undistorted/keyframe_2_frame_000330.png 0.7400298369552066 -0.6311114629976169 0.2324823076125162 0.670589900454721 0.7188905555039321 -0.18306049991953524 -0.05159730702701086 0.2913747113573216 0.9552171384168077 29.146666325864178 -23.01937182195138 21.514278814237855 PINHOLE 1280 1024 1023.423095703125 1023.2269287109375 595.927734375 510.6470947265625
dataset_9_undistorted/keyframe_2_frame_000331.png 0.7377392202388317 -0.6331386840124518 0.23424363769170106 0.6731182939387625 0.7163530578479058 -0.18372717888607865 -0.051476000832892964 0.2932206199419907 0.9546586724675992 29.419550115785434 -23.074670951821645 21.621181865621224 PINHOLE 1280 1024 1023.423095703125 1023.2269287109375 595.927734375 510.6470947265625
dataset_9_undistorted/keyframe_2_frame_000336.png 0.7233360789434224 -0.6465228264475842 0.24246082141349257 0.688787759522257 0.7002784656270482 -0.1875821086585176 -0.048513553351750664 0.3026932327556292 0.9518534284920632 30.400392270537616 -23.58821320772654 22.703946346257453 PINHOLE 1280 1024 1023.423095703125 1023.2269287109375 595.927734375 510.6470947265625
dataset_9_undistorted/keyframe_2_frame_000339.png 0.7130667577762387 -0.6560740038100031 0.24717765971724204 0.6996053631238569 0.6888278769124141 -0.1899286649830094 -0.04565519894791483 0.3083629794709792 0.9501727220736437 30.99310814100746 -23.883436073733264 23.62548690968572 PINHOLE 1280 1024 1023.423095703125 1023.2269287109375 595.927734375 510.6470947265625
dataset_9_undistorted/keyframe_2_frame_000343.png 0.7013901180769428 -0.66635729449288 0.25301012267407663 0.7115313682759544 0.6755390841085501 -0.1933263869871161 -0.04209337823687257 0.31562631622841353 0.9479501353007594 31.725991569396605 -24.31085879061493 25.015057951072777 PINHOLE 1280 1024 1023.423095703125 1023.2269287109375 595.927734375 510.6470947265625
dataset_9_undistorted/keyframe_2_frame_000352.png 0.6907275850777184 -0.673863152175996 0.2622931926540924 0.722165382527367 0.6614096087811209 -0.20253285803255536 -0.03700339866660512 0.32931881824459197 0.9434942160425493 32.89205275941491 -25.467546355161403 28.52511904980679 PINHOLE 1280 1024 1023.423095703125 1023.2269287109375 595.927734375 510.6470947265625
dataset_9_undistorted/keyframe_2_frame_000355.png 0.688542651047426 -0.6752480566829732 0.26446673676651816 0.7243222482584448 0.658224777317681 -0.20518646133171078 -0.03552656547194626 0.3328435155014444 0.9423129978052661 33.16511564044745 -25.800756814363012 29.736915290989828 PINHOLE 1280 1024 1023.423095703125 1023.2269287109375 595.927734375 510.6470947265625
dataset_9_undistorted/keyframe_2_frame_000358.png 0.6841334548263959 -0.6788586657333812 0.26665755425175625 0.7285669458041788 0.6530728899224697 -0.20661729205085272 -0.033882587537689204 0.33563638244003446 0.9413827214196366 33.440341767936594 -25.980744688605228 30.892956848614517 PINHOLE 1280 1024 1023.423095703125 1023.2269287109375 595.927734375 510.6470947265625
dataset_9_undistorted/keyframe_2_frame_000360.png 0.681815085420269 -0.6808742442353567 0.26745580975946914 0.7308135086647173 0.6500967559874904 -0.20806677019014733 -0.03220435409178202 0.3373282056432038 0.9408373357566565 33.54065522387103 -26.16303405895769 31.73891861190907 PINHOLE 1280 1024 1023.423095703125 1023.2269287109375 595.927734375 510.6470947265625
dataset_9_undistorted/keyframe_2_frame_000361.png 0.6807651908798125 -0.681848548175335 0.2676477539630077 0.7318214331894649 0.64882581600853 -0.20848684286692384 -0.03150007441476432 0.33780561791475044 0.9406888984670351 33.56492774313824 -26.215685629731297 32.056223414715305 PINHOLE 1280 1024 1023.423095703125 1023.2269287109375 595.927734375 510.6470947265625
dataset_9_undistorted/keyframe_2_frame_000364.png 0.6767164670214803 -0.6858568510607199 0.26767407366690343 0.7356790276670477 0.6441431983181859 -0.20943109606126958 -0.028780340146014043 0.3386523245778389 0.9404723070865985 33.56836296243563 -26.334632058240913 32.90889234561553 PINHOLE 1280 1024 1023.423095703125 1023.2269287109375 595.927734375 510.6470947265625
dataset_9_undistorted/keyframe_2_frame_000371.png 0.6497722308349188 -0.7118962067312127 0.2664475303004556 0.7599320814311016 0.6163279472795615 -0.20651286583638276 -0.017202927827028335 0.3366731253628923 0.9414652971786208 33.41580011705338 -25.96964833411994 34.257996177808536 PINHOLE 1280 1024 1023.423095703125 1023.2269287109375 595.927734375 510.6470947265625
dataset_9_undistorted/keyframe_2_frame_000373.png 0.6405723877851305 -0.7205435036413971 0.2654775423132243 0.7677822880452008 0.6069091241010928 -0.20536425986695686 -0.0131465371740809 0.33538445987793886 0.9419897812407027 33.28280988053615 -25.824994063774966 34.511393301561725 PINHOLE 1280 1024 1023.423095703125 1023.2269287109375 595.927734375 510.6470947265625
dataset_9_undistorted/keyframe_2_frame_000377.png 0.6241878234762525 -0.735754758149245 0.26277112087398113 0.7812549409450527 0.5900455626774647 -0.20369336993509382 -0.005178659613378184 0.33243885935874207 0.9431113584259937 32.995619928629424 -25.57944852406331 34.89695140845413 PINHOLE 1280 1024 1023.423095703125 1023.2269287109375 595.927734375 510.6470947265625
dataset_9_undistorted/keyframe_2_frame_000381.png 0.6086101905684166 -0.7502006807448424 0.25843215062855723 0.7934559680119782 0.5737284568857254 -0.20314028652567453 0.004126465504683103 0.328692705011826 0.9444281137164983 32.40002595832917 -25.547813077988394 35.17074680151234 PINHOLE 1280 1024 1023.423095703125 1023.2269287109375 595.927734375 510.6470947265625
dataset_9_undistorted/keyframe_2_frame_000382.png 0.606128340238786 -0.7525364853177067 0.2574727347867973 0.795344359475121 0.5711420984581274 -0.20304774880690263 0.005747736614339985 0.3278571531821596 0.9447108771533845 32.291263615050866 -25.536959783387374 35.22689105958773 PINHOLE 1280 1024 1023.423095703125 1023.2269287109375 595.927734375 510.6470947265625
dataset_9_undistorted/keyframe_2_frame_000383.png 0.6032922171834424 -0.7550947772776824 0.2566420019836324 0.7974847759047843 0.5682582628531029 -0.20273946434610185 0.007248868130191669 0.32698398593209343 0.94500240296971 32.187137864210655 -25.498205789004032 35.27607170612919 PINHOLE 1280 1024 1023.423095703125 1023.2269287109375 595.927734375 510.6470947265625
dataset_9_undistorted/keyframe_2_frame_000386.png 0.5963252306665424 -0.7615081802155894 0.25396105833444377 0.8026652804605029 0.5613102179867117 -0.20164973633151675 0.011007068580105112 0.32409929243627245 0.9459597785290008 31.88936400138084 -25.32283660679832 35.41972631172882 PINHOLE 1280 1024 1023.423095703125 1023.2269287109375 595.927734375 510.6470947265625
dataset_9_undistorted/keyframe_2_frame_000387.png 0.5941866794105722 -0.7634917921965614 0.25301671404207793 0.8042325900077942 0.5591811724424629 -0.20132207936424634 0.0122256700798214 0.323111744144745 0.9462827312524617 31.720878735247425 -25.320583922677542 35.438803529593315 PINHOLE 1280 1024 1023.423095703125 1023.2269287109375 595.927734375 510.6470947265625
dataset_9_undistorted/keyframe_2_frame_000396.png 0.5729632059146854 -0.7819823938983125 0.24538210410407793 0.8192863363773271 0.5384800343684509 -0.19701072433702002 0.021925882586287686 0.3139225049492354 0.9491962475700331 30.812155048542706 -24.740422887666 35.48740939873721 PINHOLE 1280 1024 1023.423095703125 1023.2269287109375 595.927734375 510.6470947265625
dataset_9_undistorted/keyframe_2_frame_000398.png 0.5676250538649703 -0.7864879653189157 0.2433797982612394 0.8229012296994057 0.5329840848591468 -0.19688452133942713 0.025130049462989044 0.3120385383121375 0.9497372941370629 30.523970060914053 -24.764655808857015 35.374805090727364 PINHOLE 1280 1024 1023.423095703125 1023.2269287109375 595.927734375 510.6470947265625
dataset_9_undistorted/keyframe_2_frame_000401.png 0.5596597903248142 -0.793279302725798 0.23975914972073967 0.8281421526253184 0.5245488767422178 -0.1975651573033234 0.030959229078235753 0.30912835186489795 0.9505168064646431 30.069825046409846 -24.850506505454177 35.20391027832375 PINHOLE 1280 1024 1023.423095703125 1023.2269287109375 595.927734375 510.6470947265625
dataset_9_undistorted/keyframe_2_frame_000403.png 0.5536526211730335 -0.7983250085147395 0.23694314707176353 0.8319692949978245 0.517987988854552 -0.19879476691854253 0.035969281809385266 0.30719688741226214 0.950966918262152 29.716517990019668 -25.005168253769853 35.09059888348861 PINHOLE 1280 1024 1023.423095703125 1023.2269287109375 595.927734375 510.6470947265625
dataset_9_undistorted/keyframe_2_frame_000410.png 0.5284263178301544 -0.8201780644570388 0.21924824803917753 0.8465206344987064 0.4893934858509143 -0.20952304245224554 0.06454765125180884 0.29631978762329925 0.9529059274560191 27.49619777353655 -26.35330971064377 34.461356555316684 PINHOLE 1280 1024 1023.423095703125 1023.2269287109375 595.927734375 510.6470947265625
dataset_9_undistorted/keyframe_2_frame_000411.png 0.5257946388806128 -0.8225883049899304 0.216528838442737 0.8478725571840022 0.48643601484172305 -0.21093709015529657 0.06818712035591995 0.29450256667398345 0.9532153287176506 27.154865199278845 -26.530827540938617 34.34686110937571 PINHOLE 1280 1024 1023.423095703125 1023.2269287109375 595.927734375 510.6470947265625
dataset_9_undistorted/keyframe_2_frame_000413.png 0.5213462434807581 -0.8269182725617349 0.21071547484625724 0.8500318147791314 0.4815102616184024 -0.21353380786018553 0.07511357617935052 0.29044401195885894 0.9539400916631067 26.459049984142155 -26.81567765527825 34.11142638308468 PINHOLE 1280 1024 1023.423095703125 1023.2269287109375 595.927734375 510.6470947265625
dataset_9_undistorted/keyframe_2_frame_000417.png 0.5188150969454091 -0.8318778991935151 0.19699385344025885 0.8503042043499466 0.4783283249579533 -0.21951628125171546 0.088382906177949 0.2813967999360251 0.9555130953892249 24.70255088436363 -27.60837598576495 33.4776046227264 PINHOLE 1280 1024 1023.423095703125 1023.2269287109375 595.927734375 510.6470947265625
dataset_9_undistorted/keyframe_2_frame_000421.png 0.5258683506976247 -0.8320757845866021 0.17637873819979227 0.844001257396705 0.4847593251668496 -0.22950644449134133 0.10546574330936086 0.2695577501311057 0.9571921784681237 22.1137908639991 -28.86241447991506 32.609610280607285 PINHOLE 1280 1024 1023.423095703125 1023.2269287109375 595.927734375 510.6470947265625
dataset_9_undistorted/keyframe_2_frame_000422.png 0.5294263968279995 -0.8306827730224409 0.1722531687696892 0.8413819266063208 0.4881618973887271 -0.23189839784435018 0.10854697884917869 0.26770756426419995 0.9573668050457016 21.595588556783753 -29.16251674738669 32.450981111603596 PINHOLE 1280 1024 1023.423095703125 1023.2269287109375 595.927734375 510.6470947265625
dataset_9_undistorted/keyframe_2_frame_000424.png 0.5364828295767942 -0.8277663114147001 0.16427505005900153 0.836073120866967 0.49486892625348744 -0.23683345868048644 0.11474840888788435 0.26440667530568224 0.9575612367748156 20.593498160193462 -29.781964815446827 32.13403237595219 PINHOLE 1280 1024 1023.423095703125 1023.2269287109375 595.927734375 510.6470947265625
dataset_9_undistorted/keyframe_2_frame_000427.png 0.5487427032741478 -0.8222128704448153 0.1511420940409772 0.8265311020970234 0.5064769281602665 -0.24562098556674525 0.12540285452105204 0.25970989361597113 0.957509909939349 18.941476886393446 -30.884533525642837 31.535510291957053 PINHOLE 1280 1024 1023.423095703125 1023.2269287109375 595.927734375 510.6470947265625
dataset_9_undistorted/keyframe_2_frame_000428.png 0.5519960021824009 -0.820654556707834 0.147728667549945 0.823910350605979 0.5095267971984532 -0.24810686826776604 0.1283385598276153 0.2586726259840693 0.9574020099783659 18.5151194205921 -31.196707520331756 31.384500458195816 PINHOLE 1280 1024 1023.423095703125 1023.2269287109375 595.927734375 510.6470947265625
dataset_9_undistorted/keyframe_2_frame_000433.png 0.5733883618052408 -0.808715786555323 0.13115513054518885 0.8067889098646517 0.5295151035844766 -0.2621225539861853 0.14253420285250523 0.25611605159421924 0.9560801730477103 16.4682600319299 -32.91733809968173 30.60079546019324 PINHOLE 1280 1024 1023.423095703125 1023.2269287109375 595.927734375 510.6470947265625
dataset_9_undistorted/keyframe_2_frame_000434.png 0.5782800810003152 -0.8057055140412981 0.1281684657823022 0.8027958038209512 0.5339973769429002 -0.2652670865538913 0.1452857352984576 0.25629537713474604 0.955617085343483 16.0577717272389 -33.35000645994364 30.408714121332082 PINHOLE 1280 1024 1023.423095703125 1023.2269287109375 595.927734375 510.6470947265625
dataset_9_undistorted/keyframe_2_frame_000435.png 0.5831249192368851 -0.8026449704856057 0.12539193641198776 0.7987854297862348 0.5383776924362944 -0.26850219114395835 0.14800372315694216 0.2567350905553044 0.955082429087735 15.708897153119267 -33.75605591678891 30.245222639348526 PINHOLE 1280 1024 1023.423095703125 1023.2269287109375 595.927734375 510.6470947265625
dataset_9_undistorted/keyframe_2_frame_000437.png 0.5936149780172482 -0.7957327576664361 0.12011297956799037 0.7900139433884206 0.547791815017457 -0.27532691955797356 0.15328993434224433 0.25833272113213956 0.9538174048211971 15.04542748547226 -34.61268549609849 29.90885581402381 PINHOLE 1280 1024 1023.423095703125 1023.2269287109375 595.927734375 510.6470947265625
dataset_9_undistorted/keyframe_2_frame_000443.png 0.6260316746845904 -0.7722417535982946 0.10827480894438567 0.7617291350912777 0.5758907122488293 -0.2968519747034154 0.16688712400941744 0.26831839704530636 0.9487648605530205 13.557270354673165 -37.31367185782324 28.848496047640424 PINHOLE 1280 1024 1023.423095703125 1023.2269287109375 595.927734375 510.6470947265625
dataset_9_undistorted/keyframe_2_frame_000445.png 0.6360566943415923 -0.7643367574268959 0.10591212894416904 0.7525807844851452 0.5841599036804571 -0.3039433498589814 0.17044559876273468 0.27303639975157107 0.9467838963587106 13.30684380896355 -38.169268774687 28.48606552799822 PINHOLE 1280 1024 1023.423095703125 1023.2269287109375 595.927734375 510.6470947265625
dataset_9_undistorted/keyframe_2_frame_000446.png 0.6440599460995606 -0.7578663043884211 0.1040263588847606 0.7451609184781787 0.5908051096283885 -0.3093331749658368 0.17297391296334666 0.2767493707082303 0.9452464541453246 13.022790439647338 -38.87991371432804 28.192923365221645 PINHOLE 1280 1024 1023.423095703125 1023.2269287109375 595.927734375 510.6470947265625
dataset_9_undistorted/keyframe_2_frame_000452.png 0.6708109101598771 -0.7348484064301509 0.1000355311509533 0.7194195412384656 0.6120172878121243 -0.32844279255441117 0.1801324059081572 0.2922945201117756 0.9392115856801078 12.520117620236107 -41.27786638669318 27.140278467401117 PINHOLE 1280 1024 1023.423095703125 1023.2269287109375 595.927734375 510.6470947265625
dataset_9_undistorted/keyframe_2_frame_000469.png 0.7231052290034621 -0.6836798143051229 0.09846859677465193 0.6673468158503746 0.6547044885236074 -0.3549844479545351 0.1782279124489053 0.32240823355842424 0.9296716814300091 12.320503277110646 -44.60736659581403 25.774985995169118 PINHOLE 1280 1024 1023.423095703125 1023.2269287109375 595.927734375 510.6470947265625
dataset_9_undistorted/keyframe_2_frame_000473.png 0.7400429263763105 -0.6652922403813374 0.0985818858970305 0.6493256049678009 0.6685722312358569 -0.36247991693502457 0.17524597480003878 0.3322667852519926 0.9267627421192308 12.333785934648319 -45.54749648585789 25.475130210047837 PINHOLE 1280 1024 1023.423095703125 1023.2269287109375 595.927734375 510.6470947265625
dataset_9_undistorted/keyframe_2_frame_000480.png 0.7695188482984813 -0.6303232131872674 0.10260878301842656 0.6166858333333188 0.6916857935866654 -0.37586324443258506 0.16594266333728544 0.3525161835790462 0.920976283356168 12.837738474930122 -47.22589752835006 24.808424700448768 PINHOLE 1280 1024 1023.423095703125 1023.2269287109375 595.927734375 510.6470947265625
dataset_9_undistorted/keyframe_2_frame_000483.png 0.7778892609882752 -0.6192161805681444 0.10702852415434269 0.6074254594666136 0.6973049069194812 -0.38053267908220373 0.16100066771143362 0.36102889523233495 0.9185529458748015 13.392215562400331 -47.81171100965821 24.554752578727175 PINHOLE 1280 1024 1023.423095703125 1023.2269287109375 595.927734375 510.6470947265625
dataset_9_undistorted/keyframe_2_frame_000484.png 0.7801709715867069 -0.6160426549222411 0.10871769455181847 0.6049362503855437 0.6987053314396073 -0.3819260321452249 0.15932112612722263 0.363739760457983 0.9177757609397835 13.61170752848648 -47.98745999560538 24.465111159502385 PINHOLE 1280 1024 1023.423095703125 1023.2269287109375 595.927734375 510.6470947265625
dataset_9_undistorted/keyframe_2_frame_000486.png 0.7845121448701021 -0.6098967808364949 0.11207665941463375 0.6001896521744594 0.7013640656287964 -0.38453229412286083 0.15591857951927923 0.3689425952412344 0.9162821346250835 14.033183862288801 -48.31443640115208 24.327185725442632 PINHOLE 1280 1024 1023.423095703125 1023.2269287109375 595.927734375 510.6470947265625
dataset_9_undistorted/keyframe_2_frame_000490.png 0.7910623917883703 -0.6000391861686147 0.11902886064672079 0.5932510548724587 0.7050357207883186 -0.38856415974238634 0.1492343345980578 0.37799763568482103 0.9137006997522124 14.898242401658592 -48.81929601566253 24.14052366101714 PINHOLE 1280 1024 1023.423095703125 1023.2269287109375 595.927734375 510.6470947265625
dataset_9_undistorted/keyframe_2_frame_000497.png 0.7861421342502493 -0.5994333153668511 0.15051386863255412 0.604082953433413 0.6937849830919491 -0.39211105966609544 0.13062040276881673 0.39918336867446014 0.9075204509902561 18.85174989615264 -49.265249263849 23.557549670253366 PINHOLE 1280 1024 1023.423095703125 1023.2269287109375 595.927734375 510.6470947265625
dataset_9_undistorted/keyframe_2_frame_000501.png 0.7798909089793093 -0.6030188333271136 0.1677269193195625 0.6137977329415413 0.6843594433411289 -0.3935850237623632 0.12255390174672161 0.4099094488055905 0.9038570110406176 21.017676816484155 -49.46073527777662 23.10310354132048 PINHOLE 1280 1024 1023.423095703125 1023.2269287109375 595.927734375 510.6470947265625
dataset_9_undistorted/keyframe_2_frame_000508.png 0.7676103093930573 -0.6140695968850916 0.18353989618960667 0.6301977248408688 0.6710193612822125 -0.39062519800367895 0.11671245151748419 0.41552003671209553 0.9020662135946099 22.99940996807404 -49.08011290274089 22.269534892726824 PINHOLE 1280 1024 1023.423095703125 1023.2269287109375 595.927734375 510.6470947265625
dataset_9_undistorted/keyframe_2_frame_000515.png 0.7511180591792503 -0.6332264003293233 0.18665377667045407 0.6485578799197322 0.6550203137985864 -0.3877182589090429 0.12325167102821752 0.41228398473768607 0.9026814465526413 23.44334430049453 -48.689383395851564 22.325016129322194 PINHOLE 1280 1024 1023.423095703125 1023.2269287109375 595.927734375 510.6470947265625
dataset_9_undistorted/keyframe_2_frame_000517.png 0.7496086578689187 -0.6349925981524192 0.1867217629650781 0.6502284841132846 0.6538097905302929 -0.38696240518448494 0.12363811871354954 0.41148799049714185 0.9029915305792501 23.399859552627415 -48.62152871998774 22.504564817285882 PINHOLE 1280 1024 1023.423095703125 1023.2269287109375 595.927734375 510.6470947265625
dataset_9_undistorted/keyframe_2_frame_000523.png 0.7416312735418191 -0.6432355262523024 0.19032780149230089 0.6585934176755839 0.6443185340890996 -0.3887322911793632 0.12741483433236053 0.4136504422920505 0.9014774242409597 23.841735051083106 -48.840981138156394 24.327223812334523 PINHOLE 1280 1024 1023.423095703125 1023.2269287109375 595.927734375 510.6470947265625
dataset_9_undistorted/keyframe_2_frame_000528.png 0.7392977163835067 -0.645381564187993 0.19213189898167024 0.6622936395860735 0.6453565130403068 -0.38063859832776 0.12166359404124465 0.40865875237215743 0.9045430289459689 24.07968033390641 -47.8281829836385 24.56283597151719 PINHOLE 1280 1024 1023.423095703125 1023.2269287109375 595.927734375 510.6470947265625
dataset_9_undistorted/keyframe_2_frame_000532.png 0.7437242839268401 -0.6411971022634255 0.1890361161537235 0.6588191276417872 0.6551481698913398 -0.3697858744093902 0.11325924207604617 0.3995648384954632 0.9096821843791718 23.69081169062666 -46.465149435568264 24.439718118049086 PINHOLE 1280 1024 1023.423095703125 1023.2269287109375 595.927734375 510.6470947265625
dataset_9_undistorted/keyframe_2_frame_000537.png 0.7573209063670044 -0.6271682511036759 0.18198711160061487 0.6455298178942114 0.6768148085179807 -0.3538608354535798 0.09875893918855488 0.38546963994390343 0.9174214192811208 22.805047064108308 -44.46472611169338 24.593079677975993 PINHOLE 1280 1024 1023.423095703125 1023.2269287109375 595.927734375 510.6470947265625
dataset_9_undistorted/keyframe_2_frame_000547.png 0.7596179134909044 -0.6267817574167664 0.17354976211178408 0.6474544976425264 0.7035682669807105 -0.2929154409399039 0.061490251186986554 0.3348740472513836 0.9402555961476514 21.745805356538508 -36.81225928248182 25.65375527554545 PINHOLE 1280 1024 1023.423095703125 1023.2269287109375 595.927734375 510.6470947265625
dataset_9_undistorted/keyframe_2_frame_000553.png 0.7497417029599655 -0.6388413933896329 0.17252161682913209 0.6608559869998218 0.7094811299970976 -0.2447644449610799 0.03396517406101294 0.29752620602650826 0.9541093192590944 21.617513361894137 -30.76671400345981 26.924959452628855 PINHOLE 1280 1024 1023.423095703125 1023.2269287109375 595.927734375 510.6470947265625
dataset_9_undistorted/keyframe_2_frame_000561.png 0.7152429342446215 -0.6763062572455847 0.17616150896143057 0.6988345141596632 0.6894098983980124 -0.1906540497222008 0.007493228244808654 0.25947524831928825 0.9657212031460914 22.076511541880436 -23.97473425367707 28.641139564277864 PINHOLE 1280 1024 1023.423095703125 1023.2269287109375 595.927734375 510.6470947265625
dataset_9_undistorted/keyframe_2_frame_000562.png 0.7086280051180229 -0.6830163511017089 0.17700460263890722 0.7055630901513137 0.6841752839517277 -0.18463216578514308 0.005004978002684739 0.2557268920061303 0.9667363618297712 22.18274979247653 -23.218951427269985 28.833783042835194 PINHOLE 1280 1024 1023.423095703125 1023.2269287109375 595.927734375 510.6470947265625
dataset_9_undistorted/keyframe_2_frame_000566.png 0.6928992001933334 -0.6988004538541539 0.17766132223023592 0.7210248355546012 0.6726779943325756 -0.16622543907012954 -0.0033501901538929737 0.24327912620595737 0.9699507697678559 22.266136246457734 -20.908650957995633 29.446512286531174 PINHOLE 1280 1024 1023.423095703125 1023.2269287109375 595.927734375 510.6470947265625
dataset_9_undistorted/keyframe_2_frame_000567.png 0.6904108487354975 -0.7013027634444138 0.1774905714296642 0.7233997145896975 0.6709638176287787 -0.16280366900791352 -0.004914712242084847 0.2408014663766031 0.9705624149919541 22.24093499119502 -20.480670630663326 29.54457110173439 PINHOLE 1280 1024 1023.423095703125 1023.2269287109375 595.927734375 510.6470947265625
dataset_9_undistorted/keyframe_2_frame_000573.png 0.697632159959264 -0.6953136472017658 0.17275513380026442 0.7163984808415126 0.6800378940572687 -0.15596971306728696 -0.009031805641576041 0.23257405446632096 0.972537302296717 21.649860488271855 -19.620734143725713 29.98466755977745 PINHOLE 1280 1024 1023.423095703125 1023.2269287109375 595.927734375 510.6470947265625
dataset_9_undistorted/keyframe_2_frame_000574.png 0.6994271176817453 -0.6933689471071568 0.17331133433499285 0.7146562118054436 0.6812680151444573 -0.15856949555267136 -0.008124004022937175 0.23476914932500492 0.9720172704440089 21.762263913729484 -19.91226639380443 29.86528370368842 PINHOLE 1280 1024 1023.423095703125 1023.2269287109375 595.927734375 510.6470947265625
dataset_9_undistorted/keyframe_2_frame_000575.png 0.7019739546699189 -0.6907304036832793 0.17354814452472245 0.7121531873716881 0.6835760540698829 -0.15988921714611382 -0.008192676161165797 0.23583434882521903 0.9717584624249191 21.749291261089923 -20.11234623688938 29.80881262406365 PINHOLE 1280 1024 1023.423095703125 1023.2269287109375 595.927734375 510.6470947265625
dataset_9_undistorted/keyframe_2_frame_000578.png 0.7081530972160366 -0.6836581984208812 0.1764245925740621 0.7059807542142841 0.6892871884461681 -0.16271946541713023 -0.01036255204396566 0.23978583691164998 0.9707701325116306 22.110170453300313 -20.4674035049984 29.877113409007393 PINHOLE 1280 1024 1023.423095703125 1023.2269287109375 595.927734375 510.6470947265625
dataset_9_undistorted/keyframe_2_frame_000587.png 0.7080376762371263 -0.681781227197244 0.18398952340534253 0.7061618606298298 0.6850482341389194 -0.1790216835428432 -0.003987799462922533 0.25668396976879493 0.9664874413625056 23.059849823110525 -22.51447789531312 30.013356746986574 PINHOLE 1280 1024 1023.423095703125 1023.2269287109375 595.927734375 510.6470947265625
dataset_9_undistorted/keyframe_2_frame_000589.png 0.7061019873710943 -0.6835256995656598 0.1849525559476282 0.7081020694680099 0.6804685452001803 -0.1885696429043052 0.0030381028927330277 0.26411835733442857 0.964486003950872 23.18075367510157 -23.71354446437431 30.17042715706998 PINHOLE 1280 1024 1023.423095703125 1023.2269287109375 595.927734375 510.6470947265625
dataset_9_undistorted/keyframe_2_frame_000591.png 0.7022272218743283 -0.6870671895724707 0.1865767469866451 0.711852927252567 0.673234691316945 -0.20006253928441697 0.011846767108785185 0.27330842265311345 0.9618542684223882 23.384817198352025 -25.156891457943857 30.380324182753384 PINHOLE 1280 1024 1023.423095703125 1023.2269287109375 595.927734375 510.6470947265625
dataset_9_undistorted/keyframe_2_frame_000593.png 0.6994223915806345 -0.6895223456251846 0.1880488250441679 0.7143654511255514 0.6663235426112714 -0.21377517570697427 0.022101673359526078 0.28385864744926076 0.9586121932916781 23.569722342515647 -26.878896984687344 30.651457259677272 PINHOLE 1280 1024 1023.423095703125 1023.2269287109375 595.927734375 510.6470947265625
dataset_9_undistorted/keyframe_2_frame_000595.png 0.6989879506720464 -0.6896856041257697 0.1890636913360414 0.7143702990450082 0.6612037493478488 -0.2291058654236945 0.033001781730902555 0.2952079340944873 0.9548639819111319 23.69702749784618 -28.80386288154068 30.9592610872254 PINHOLE 1280 1024 1023.423095703125 1023.2269287109375 595.927734375 510.6470947265625
dataset_9_undistorted/keyframe_2_frame_000599.png 0.6957596301813527 -0.6920875615271564 0.1921679251785227 0.7160914142687564 0.6475284698068565 -0.2606232725761889 0.0559402312732119 0.3189453220789353 0.9461216199566854 24.08696914815164 -32.76152395530244 31.637705615161963 PINHOLE 1280 1024 1023.423095703125 1023.2269287109375 595.927734375 510.6470947265625
dataset_9_undistorted/keyframe_2_frame_000604.png 0.7006536661533157 -0.6866025811408879 0.19405133324501472 0.7088045848423322 0.6386610378787724 -0.2995211159817591 0.08171918626017657 0.347409921638803 0.9341468920575529 24.35470893528921 -37.61120362794804 32.580310636931245 PINHOLE 1280 1024 1023.423095703125 1023.2269287109375 595.927734375 510.6470947265625
dataset_9_undistorted/keyframe_2_frame_000605.png 0.702997416091387 -0.6841985810543616 0.19406597027982594 0.7059911959784801 0.6384439817679189 -0.3065445500092799 0.08583731774287287 0.35251383237855155 0.9318623522177937 24.32475665035423 -38.527022209999586 32.71875185806141 PINHOLE 1280 1024 1023.423095703125 1023.2269287109375 595.927734375 510.6470947265625
dataset_9_undistorted/keyframe_2_frame_000606.png 0.7050715395368162 -0.6819888875545339 0.19431682153010485 0.703463193358414 0.6380826426812961 -0.31303953600610707 0.08949951733884536 0.35741530482541256 0.9296484324387306 24.39927055696066 -39.31106344011755 32.849108388971445 PINHOLE 1280 1024 1023.423095703125 1023.2269287109375 595.927734375 510.6470947265625
dataset_9_undistorted/keyframe_2_frame_000612.png 0.7243470716272884 -0.6619872878810746 0.19258157001717688 0.6817047137262611 0.646014617526056 -0.34343521713616243 0.10293922713118052 0.3800555114975789 0.9192189951376065 24.13710793287263 -43.15792938628783 33.40530063618212 PINHOLE 1280 1024 1023.423095703125 1023.2269287109375 595.927734375 510.6470947265625
dataset_9_undistorted/keyframe_2_frame_000613.png 0.7277129998568624 -0.6584969504362141 0.19185937388288715 0.6780016732484196 0.6483677215161376 -0.3463193965609578 0.10365498270262354 0.3821072816399517 0.9182870894700776 24.046186793911886 -43.51969863534464 33.40625059421609 PINHOLE 1280 1024 1023.423095703125 1023.2269287109375 595.927734375 510.6470947265625
dataset_9_undistorted/keyframe_2_frame_000614.png 0.7308677734623845 -0.6551801500377928 0.1912200804222621 0.6745420624880317 0.6507001929397404 -0.3486926486159142 0.10402970555218856 0.38383965308200396 0.9175224813632357 23.965748023340367 -43.8176670430837 33.385700834673116 PINHOLE 1280 1024 1023.423095703125 1023.2269287109375 595.927734375 510.6470947265625
dataset_9_undistorted/keyframe_2_frame_000621.png 0.7470889545776462 -0.6375126622504667 0.18822817751953247 0.6572056893554141 0.6659507749883711 -0.35298017517532976 0.0996789933911967 0.3874177108641409 0.916501143024391 23.589282529232648 -44.354907318915366 32.34542804882199 PINHOLE 1280 1024 1023.423095703125 1023.2269287109375 595.927734375 510.6470947265625
dataset_9_undistorted/keyframe_2_frame_000630.png 0.7345875755174509 -0.6510356068504358 0.19112190839017967 0.6731228937434703 0.6638217639602187 -0.32596031208384535 0.08534124958617788 0.368100099237092 0.9258620909938249 23.986727142781316 -40.9306191266121 31.569007957232884 PINHOLE 1280 1024 1023.423095703125 1023.2269287109375 595.927734375 510.6470947265625
dataset_9_undistorted/keyframe_2_frame_000636.png 0.7421067618903731 -0.6432813298288792 0.18831102255212567 0.6681713521518576 0.6877156226888712 -0.2838997942715997 0.05312315168499177 0.3365126273799848 0.9401803949591999 23.600126869012932 -35.68140124363322 30.93559777098062 PINHOLE 1280 1024 1023.423095703125 1023.2269287109375 595.927734375 510.6470947265625
dataset_9_undistorted/keyframe_2_frame_000637.png 0.7441522563564529 -0.6411376199488935 0.18754707987318692 0.6663705383636355 0.6928304713880202 -0.2755735115416825 0.04674243649599883 0.33004919831692126 0.9428067201865821 23.50420048368584 -34.635653534051926 30.852674923918244 PINHOLE 1280 1024 1023.423095703125 1023.2269287109375 595.927734375 510.6470947265625
dataset_9_undistorted/keyframe_2_frame_000638.png 0.7457743845817876 -0.6394296969166856 0.18693481051724567 0.664975149067721 0.6975187038025036 -0.2669846585919042 0.040327732924804 0.3234218501537941 0.9453961877256915 23.42724319182636 -33.55713072634671 30.806344367324414 PINHOLE 1280 1024 1023.423095703125 1023.2269287109375 595.927734375 510.6470947265625
dataset_9_undistorted/keyframe_2_frame_000640.png 0.7503981372921787 -0.6345211308317944 0.1851479231674757 0.6604042056552399 0.7079990336321287 -0.2502170072194676 0.027683434582239038 0.31003907954526305 0.9503214110124731 23.202733009203598 -31.451446935173863 30.753081640856635 PINHOLE 1280 1024 1023.423095703125 1023.2269287109375 595.927734375 510.6470947265625
dataset_9_undistorted/keyframe_2_frame_000641.png 0.7506926874595566 -0.6342166669079188 0.184997863528461 0.660295321889946 0.7111144440371537 -0.24151742268268236 0.021619946359315776 0.30346276963286495 0.9525981423662705 23.229308152341105 -30.328771848755196 30.764734003969124 PINHOLE 1280 1024 1023.423095703125 1023.2269287109375 595.927734375 510.6470947265625
dataset_9_undistorted/keyframe_2_frame_000644.png 0.7553373395918734 -0.6292733460959521 0.18296388012740122 0.655313248998812 0.7229958342258624 -0.2187406670571277 0.005365813010653877 0.2851254720668014 0.9584761660660996 22.928367109746965 -27.498822419292537 30.764492986326673 PINHOLE 1280 1024 1023.423095703125 1023.2269287109375 595.927734375 510.6470947265625
dataset_9_undistorted/keyframe_2_frame_000646.png 0.7570270734671259 -0.6274464593684942 0.18225386241434924 0.65337012280045 0.7286896773674689 -0.20524308075842726 -0.004027110488027176 0.2744575191956364 0.9615915740269055 22.8392503633698 -25.80388467491025 30.706569488941454 PINHOLE 1280 1024 1023.423095703125 1023.2269287109375 595.927734375 510.6470947265625
dataset_9_undistorted/keyframe_2_frame_000648.png 0.7574936861708624 -0.6269142805836438 0.18214533972916447 0.6527226307014243 0.7326043971603492 -0.1930013380418993 -0.012444898900829688 0.2650913315691279 0.9641437177119633 22.82563245424954 -24.266599226545168 30.55836689678233 PINHOLE 1280 1024 1023.423095703125 1023.2269287109375 595.927734375 510.6470947265625
dataset_9_undistorted/keyframe_2_frame_000650.png 0.7543302249753409 -0.6304479734676441 0.183073295172232 0.656194100191366 0.7324986268618331 -0.1812724105206507 -0.01981787370172996 0.25687453451547876 0.9662418656742047 22.931252227964457 -22.791737855293604 30.28532836153397 PINHOLE 1280 1024 1023.423095703125 1023.2269287109375 595.927734375 510.6470947265625
dataset_9_undistorted/keyframe_2_frame_000651.png 0.7532624836929392 -0.6316413112210529 0.1833562295684832 0.6573104470158191 0.7327728839079771 -0.17604474770790504 -0.023161046979003834 0.25313346951919957 0.9671545427868832 22.978020587024574 -22.137871964761644 30.120266914230456 PINHOLE 1280 1024 1023.423095703125 1023.2269287109375 595.927734375 510.6470947265625
dataset_9_undistorted/keyframe_2_frame_000654.png 0.7503762511685743 -0.6349364312853587 0.18381113401036764 0.6602402929283875 0.7333589656215191 -0.1620878636575722 -0.031883638412677426 0.2429897211054343 0.9695051739744264 23.03528671531503 -20.385493592702005 29.583243655985143 PINHOLE 1280 1024 1023.423095703125 1023.2269287109375 595.927734375 510.6470947265625
dataset_9_undistorted/keyframe_2_frame_000657.png 0.750530009261751 -0.634931697223541 0.18319709735450423 0.6597155549225177 0.7360204339112836 -0.15183231415369994 -0.038433269384352126 0.23481598446166924 0.9712796180150524 22.958279407153807 -19.097518839015265 29.152203773016367 PINHOLE 1280 1024 1023.423095703125 1023.2269287109375 595.927734375 510.6470947265625
dataset_9_undistorted/keyframe_2_frame_000658.png 0.7510418465653448 -0.6344426147845456 0.18279402686011895 0.659046224369024 0.7371020914174392 -0.14947696645313718 -0.0399031136232858 0.23273629142572536 0.9717212614215475 22.90765085629655 -18.801873079182997 29.055392412558945 PINHOLE 1280 1024 1023.423095703125 1023.2269287109375 595.927734375 510.6470947265625
dataset_9_undistorted/keyframe_2_frame_000668.png 0.747943354100417 -0.6395545423076789 0.17761311943930946 0.6616460068040949 0.7397213744606289 -0.12264298917469697 -0.052946899480997386 0.20924992265788508 0.976427614914797 22.257509467723107 -15.432613505196741 28.87393777067348 PINHOLE 1280 1024 1023.423095703125 1023.2269287109375 595.927734375 510.6470947265625
dataset_9_undistorted/keyframe_2_frame_000669.png 0.7495834196552158 -0.6378110909497908 0.17696651539088473 0.6597149684087232 0.7416533984849253 -0.12136870103820654 -0.05383719891160496 0.20772612676407426 0.9767040063730673 22.18320100485436 -15.27666210680627 28.92257884734761 PINHOLE 1280 1024 1023.423095703125 1023.2269287109375 595.927734375 510.6470947265625
dataset_9_undistorted/keyframe_2_frame_000672.png 0.756254734619378 -0.630483639686489 0.17482622970959857 0.6518367793722849 0.7490944132916091 -0.11819744264043823 -0.05643933509546828 0.20334839574538208 0.9774784431058408 21.907197921624835 -14.873812756723055 29.20210484050756 PINHOLE 1280 1024 1023.423095703125 1023.2269287109375 595.927734375 510.6470947265625
dataset_9_undistorted/keyframe_2_frame_000677.png 0.7687461897706364 -0.6160074355551951 0.17192782855729988 0.6366717846146961 0.762601192515506 -0.11442087811960205 -0.06062805286705965 0.19742495544103264 0.9784410650969538 21.54270857387913 -14.398630931884554 29.731102608758647 PINHOLE 1280 1024 1023.423095703125 1023.2269287109375 595.927734375 510.6470947265625
dataset_9_undistorted/keyframe_2_frame_000678.png 0.7708315784416807 -0.6135248129506519 0.17146896081565133 0.6341124442399643 0.7647444179948254 -0.11433388426507472 -0.0609827543872225 0.19686554146884108 0.978532516649841 21.48496115851739 -14.387708211743984 29.792264165167694 PINHOLE 1280 1024 1023.423095703125 1023.2269287109375 595.927734375 510.6470947265625
dataset_9_undistorted/keyframe_2_frame_000682.png 0.7805355503089857 -0.6016849052412958 0.16951439320658074 0.6220541440035287 0.7744001179748875 -0.11557413453859887 -0.06173235306375661 0.19565951241116974 0.9787267631395324 21.23915697947492 -14.542656612571136 29.943337160269493 PINHOLE 1280 1024 1023.423095703125 1023.2269287109375 595.927734375 510.6470947265625
dataset_9_undistorted/keyframe_2_frame_000693.png 0.765204998255598 -0.6205956430919866 0.17122307614377716 0.6425005220770504 0.7529673734605438 -0.14225687062523235 -0.04064120809777657 0.2188696495935253 0.9749071243653992 21.454211101880443 -17.894174802954467 30.271935813444657 PINHOLE 1280 1024 1023.423095703125 1023.2269287109375 595.927734375 510.6470947265625
dataset_9_undistorted/keyframe_2_frame_000694.png 0.762418441125323 -0.6239605922372626 0.17142452432922844 0.6459980622612824 0.749281938564536 -0.14583352744960865 -0.03745061302996439 0.22192910527326562 0.9743434512863342 21.47967939552725 -18.343681581403416 30.372690413499754 PINHOLE 1280 1024 1023.423095703125 1023.2269287109375 595.927734375 510.6470947265625
dataset_9_undistorted/keyframe_2_frame_000698.png 0.7557401927492607 -0.6321209173037332 0.17110041914201568 0.6544702534756212 0.738180780536396 -0.16359347520329592 -0.022891887904444796 0.23561742368451274 0.9715766826271485 21.439175584287888 -20.574182120996284 30.824663930933866 PINHOLE 1280 1024 1023.423095703125 1023.2269287109375 595.927734375 510.6470947265625
dataset_9_undistorted/keyframe_2_frame_000700.png 0.7548911782804554 -0.6333149286039255 0.1704310290966642 0.6556823808391583 0.7346323824728861 -0.17435869847420343 -0.01477994606673888 0.24337376387853046 0.9698205119305474 21.355064542710707 -21.925998991027654 31.0529725012085 PINHOLE 1280 1024 1023.423095703125 1023.2269287109375 595.927734375 510.6470947265625
dataset_9_undistorted/keyframe_2_frame_000706.png 0.760866688128363 -0.626689681447267 0.16833546858516332 0.6488139543540771 0.7303293534103932 -0.21369284822439855 0.010979088616723158 0.27181395447802154 0.9622878897756628 21.098323171769042 -26.867690086015728 31.342184302817145 PINHOLE 1280 1024 1023.423095703125 1023.2269287109375 595.927734375 510.6470947265625
dataset_9_undistorted/keyframe_2_frame_000707.png 0.7626680013969792 -0.6245712788753359 0.16805557197776105 0.6466046477761801 0.7300742965135324 -0.22113051197329525 0.015418699367237481 0.27731846856913345 0.9606550756967269 21.05616896886631 -27.7984535178407 31.317905758373286 PINHOLE 1280 1024 1023.423095703125 1023.2269287109375 595.927734375 510.6470947265625
dataset_9_undistorted/keyframe_2_frame_000710.png 0.7689856931775124 -0.6169867569698994 0.1672804465793918 0.6386221427204223 0.729731157530993 -0.24425040495747102 0.028629824255846505 0.29465822839533135 0.9551740245965058 20.95837287681594 -30.70077845638798 31.0130997076501 PINHOLE 1280 1024 1023.423095703125 1023.2269287109375 595.927734375 510.6470947265625
dataset_9_undistorted/keyframe_2_frame_000712.png 0.7736871711955526 -0.6112329759612242 0.16672459774412124 0.6324716276404578 0.7296744608069176 -0.25992193301772676 0.03721841429380211 0.3065509618198688 0.951126798718825 20.888328361785618 -32.66823859713713 30.606239025040963 PINHOLE 1280 1024 1023.423095703125 1023.2269287109375 595.927734375 510.6470947265625
dataset_9_undistorted/keyframe_2_frame_000713.png 0.7756649153384411 -0.6087684100935447 0.1665513928149109 0.6297827169883259 0.729246616312113 -0.26754032433301955 0.041413327306063556 0.31241732893694046 0.9490426561342945 20.91953559655348 -33.59930170501775 30.358022306947532 PINHOLE 1280 1024 1023.423095703125 1023.2269287109375 595.927734375 510.6470947265625
dataset_9_undistorted/keyframe_2_frame_000719.png 0.785818920354335 -0.5959943323037434 0.16514752163597138 0.6151204404837955 0.7255146777328447 -0.3086432600289907 0.06413298079399503 0.3441281221784504 0.936730897749854 20.736293224142074 -38.758515153424014 28.505222605260087 PINHOLE 1280 1024 1023.423095703125 1023.2269287109375 595.927734375 510.6470947265625
dataset_9_undistorted/keyframe_2_frame_000723.png 0.7893780956890531 -0.5914786306119898 0.16440455422202452 0.6091445969116355 0.721370667419272 -0.3295011642260188 0.07629649520031954 0.360252210839204 0.9297301077071587 20.595910155717775 -41.403614102802976 26.990622225828588 PINHOLE 1280 1024 1023.423095703125 1023.2269287109375 595.927734375 510.6470947265625
dataset_9_undistorted/keyframe_2_frame_000729.png 0.7896669039319463 -0.5913925472087775 0.16332498856866176 0.6066094333265905 0.7127066479705395 -0.35224828272428943 0.09191436457840518 0.37723842310569056 0.9215449241229579 20.4602625176759 -44.259875632449166 24.584694509959945 PINHOLE 1280 1024 1023.423095703125 1023.2269287109375 595.927734375 510.6470947265625
dataset_9_undistorted/keyframe_2_frame_000736.png 0.7858154402363018 -0.5964503917064014 0.16350860995976604 0.610485484110532 0.7057738495308118 -0.3594373591396854 0.09898664296654866 0.3822762645189721 0.9187318596531117 20.48345770169643 -45.16279637375419 22.152078162120915 PINHOLE 1280 1024 1023.423095703125 1023.2269287109375 595.927734375 510.6470947265625
dataset_9_undistorted/keyframe_2_frame_000754.png 0.7469796419008526 -0.6437673550926117 0.16607104599184475 0.6544463598719226 0.6679860333216767 -0.35425871712728263 0.11712731080156481 0.37331375520472987 0.9202826723934374 20.807206819673887 -44.51530663038602 19.29600117058112 PINHOLE 1280 1024 1023.423095703125 1023.2269287109375 595.927734375 510.6470947265625
dataset_9_undistorted/keyframe_2_frame_000763.png 0.7166829031935772 -0.6767856528977545 0.16828871721987723 0.6852482077074152 0.6385481356496706 -0.35027701927874655 0.12960211894104898 0.3663621611151832 0.921402619424268 21.087357052535907 -44.01711305749086 18.83882083771732 PINHOLE 1280 1024 1023.423095703125 1023.2269287109375 595.927734375 510.6470947265625
dataset_9_undistorted/keyframe_2_frame_000770.png 0.7184702028698657 -0.6760197773094045 0.1636836471384124 0.6830912732205606 0.6414319120460112 -0.3492215325160095 0.13108890022829647 0.36272111413368835 0.9226326681222518 20.50905554650319 -43.88460911493985 17.786338220469588 PINHOLE 1280 1024 1023.423095703125 1023.2269287109375 595.927734375 510.6470947265625
dataset_9_undistorted/keyframe_2_frame_000778.png 0.7408057503880002 -0.6525365066754518 0.15936453330454664 0.6583932748134015 0.6583652355410882 -0.36479769187491123 0.13312393857162394 0.375173978388436 0.9173463310592966 19.965548389490095 -45.83891082097739 17.705606341550947 PINHOLE 1280 1024 1023.423095703125 1023.2269287109375 595.927734375 510.6470947265625
dataset_9_undistorted/keyframe_2_frame_000792.png 0.76852798115659 -0.6209671832758196 0.15413907957199124 0.6253815671568345 0.678191991371795 -0.38594970491257685 0.13512628210638059 0.3930141821955848 0.9095503959118426 19.307873199272137 -48.492760580935965 16.013819516183275 PINHOLE 1280 1024 1023.423095703125 1023.2269287109375 595.927734375 510.6470947265625
dataset_9_undistorted/keyframe_2_frame_000793.png 0.7699941075041217 -0.6192491778861222 0.15373102166840721 0.6236041422432584 0.6794199443004875 -0.38666582832569046 0.13499442416128024 0.3936031254222319 0.9093155332932874 19.25652902712187 -48.58267785073599 16.2338004221574 PINHOLE 1280 1024 1023.423095703125 1023.2269287109375 595.927734375 510.6470947265625
dataset_9_undistorted/keyframe_2_frame_000796.png 0.7713234958528539 -0.6174754566037868 0.15420152476017085 0.6223684892596958 0.6811328290907245 -0.38564088432559074 0.1330920516757689 0.39342939375548014 0.9096705548922048 19.361578889173817 -48.427885165447606 16.46907202704506 PINHOLE 1280 1024 1023.423095703125 1023.2269287109375 595.927734375 510.6470947265625
dataset_9_undistorted/keyframe_2_frame_000804.png 0.7653544362276846 -0.6237282018337685 0.15871274149038464 0.6292165700392052 0.6732841378510549 -0.3883030840792999 0.13533675084173066 0.39705951828733693 0.9077608284045379 19.88220284036576 -48.78855968041353 18.965735235171223 PINHOLE 1280 1024 1023.423095703125 1023.2269287109375 595.927734375 510.6470947265625
dataset_9_undistorted/keyframe_2_frame_000807.png 0.7655528094510976 -0.6234504692826117 0.15884766176717058 0.6290027717410939 0.6734011876869431 -0.388446657751468 0.13520919930469527 0.3972973804454391 0.9076759011488043 19.89913745257023 -48.8065610144381 19.946769465837633 PINHOLE 1280 1024 1023.423095703125 1023.2269287109375 595.927734375 510.6470947265625
dataset_9_undistorted/keyframe_2_frame_000814.png 0.7590240528319713 -0.6300786921231554 0.16394239723443765 0.6368635842194118 0.6662551467419918 -0.38795974494922647 0.13521786254710288 0.39888534996115055 0.9069778175085131 20.539238608402037 -48.7458708439226 21.72363864679255 PINHOLE 1280 1024 1023.423095703125 1023.2269287109375 595.927734375 510.6470947265625
dataset_9_undistorted/keyframe_2_frame_000820.png 0.7423393523819553 -0.6465152536170523 0.1759094756225102 0.6557279549951314 0.6470804996886172 -0.38898849515428346 0.13765929939756946 0.4041157366462784 0.9042913771313549 22.042690840626893 -48.876322124497165 22.165423124204608 PINHOLE 1280 1024 1023.423095703125 1023.2269287109375 595.927734375 510.6470947265625
dataset_9_undistorted/keyframe_2_frame_000821.png 0.7394390435213467 -0.6491478356600231 0.17841105755046072 0.6589292832800507 0.6435527591931564 -0.38943040480168545 0.13798102071575155 0.40552604910704054 0.9036108932621696 22.356822170084616 -48.93200739500412 22.271628602130704 PINHOLE 1280 1024 1023.423095703125 1023.2269287109375 595.927734375 510.6470947265625
dataset_9_undistorted/keyframe_2_frame_000828.png 0.7405506398433962 -0.6465218936665833 0.1832714842663508 0.6593501001591908 0.6464071076816013 -0.38395266299722564 0.1297658532555409 0.40518211846129565 0.9049810897658888 23.012008273373155 -48.216236463698806 24.40960064415367 PINHOLE 1280 1024 1023.423095703125 1023.2269287109375 595.927734375 510.6470947265625
dataset_9_undistorted/keyframe_2_frame_000835.png 0.7525017193806605 -0.6341424117985687 0.17775983624683553 0.6472283683905841 0.6621643747327429 -0.3776748252283245 0.12179353827717047 0.399257604124387 0.9087144239576603 22.274501538212757 -47.45508733324186 26.83114130734748 PINHOLE 1280 1024 1023.423095703125 1023.2269287109375 595.927734375 510.6470947265625
dataset_9_undistorted/keyframe_2_frame_000836.png 0.7549157013280433 -0.6315782576485768 0.17664915475197587 0.6445928045303693 0.6649487347543568 -0.37728896711263177 0.12082484711507234 0.3986936092699836 0.9090909733734132 22.134874793937193 -47.40646957946569 27.137618920643718 PINHOLE 1280 1024 1023.423095703125 1023.2269287109375 595.927734375 510.6470947265625
dataset_9_undistorted/keyframe_2_frame_000844.png 0.7746929776318895 -0.6101268504544656 0.1661008172059656 0.6211855682464662 0.6852041466129083 -0.3802994374549932 0.11821799432478362 0.3978004242807655 0.9098247379042583 20.855794273205042 -47.75712401546639 29.161137113812174 PINHOLE 1280 1024 1023.423095703125 1023.2269287109375 595.927734375 510.6470947265625
dataset_9_undistorted/keyframe_2_frame_000853.png 0.7612593973511557 -0.6275712236663157 0.16319392842363095 0.6352022670379228 0.6711138191509762 -0.3822668068574786 0.13037810903072916 0.3946708039956786 0.9095261008963212 20.445187307485263 -48.03084758789532 27.8661757832499 PINHOLE 1280 1024 1023.423095703125 1023.2269287109375 595.927734375 510.6470947265625
dataset_9_undistorted/keyframe_2_frame_000861.png 0.7631097387794697 -0.6249372565050924 0.1646540887019992 0.6331281437121967 0.6718176317751932 -0.3844657457791319 0.12964979384545386 0.39764240759347097 0.9083358247795277 20.628380164822808 -48.30693881902289 28.007000738768056 PINHOLE 1280 1024 1023.423095703125 1023.2269287109375 595.927734375 510.6470947265625
dataset_9_undistorted/keyframe_2_frame_000879.png 0.7766239523005287 -0.608451656286464 0.16320284709607646 0.6180180659014258 0.685686100285772 -0.3845666439287599 0.1220843179936201 0.39953160746555866 0.9085544607424668 20.45223381552251 -48.31934947080981 33.96543012578286 PINHOLE 1280 1024 1023.423095703125 1023.2269287109375 595.927734375 510.6470947265625
dataset_9_undistorted/keyframe_2_frame_000880.png 0.7766807108923504 -0.6082775301179586 0.16358226262169895 0.6179872166123613 0.685612396916323 -0.38474761149755304 0.12187947149128515 0.39992328609904637 0.9084093816308959 20.504181556656157 -48.34524272539443 34.27876603626032 PINHOLE 1280 1024 1023.423095703125 1023.2269287109375 595.927734375 510.6470947265625
dataset_9_undistorted/keyframe_2_frame_000894.png 0.7579872964617095 -0.6273479136749534 0.17855911209540085 0.640095156074135 0.6627954850190787 -0.3885672127955061 0.12541889719048738 0.408829705919726 0.9039529875414141 22.42017246659538 -48.795716704795495 33.74957630815061 PINHOLE 1280 1024 1023.423095703125 1023.2269287109375 595.927734375 510.6470947265625
dataset_9_undistorted/keyframe_2_frame_000895.png 0.7564485055551525 -0.629406137860675 0.17784164741652672 0.6415055495984368 0.6609885664764311 -0.38931919054363406 0.1274887416455631 0.40859197700818944 0.9037708733716584 22.29130462091373 -48.9173366511925 33.32072234158841 PINHOLE 1280 1024 1023.423095703125 1023.2269287109375 595.927734375 510.6470947265625
dataset_9_undistorted/keyframe_3_frame_000004.png 0.9999314435263202 -0.011241759318641404 0.0032397634214724235 0.011247502839552575 0.9999347937979065 -0.0017822792625852857 -0.003219598023646452 0.0018186976523548541 0.999992941718207 0.28564282485893955 -0.16065850761242473 0.6011284410158169 PINHOLE 1280 1024 1023.423095703125 1023.2269287109375 595.927734375 510.6470947265625
dataset_9_undistorted/keyframe_3_frame_000005.png 0.9999627074925554 -0.008488937543866652 0.0013138294938201585 0.008490661466950275 0.9999622785283997 -0.0014149641705828299 -0.001301798452358076 0.0014259288647647127 0.9999976129052265 0.12054522866834105 -0.12969235272748847 0.5285624984824153 PINHOLE 1280 1024 1023.423095703125 1023.2269287109375 595.927734375 510.6470947265625
dataset_9_undistorted/keyframe_3_frame_000006.png 0.9999808380956275 -0.006164743567171695 -0.0005115888313236464 0.006164022119391946 0.9999799256181878 -0.00104137873372769 0.0005179788597806461 0.0010380618621428192 0.9999986744124735 -0.04689977563055692 -0.09534872284280027 0.4667545069839889 PINHOLE 1280 1024 1023.423095703125 1023.2269287109375 595.927734375 510.6470947265625
dataset_9_undistorted/keyframe_3_frame_000011.png 0.9999419314497986 0.003297827053297386 -0.010262281199987441 -0.0032577176377561095 0.9999862699119096 0.003932672523894554 0.010275335705754117 -0.0038990509412865095 0.9999389368841274 -0.9350412449427381 0.36186625714981346 -0.08817815404677276 PINHOLE 1280 1024 1023.423095703125 1023.2269287109375 595.927734375 510.6470947265625
dataset_9_undistorted/keyframe_3_frame_000021.png 0.9993624705834073 0.025059860203389715 -0.025424020930322973 -0.024596251632321334 0.9995272185403592 0.01838954393638624 0.025873261273648047 -0.017752531813988386 0.9995068284393407 -2.3325672574294316 1.6876447384768198 -1.4267388021053193 PINHOLE 1280 1024 1023.423095703125 1023.2269287109375 595.927734375 510.6470947265625
dataset_9_undistorted/keyframe_3_frame_000023.png 0.999276599515477 0.024382378112765 -0.029187327961476616 -0.02376526394630122 0.999490256788203 0.021296702126164222 0.029692268280734076 -0.020587561443668797 0.9993469436623764 -2.671140724516583 1.9545551426160728 -1.8239625002445337 PINHOLE 1280 1024 1023.423095703125 1023.2269287109375 595.927734375 510.6470947265625
dataset_9_undistorted/keyframe_3_frame_000024.png 0.9992100493412654 0.025525133542758233 -0.030457190228782745 -0.024831607640134395 0.9994276976691645 0.022933242841078387 0.031025633298602112 -0.02215887988504018 0.9992721544428158 -2.79438037470792 2.1046035710849083 -2.0469131163540624 PINHOLE 1280 1024 1023.423095703125 1023.2269287109375 595.927734375 510.6470947265625
dataset_9_undistorted/keyframe_3_frame_000026.png 0.9990030006697842 0.03152706285761612 -0.03160975185341262 -0.030699962401574597 0.9991811763219948 0.02631838047655459 0.03241426004146215 -0.02532174678097026 0.9991529527100902 -2.9001181020594373 2.4151112322965673 -2.486763962205032 PINHOLE 1280 1024 1023.423095703125 1023.2269287109375 595.927734375 510.6470947265625
dataset_9_undistorted/keyframe_3_frame_000027.png 0.9988778785084738 0.03498734417277009 -0.0319278672412609 -0.03408623257833117 0.9990159599981219 0.028346453353797953 0.032888850242279034 -0.027226331419050235 0.9990873234828157 -2.9292428990618617 2.601311838718402 -2.651755578320035 PINHOLE 1280 1024 1023.423095703125 1023.2269287109375 595.927734375 510.6470947265625
dataset_9_undistorted/keyframe_3_frame_000028.png 0.9987723394328082 0.03773694936859735 -0.032086882242378566 -0.03677806545443264 0.9988728574782766 0.02996869456099749 0.03318227286100484 -0.028751804170480982 0.9990346556749002 -2.9438335612494235 2.7501775600319434 -2.7005023438409808 PINHOLE 1280 1024 1023.423095703125 1023.2269287109375 595.927734375 510.6470947265625
dataset_9_undistorted/keyframe_3_frame_000029.png 0.9986490371461737 0.040649444757624185 -0.03236228231849745 -0.03960144696634711 0.9986901975065181 0.03237976370175486 0.03363660772985196 -0.03105465012490172 0.9989511691086427 -2.9623952326962595 2.971255712600396 -2.7458979451321284 PINHOLE 1280 1024 1023.423095703125 1023.2269287109375 595.927734375 510.6470947265625
dataset_9_undistorted/keyframe_3_frame_000031.png 0.998460565303867 0.04452688944430803 -0.033073489615120896 -0.04327067899373665 0.9983491424181309 0.03776067229586552 0.034700957994337034 -0.03627168542656145 0.9987392154744679 -3.0276029949110246 3.4648503405501287 -2.7345643828612083 PINHOLE 1280 1024 1023.423095703125 1023.2269287109375 595.927734375 510.6470947265625
dataset_9_undistorted/keyframe_3_frame_000035.png 0.9977611366682372 0.05583558793747894 -0.03681188270951503 -0.0540597787559453 0.9974022274860213 0.04758494573024782 0.03937388675646533 -0.04548837442311832 0.9981878619967464 -3.388576735581129 4.3697770910484905 -2.8328535636553624 PINHOLE 1280 1024 1023.423095703125 1023.2269287109375 595.927734375 510.6470947265625
dataset_9_undistorted/keyframe_3_frame_000041.png 0.9960058067794767 0.07846840343140396 -0.04260679764613902 -0.07596311922892923 0.9954491482328747 0.05752782229620881 0.04692779959368038 -0.054061804243141824 0.9974339386950961 -3.9020979530044246 5.278214136658335 -3.6189144688794386 PINHOLE 1280 1024 1023.423095703125 1023.2269287109375 595.927734375 510.6470947265625
dataset_9_undistorted/keyframe_3_frame_000042.png 0.9956760771366856 0.08188182905221063 -0.04387017382317682 -0.07924050463795045 0.9951135966083452 0.0588895629464317 0.04847873487958066 -0.05515874563658492 0.9972995929553755 -4.017951886865934 5.403185720705778 -3.7449391802369973 PINHOLE 1280 1024 1023.423095703125 1023.2269287109375 595.927734375 510.6470947265625
dataset_9_undistorted/keyframe_3_frame_000046.png 0.9947411724158811 0.08839662821461247 -0.05172755221040821 -0.08498649880981045 0.9942741362058565 0.06476651875012009 0.05715750500489183 -0.0600300402474892 0.9965584764617905 -4.756798824631718 5.946468124348485 -4.357268055647182 PINHOLE 1280 1024 1023.423095703125 1023.2269287109375 595.927734375 510.6470947265625
dataset_9_undistorted/keyframe_3_frame_000048.png 0.9943863508369125 0.09020265930227173 -0.055313643970811205 -0.0863745054329589 0.9939331415618465 0.06807533121825435 0.06111967770562298 -0.06291543899805951 0.9961447000168494 -5.085721529518937 6.250230559265219 -4.681145858634636 PINHOLE 1280 1024 1023.423095703125 1023.2269287109375 595.927734375 510.6470947265625
dataset_9_undistorted/keyframe_3_frame_000050.png 0.9937636654402789 0.09499886079216482 -0.05839296131061439 -0.09067868286257559 0.9932267238820373 0.07263992186290052 0.06489934197586393 -0.06689219229770672 0.9956466843668739 -5.357291078420062 6.665397609220918 -5.036452991718079 PINHOLE 1280 1024 1023.423095703125 1023.2269287109375 595.927734375 510.6470947265625
dataset_9_undistorted/keyframe_3_frame_000051.png 0.9936154806976617 0.09563425371156783 -0.05985639481262845 -0.09105150428066261 0.9930090635125911 0.07510036992232899 0.0666212718410632 -0.06917127292020141 0.9953767969446967 -5.4915365703016334 6.8912608886901126 -5.220264305152341 PINHOLE 1280 1024 1023.423095703125 1023.2269287109375 595.927734375 510.6470947265625
dataset_9_undistorted/keyframe_3_frame_000054.png 0.993260771420516 0.09657974454816236 -0.06407258463746801 -0.09117000749658052 0.9924057940566163 0.0825623684917091 0.07156106527168209 -0.0761646801413543 0.9945234600537117 -5.882086201047608 7.578483627800324 -5.817376253221255 PINHOLE 1280 1024 1023.423095703125 1023.2269287109375 595.927734375 510.6470947265625
dataset_9_undistorted/keyframe_3_frame_000055.png 0.9931006167784239 0.09717911755231964 -0.06563671888238144 -0.09138769774900521 0.9920850360036608 0.08610750457834382 0.07348637090706948 -0.07951526372641214 0.9941211381639852 -6.014653609818756 7.900115549363591 -5.94612843786399 PINHOLE 1280 1024 1023.423095703125 1023.2269287109375 595.927734375 510.6470947265625
dataset_9_undistorted/keyframe_3_frame_000058.png 0.9924613257347302 0.10246198664151164 -0.0672539192942159 -0.09596338635446827 0.9909720210208103 0.09361815560945978 0.0762403818713608 -0.08645874581074085 0.9933335886900816 -6.170286324994741 8.590308236992314 -6.0953816559483585 PINHOLE 1280 1024 1023.423095703125 1023.2269287109375 595.927734375 510.6470947265625
dataset_9_undistorted/keyframe_3_frame_000059.png 0.9921143598314193 0.10585291236540349 -0.06711987638815713 -0.09921093227822189 0.990466214665968 0.09556453568162429 0.0765971170036474 -0.08815204809199859 0.9931575715457988 -6.157981833257618 8.768837355912638 -6.243596163388702 PINHOLE 1280 1024 1023.423095703125 1023.2269287109375 595.927734375 510.6470947265625
dataset_9_undistorted/keyframe_3_frame_000060.png 0.9919545244996135 0.10750332816897913 -0.06685382704435133 -0.10075374805586312 0.9901483391017953 0.09722770153434347 0.07664880486803766 -0.08971024521119267 0.9930138231815754 -6.1262795601622715 8.920206272986889 -6.494897849208428 PINHOLE 1280 1024 1023.423095703125 1023.2269287109375 595.927734375 510.6470947265625
dataset_9_undistorted/keyframe_3_frame_000061.png 0.9918488179807737 0.10872252143063495 -0.06645415166431666 -0.10188671019455728 0.989878260155885 0.09878742331715161 0.0765233167134558 -0.09121162329257348 0.9928867558760794 -6.096903540474447 9.06459115229336 -6.830454929104917 PINHOLE 1280 1024 1023.423095703125 1023.2269287109375 595.927734375 510.6470947265625
dataset_9_undistorted/keyframe_3_frame_000062.png 0.9918416421099341 0.10894861972987473 -0.0661877088055123 -0.10205829488061723 0.9897573425503147 0.0998121520732397 0.07638550609414822 -0.09224279030119406 0.9928019657880284 -6.08330827812402 9.162202855606893 -7.084684681600493 PINHOLE 1280 1024 1023.423095703125 1023.2269287109375 595.927734375 510.6470947265625
dataset_9_undistorted/keyframe_3_frame_000066.png 0.9919557710513915 0.108705027010451 -0.0648685254677862 -0.10155709169603575 0.9892913061936107 0.10482344525154326 0.0755701199003137 -0.09739244288611687 0.9923728721404874 -5.944202352890538 9.617128566735573 -8.369318139698407 PINHOLE 1280 1024 1023.423095703125 1023.2269287109375 595.927734375 510.6470947265625
dataset_9_undistorted/keyframe_3_frame_000067.png 0.9920555685582784 0.10810144092411775 -0.06435080399476245 -0.10088174780056097 0.9891846993430773 0.10646631717983543 0.07516551316374649 -0.09912879601695374 0.9922314520288785 -5.903836780031189 9.76918290705953 -8.77302826545997 PINHOLE 1280 1024 1023.423095703125 1023.2269287109375 595.927734375 510.6470947265625
dataset_9_undistorted/keyframe_3_frame_000069.png 0.9923608313735386 0.10577842953328845 -0.06349719594950858 -0.09847039181445226 0.9891657106814103 0.10887478958165787 0.07432726523513522 -0.1017907166507298 0.9920253023688482 -5.825592370977025 9.990126464132572 -9.470195831412411 PINHOLE 1280 1024 1023.423095703125 1023.2269287109375 595.927734375 510.6470947265625
dataset_9_undistorted/keyframe_3_frame_000070.png 0.9925481499107625 0.10429435432963792 -0.0630201388848817 -0.09694384006173595 0.9891732826398796 0.11016728847942905 0.07382897630577767 -0.10323715853370379 0.9919130013387554 -5.781757569825661 10.108739215595733 -9.826327928322712 PINHOLE 1280 1024 1023.423095703125 1023.2269287109375 595.927734375 510.6470947265625
dataset_9_undistorted/keyframe_3_frame_000076.png 0.9938667920850184 0.09390302960989011 -0.058411684650372886 -0.08655931605564558 0.9892843311897774 0.1175703760277076 0.06882724546833431 -0.11179336074764598 0.9913447066668691 -5.358924719761937 10.788203787301882 -11.816746080401003 PINHOLE 1280 1024 1023.423095703125 1023.2269287109375 595.927734375 510.6470947265625
dataset_9_undistorted/keyframe_3_frame_000079.png 0.9943960113515982 0.09023745745287669 -0.05509446851533572 -0.0831146228362679 0.9892704046509859 0.12014735018978398 0.06534646818593433 -0.11489483479179334 0.991225962839027 -5.054512900242852 11.024578408256502 -12.552160673025128 PINHOLE 1280 1024 1023.423095703125 1023.2269287109375 595.927734375 510.6470947265625
dataset_9_undistorted/keyframe_3_frame_000083.png 0.9952530671210269 0.08544306993180374 -0.04659453353068839 -0.07901969231814841 0.9889292691201281 0.12558875910058226 0.05681059290275691 -0.12131098618407629 0.9909871609160104 -4.274613909028712 11.523928210052645 -13.384200549442085 PINHOLE 1280 1024 1023.423095703125 1023.2269287109375 595.927734375 510.6470947265625
dataset_9_undistorted/keyframe_3_frame_000084.png 0.9955099270553417 0.08361488369476218 -0.044378474767614064 -0.07738622186953774 0.9888573885408674 0.1271667566870625 0.05451828546783695 -0.12316154649759851 0.9908878600664026 -4.0713078624086965 11.668759750526078 -13.528105005770499 PINHOLE 1280 1024 1023.423095703125 1023.2269287109375 595.927734375 510.6470947265625
dataset_9_undistorted/keyframe_3_frame_000085.png 0.9957416933599764 0.08174352438797355 -0.04261861262116222 -0.07567822179042491 0.9888267786629771 0.12842386392805286 0.05264141739976613 -0.12465227221847847 0.9908027768448423 -3.909830544325035 11.784057464049965 -13.647638377749786 PINHOLE 1280 1024 1023.423095703125 1023.2269287109375 595.927734375 510.6470947265625
dataset_9_undistorted/keyframe_3_frame_000088.png 0.9965116069607136 0.07435031959138347 -0.037909959119313046 -0.0687289686701187 0.9887848791762722 0.13258735181810657 0.047343767033090525 -0.12951942966908225 0.9904459269462369 -3.4326907106101316 12.195297635656289 -14.174001117526245 PINHOLE 1280 1024 1023.423095703125 1023.2269287109375 595.927734375 510.6470947265625
dataset_9_undistorted/keyframe_3_frame_000089.png 0.9966539050554333 0.07324876701997558 -0.03627251563765 -0.06776084682333787 0.9885926699934595 0.13450075206331083 0.04571191369493217 -0.13159305098234117 0.9902484611120356 -3.3275723991408466 12.341828416797625 -14.457609175371203 PINHOLE 1280 1024 1023.423095703125 1023.2269287109375 595.927734375 510.6470947265625
dataset_9_undistorted/keyframe_3_frame_000090.png 0.996694827765715 0.07345964386349353 -0.03469011877190288 -0.06807662960942065 0.9882590635412396 0.13677678084775075 0.04433155740284549 -0.13396337575991413 0.9899936958068704 -3.182380752182781 12.550615549728036 -14.711599449897676 PINHOLE 1280 1024 1023.423095703125 1023.2269287109375 595.927734375 510.6470947265625
dataset_9_undistorted/keyframe_3_frame_000094.png 0.9971480421256995 0.06997375828054664 -0.028282153109702675 -0.06520102143219753 0.9874052810623688 0.14414630123851158 0.03801333723235612 -0.14189139711951895 0.9891514795459231 -2.5491712801539954 13.256263412333738 -15.44905023135368 PINHOLE 1280 1024 1023.423095703125 1023.2269287109375 595.927734375 510.6470947265625
dataset_9_undistorted/keyframe_3_frame_000095.png 0.9974119803907223 0.06691619507392839 -0.0262966000919115 -0.062414986402027556 0.9874184038443876 0.14528164623084552 0.03568830699991744 -0.14326477026860515 0.9890397858887108 -2.412234906476659 13.331133966678635 -15.651056745460096 PINHOLE 1280 1024 1023.423095703125 1023.2269287109375 595.927734375 510.6470947265625
dataset_9_undistorted/keyframe_3_frame_000096.png 0.9976480178239239 0.06411276049788225 -0.024247446148857384 -0.05990359980461695 0.9874414992735359 0.14618037298176517 0.03331582839974276 -0.14438429939981628 0.9889597197415764 -2.1790482782338554 13.443356313781806 -15.804914292781064 PINHOLE 1280 1024 1023.423095703125 1023.2269287109375 595.927734375 510.6470947265625
dataset_9_undistorted/keyframe_3_frame_000097.png 0.9977379918509136 0.06347855606602208 -0.022127940274224923 -0.05955539907980957 0.9873357951373871 0.14703356451606928 0.031182172339221968 -0.1453831654860552 0.9888833420154417 -2.029738712835517 13.491915325974787 -16.00189075677656 PINHOLE 1280 1024 1023.423095703125 1023.2269287109375 595.927734375 510.6470947265625
dataset_9_undistorted/keyframe_3_frame_000101.png 0.9980389066027441 0.061093989027302606 -0.013641923465782382 -0.058353590361749495 0.9868842769324729 0.15050727716120696 0.022658933292597425 -0.14941620116066376 0.9885141049602733 -1.2511346356955038 13.810608459130435 -16.87541355343808 PINHOLE 1280 1024 1023.423095703125 1023.2269287109375 595.927734375 510.6470947265625
dataset_9_undistorted/keyframe_3_frame_000103.png 0.9982806692400754 0.05770403925426875 -0.010287246720776312 -0.05547259759088369 0.9868051333892278 0.15210843478273872 0.01892956030120296 -0.15127638615385489 0.9883099273651371 -0.943366204630891 13.957466561776528 -17.333208823083964 PINHOLE 1280 1024 1023.423095703125 1023.2269287109375 595.927734375 510.6470947265625
dataset_9_undistorted/keyframe_3_frame_000107.png 0.9986871148666455 0.050930580158201476 -0.00551538273210612 -0.049447846369116075 0.9865154474651506 0.1560142805360612 0.013387673290724052 -0.1555367395501767 0.9877388742314749 -0.5055110086128067 14.315873235123945 -18.20175555707931 PINHOLE 1280 1024 1023.423095703125 1023.2269287109375 595.927734375 510.6470947265625
dataset_9_undistorted/keyframe_3_frame_000108.png 0.9987311032340929 0.05015837565954758 -0.00452743352340913 -0.04882421316068478 0.9863604542221018 0.1571857346644642 0.012350612326095496 -0.1567653830127507 0.9875578328344109 -0.4148168416095199 14.423486664841903 -18.40370441598452 PINHOLE 1280 1024 1023.423095703125 1023.2269287109375 595.927734375 510.6470947265625
dataset_9_undistorted/keyframe_3_frame_000109.png 0.9987876823742569 0.04911502423152759 -0.0032891997655275992 -0.047972580884117946 0.98618339935258 0.1585535819732365 0.011031818126641498 -0.1582038208031458 0.9873442778340801 -0.301258563024561 14.548952091824276 -18.628740469286754 PINHOLE 1280 1024 1023.423095703125 1023.2269287109375 595.927734375 510.6470947265625
dataset_9_undistorted/keyframe_3_frame_000110.png 0.9988739451799955 0.047397394722561714 -0.0021730528788085116 -0.046441810158544664 0.9860685113846239 0.15972119895502218 0.009713805044439252 -0.1594405949786388 0.9871593075677655 -0.19889498037380804 14.65603074872979 -18.85916294263734 PINHOLE 1280 1024 1023.423095703125 1023.2269287109375 595.927734375 510.6470947265625
dataset_9_undistorted/keyframe_3_frame_000112.png 0.9991464123698792 0.041311229321167334 0.00048622375122067506 -0.04084504008737498 0.9859727608894704 0.16182663157245505 0.006206581957606706 -0.16170826673309657 0.9868184283205883 0.045147709921824486 14.849366476509203 -19.37096715481266 PINHOLE 1280 1024 1023.423095703125 1023.2269287109375 595.927734375 510.6470947265625
dataset_9_undistorted/keyframe_3_frame_000116.png 0.9995551678600302 0.029152661409322947 0.006297342883727755 -0.029795158259444395 0.9854607012824702 0.1672653043996133 -0.0013289325968532646 -0.16737860898117238 0.9858912883199749 0.5783185646305209 15.348371214162853 -20.016269563873834 PINHOLE 1280 1024 1023.423095703125 1023.2269287109375 595.927734375 510.6470947265625
dataset_9_undistorted/keyframe_3_frame_000122.png 0.9995679250955793 0.027775517381376468 0.00962178992634494 -0.02905949424594981 0.9830114238067849 0.18122610860983224 -0.004424161333945894 -0.1814273426564132 0.9833940850197759 0.8718003090502755 16.63164482968591 -20.756451946959828 PINHOLE 1280 1024 1023.423095703125 1023.2269287109375 595.927734375 510.6470947265625
dataset_9_undistorted/keyframe_3_frame_000125.png 0.9995097595808742 0.030213176584906024 0.008218108016982044 -0.03122052390500624 0.9815761720472056 0.18849960090049192 -0.0023709259063750413 -0.18866369596210605 0.9820383712943195 0.7431021482822562 17.29904014133649 -21.098053232917778 PINHOLE 1280 1024 1023.423095703125 1023.2269287109375 595.927734375 510.6470947265625
dataset_9_undistorted/keyframe_3_frame_000126.png 0.9994416964089695 0.032534818551369485 0.00760094071585733 -0.0333875827050406 0.9809578048109584 0.19132690860355256 -0.0012307772894200528 -0.19147381391399088 0.9814967105471748 0.6979656636201828 17.556155924264203 -21.22126984451495 PINHOLE 1280 1024 1023.423095703125 1023.2269287109375 595.927734375 510.6470947265625
dataset_9_undistorted/keyframe_3_frame_000130.png 0.9989486825672907 0.04534586640040264 0.006766754445588042 -0.04579053384065641 0.9794410022570383 0.19646234521725636 0.0022818999304420433 -0.19656542609029568 0.9804877473761228 0.6215255066739438 18.027486143582564 -21.575403599987453 PINHOLE 1280 1024 1023.423095703125 1023.2269287109375 595.927734375 510.6470947265625
dataset_9_undistorted/keyframe_3_frame_000131.png 0.9987858485247071 0.048805039693400484 0.0067096653752792505 -0.04916879073626894 0.9791442913344067 0.1971240061177386 0.0030515840530779817 -0.19721464754400284 0.9803554386105735 0.6162235029548988 18.088128540604202 -21.685184072073525 PINHOLE 1280 1024 1023.423095703125 1023.2269287109375 595.927734375 510.6470947265625
dataset_9_undistorted/keyframe_3_frame_000135.png 0.9981813172242586 0.05998043569488605 0.006057380718511789 -0.05998071359557596 0.9780379356729997 0.1996066387795589 0.006048976341114437 -0.19960692572590105 0.9798571179228673 0.5564824344725565 18.31597906847719 -22.397916768576806 PINHOLE 1280 1024 1023.423095703125 1023.2269287109375 595.927734375 510.6470947265625
dataset_9_undistorted/keyframe_3_frame_000136.png 0.9981998376149255 0.05969084577721803 0.005817869980884826 -0.059642078862230406 0.9778386787610072 0.20068156794127953 0.006290666689686769 -0.2006675068123566 0.9796389304887834 0.5230895635300854 18.417091077370287 -22.658474458446676 PINHOLE 1280 1024 1023.423095703125 1023.2269287109375 595.927734375 510.6470947265625
dataset_9_undistorted/keyframe_3_frame_000139.png 0.9979459284286498 0.0639023594025387 0.004562213279025557 -0.06347639052431475 0.9766435998846147 0.20526990455105212 0.008662377052043875 -0.20513790567530957 0.9786938566114749 0.4193427389653408 18.83568115821822 -22.80528645997424 PINHOLE 1280 1024 1023.423095703125 1023.2269287109375 595.927734375 510.6470947265625
dataset_9_undistorted/keyframe_3_frame_000142.png 0.998237497039723 0.05931462987176109 0.0018739948715667133 -0.058361473067838586 0.9755047930234101 0.212089293546139 0.010752717006079006 -0.21182519318871507 0.9772475497450281 0.172638551577613 19.461297594252756 -23.448740603353258 PINHOLE 1280 1024 1023.423095703125 1023.2269287109375 595.927734375 510.6470947265625
dataset_9_undistorted/keyframe_3_frame_000143.png 0.9983170510513808 0.057979796357937576 0.0013069740180241523 -0.05690395317347084 0.9749605730896177 0.21497079603751584 0.011190564120380164 -0.2146835289011902 0.9766192501055735 0.1206719493516637 19.725759748661403 -23.81972866221861 PINHOLE 1280 1024 1023.423095703125 1023.2269287109375 595.927734375 510.6470947265625
dataset_9_undistorted/keyframe_3_frame_000145.png 0.9983872549080476 0.05676341246066822 0.0007150821306186457 -0.05555402800179935 0.9743858604179849 0.21790909202255243 0.011673405718231455 -0.21759761182134474 0.9759685584605066 0.111869910276301 20.026326764292435 -24.29249772177036 PINHOLE 1280 1024 1023.423095703125 1023.2269287109375 595.927734375 510.6470947265625
dataset_9_undistorted/keyframe_3_frame_000146.png 0.9984035429432482 0.05648641766417434 0.00034301139276867126 -0.0551831771700502 0.9740499426830432 0.219499623148626 0.012065576880951985 -0.2191683067044314 0.9756120451676108 0.03219590323227095 20.14130059027775 -24.59967030556163 PINHOLE 1280 1024 1023.423095703125 1023.2269287109375 595.927734375 510.6470947265625
dataset_9_undistorted/keyframe_3_frame_000149.png 0.9983073372501463 0.05815576306230705 -0.0004509034109303333 -0.05656464450160204 0.9727481904581926 0.22485236003757608 0.01351603993554684 -0.2244466984305493 0.9743919177338938 -0.04060776442755554 20.63259048875011 -25.400628044596942 PINHOLE 1280 1024 1023.423095703125 1023.2269287109375 595.927734375 510.6470947265625
dataset_9_undistorted/keyframe_3_frame_000150.png 0.9983236894344315 0.05787325769922352 -0.00080941629313034 -0.05619620808383746 0.9725689847726636 0.2257210892039715 0.013851355055594348 -0.22529745672322704 0.9741913411749439 -0.08488511540434018 20.71447497998747 -25.672900304532845 PINHOLE 1280 1024 1023.423095703125 1023.2269287109375 595.927734375 510.6470947265625
dataset_9_undistorted/keyframe_3_frame_000151.png 0.9983317214207142 0.05773598885085863 -0.0009126742463226577 -0.05601597777227823 0.972200244463927 0.2273485662577452 0.014014466029782137 -0.22691839160934799 0.9738125479818908 -0.08296295234138285 20.861402974868042 -25.92534651177573 PINHOLE 1280 1024 1023.423095703125 1023.2269287109375 595.927734375 510.6470947265625
dataset_9_undistorted/keyframe_3_frame_000153.png 0.9982448812847193 0.05921796484897664 -0.000683723469685816 -0.05744891140443801 0.9711079724985432 0.23161720796752883 0.014380866762659142 -0.2311715811111039 0.9728059828231294 -0.06188628664784446 21.25328297118108 -26.73892907410186 PINHOLE 1280 1024 1023.423095703125 1023.2269287109375 595.927734375 510.6470947265625
dataset_9_undistorted/keyframe_3_frame_000156.png 0.9980974500911272 0.06165623063539906 -0.0002062366199589843 -0.05983478097211187 0.9694235118337126 0.23798326179998985 0.014874058776805688 -0.23751839294437352 0.9712687859812071 -0.018067075057750515 21.837355270782837 -27.774296837738234 PINHOLE 1280 1024 1023.423095703125 1023.2269287109375 595.927734375 510.6470947265625
dataset_9_undistorted/keyframe_3_frame_000158.png 0.9977831338049362 0.06654397956201893 0.0009217614076825446 -0.06477779342980096 0.967953921215838 0.24262590875580883 0.015254046353968834 -0.24214798447028338 0.9701188366073137 0.08545838045323961 22.263265592090193 -28.32076344053189 PINHOLE 1280 1024 1023.423095703125 1023.2269287109375 595.927734375 510.6470947265625
dataset_9_undistorted/keyframe_3_frame_000160.png 0.9974556737882926 0.0712605900838873 0.002114205528555983 -0.06956487084811135 0.9663909517966507 0.24748195923658625 0.015593504794472033 -0.2469995898787707 0.9688896759371431 0.18356637725165115 22.711337139139005 -28.73321165543257 PINHOLE 1280 1024 1023.423095703125 1023.2269287109375 595.927734375 510.6470947265625
dataset_9_undistorted/keyframe_3_frame_000161.png 0.9973359701966797 0.0729003590406349 0.0026274322787241335 -0.07124182038842618 0.965650535538406 0.24988278360872745 0.01568036435227605 -0.249404585123984 0.9682717472896712 0.24199840944432083 22.929166704405134 -28.888107282611486 PINHOLE 1280 1024 1023.423095703125 1023.2269287109375 595.927734375 510.6470947265625
dataset_9_undistorted/keyframe_3_frame_000162.png 0.9972844595375828 0.07358836262697807 0.0029277584613152338 -0.07193589701310528 0.9648455878742626 0.25277597730842827 0.015777650628276393 -0.25230044753563385 0.9675197732251261 0.26963176527259236 23.19468025147944 -29.01348815220649 PINHOLE 1280 1024 1023.423095703125 1023.2269287109375 595.927734375 510.6470947265625
dataset_9_undistorted/keyframe_3_frame_000164.png 0.9972914354943784 0.07348512241107802 0.003260771757573709 -0.071851673665417 0.9637342121156055 0.2570060396295189 0.015744652058781877 -0.2565442815263695 0.9664040733207145 0.3001561808876261 23.58278758166034 -29.141205965773565 PINHOLE 1280 1024 1023.423095703125 1023.2269287109375 595.927734375 510.6470947265625
dataset_9_undistorted/keyframe_3_frame_000166.png 0.9972848369925861 0.07353882022877535 0.0039582596518649964 -0.0719910843018293 0.9621677548053653 0.26277202969103425 0.015516594208527591 -0.26234362682645906 0.9648495484893007 0.36419462795278434 24.1118184890463 -29.184436594401063 PINHOLE 1280 1024 1023.423095703125 1023.2269287109375 595.927734375 510.6470947265625
dataset_9_undistorted/keyframe_3_frame_000169.png 0.9971477748692152 0.07532932456602344 0.004792441251542636 -0.07383067090503898 0.9601790554830322 0.26945070121767234 0.015697057540802434 -0.2690357044525792 0.963001631393666 0.42939716597805955 24.72702196131422 -29.014615486646107 PINHOLE 1280 1024 1023.423095703125 1023.2269287109375 595.927734375 510.6470947265625
dataset_9_undistorted/keyframe_3_frame_000171.png 0.9966280423564815 0.08178548025529805 0.006639475768277877 -0.0804861004811792 0.9586428103610372 0.2729901204809088 0.015962863923789605 -0.27260416228425915 0.961993130852703 0.6102242416174448 25.049578056464725 -28.976085912638382 PINHOLE 1280 1024 1023.423095703125 1023.2269287109375 595.927734375 510.6470947265625
dataset_9_undistorted/keyframe_3_frame_000176.png 0.9957641279933107 0.09139995148214768 0.010063994630948557 -0.09053795825194753 0.9554573310113383 0.28089671601692906 0.016059439213678098 -0.28061789120110125 0.9596849991073361 0.9244965886973802 25.774897599218548 -29.804490088590455 PINHOLE 1280 1024 1023.423095703125 1023.2269287109375 595.927734375 510.6470947265625
dataset_9_undistorted/keyframe_3_frame_000181.png 0.9951197904608559 0.09769779092711557 0.013887224209629238 -0.09753058599774792 0.9523425696003606 0.2890136847006701 0.01501185156372998 -0.2889576966831628 0.9572234655745084 1.2753718449912697 26.519775797842613 -31.200063278401444 PINHOLE 1280 1024 1023.423095703125 1023.2269287109375 595.927734375 510.6470947265625
