0015/492130269_796b5bf602_o.jpg -0.999772 0.009660401 -0.019042162 0.012383013 0.9888359 -0.14849353 0.017395066 -0.14869547 -0.98873 0.332223 -0.336618 -1.90721 PINHOLE 1600 1176 1646.489990234375 1646.469970703125 800.0 588.0
0015/3611827485_281ac6d564_o.jpg -0.9830895 -0.014748744 -0.1825307 0.016999194 0.98509777 -0.17115304 0.18233489 -0.17136164 -0.9681886 -2.72643 -0.161607 -0.478546 PINHOLE 1600 1055 2089.989990234375 2090.97998046875 800.0 527.5
0022/2835868540_572241d9f7_o.jpg 0.9958895 0.0024294734 -0.09054385 0.009514411 0.991304 0.13124745 0.09007534 -0.13156942 0.9872061 0.466838 0.725547 5.28079 PINHOLE 1280 959 4084.860107421875 4084.02001953125 640.0 479.5
0022/1610927842_7027d5148d_o.jpg 0.99823755 0.011814445 -0.058157023 0.021591512 0.8405158 0.5413566 0.055277724 -0.54165816 0.83877933 0.422252 -1.44765 -2.22617 PINHOLE 1280 958 2573.530029296875 2574.0400390625 640.0 479.0
0022/2675714713_c4e4746967_o.jpg 0.9645052 -0.018144147 0.2634398 -0.14132552 0.8072639 0.57302016 -0.22306241 -0.5899117 0.776046 -1.90478 -2.04437 -2.75138 PINHOLE 1280 947 1409.6800537109375 1409.4300537109375 640.0 473.5
0022/2244694791_ec4eee64cc_o.jpg 0.9998726 -0.00804557 0.01378238 0.0043860944 0.9689022 0.24740534 -0.015344295 -0.24731338 0.968814 -0.123308 -0.501791 -2.06558 PINHOLE 846 1280 1820.699951171875 1821.199951171875 423.0 640.0
0022/38958495_74efb603d5_o.jpg 0.9993935 0.021352652 0.02750829 -0.024273777 0.9935627 0.11065226 -0.024968494 -0.11125288 0.9934784 -0.230399 0.310394 2.4668 PINHOLE 1280 953 1909.760009765625 1909.5400390625 640.0 476.5
0022/3715690353_64477b25da_o.jpg 0.96826816 -0.01622333 0.2493865 -0.069514275 0.94102716 0.33111274 -0.24005122 -0.33794186 0.9100388 -1.90841 -0.49515 -1.29778 PINHOLE 1280 957 1419.8499755859375 1419.239990234375 640.0 478.5
0022/1469603948_0052cdbe5d_o.jpg 0.98719394 0.049861673 -0.15153204 0.0282155 0.8803446 0.47349474 0.15700965 -0.4717067 0.867664 0.998827 -0.847833 -1.41525 PINHOLE 1280 853 6365.4501953125 6366.97998046875 640.0 426.5
0022/1070377533_d043020b4f_o.jpg 0.9437817 -0.015841108 -0.33018965 0.13918063 0.9250452 0.3534405 0.29984143 -0.37952664 0.87524545 1.97633 -0.152565 -0.373577 PINHOLE 912 1280 5438.9501953125 5441.68994140625 456.0 640.0
0022/3216263284_1c2f358e5a_o.jpg 0.84167933 0.013501632 0.53980887 -0.27062497 0.87562114 0.4000622 -0.46726656 -0.48280984 0.74064606 -3.57467 -0.547343 -0.961027 PINHOLE 1280 719 3433.469970703125 3434.659912109375 640.0 359.5
0022/2941542538_0f61a1959c_o.jpg 0.95193136 -0.051084783 0.30202153 -0.14013378 0.8041328 0.57769626 -0.2723769 -0.5922506 0.75832057 -2.30702 -1.59781 -1.92312 PINHOLE 1280 850 2919.3798828125 2919.830078125 640.0 425.0
0015/2959733121_2a804e7d1c_o.jpg -0.98863596 -0.020381043 -0.14894152 0.026563382 0.95149267 -0.30652252 0.147964 -0.30699557 -0.94013846 -1.44681 -0.488544 -1.27633 PINHOLE 1183 1600 1709.4300537109375 1709.780029296875 591.5 800.0
0015/3480270595_61e9118a00_o.jpg -0.9912118 -0.01264468 -0.1316789 0.0076034595 0.9883296 -0.15214093 0.13206592 -0.1518051 -0.97954774 -1.20753 0.381569 2.43012 PINHOLE 1561 1170 1611.9300537109375 1611.9300537109375 780.5 585.0
0022/2835033819_2806874c89_o.jpg 0.99812967 -0.027755147 -0.054468542 0.045394864 0.9332698 0.3562959 0.040944804 -0.3581021 0.9327842 0.137559 -0.114156 -0.378492 PINHOLE 1280 960 5029.31005859375 5029.31005859375 640.0 480.0
0022/3353330026_1c0b8f51d9_o.jpg 0.9894006 -0.066588536 0.12904392 -0.0217924 0.8105092 0.58532035 -0.1435669 -0.58192855 0.8004672 -1.11544 -1.93363 -2.55205 PINHOLE 1280 830 1017.3699951171875 1017.77001953125 640.0 415.0
0022/2523305319_f42a537f61_o.jpg 0.99606276 -0.04691852 -0.07521742 0.0735635 0.91093075 0.4059478 0.049471386 -0.40988275 0.9107956 0.00612962 -1.00912 -2.09904 PINHOLE 1280 842 1047.3699951171875 1047.1400146484375 640.0 421.0
0022/2652866084_f528569160_o.jpg 0.9997284 -0.010389917 -0.020860653 0.01739378 0.9283975 0.3711813 0.015510436 -0.37144333 0.9283261 -0.0217199 -0.233689 -0.606007 PINHOLE 1280 960 4330.759765625 4332.60009765625 640.0 480.0
0022/3106463411_710199120e_o.jpg 0.9985458 0.009800121 -0.05301156 0.008709955 0.941091 0.33804128 0.053201545 -0.3380114 0.9396371 0.297915 -0.450944 -1.10489 PINHOLE 1118 1118 1384.3299560546875 1384.3299560546875 559.0 559.0
0022/3000898340_59cef56f18_o.jpg 0.9999163 -0.008418868 0.009820291 0.005886444 0.9721968 0.23409131 -0.011518039 -0.23401392 0.972165 -0.266863 -0.25194 -0.938559 PINHOLE 1280 846 1309.4000244140625 1309.449951171875 640.0 423.0
0022/3406090453_bfeb6c40d0_o.jpg 0.9279471 0.17656782 -0.32823455 0.0613321 0.7963206 0.6017573 0.36763093 -0.57853025 0.7281142 2.37225 -1.78664 -1.73101 PINHOLE 1280 959 3164.8798828125 3164.22998046875 640.0 479.5
0022/388599473_aa576a9202_o.jpg 0.89422184 0.0419645 -0.44565257 0.15349303 0.90648574 0.3933491 0.4204844 -0.42014593 0.8041581 2.92594 -0.550452 -0.812948 PINHOLE 1280 960 3701.030029296875 3701.800048828125 640.0 480.0
0022/228519770_b3bf41b2fb_o.jpg 0.99646884 -0.04725973 0.0693997 -0.0040565575 0.79848695 0.60199845 -0.08386504 -0.6001542 0.79547566 -0.660175 -2.15497 -2.85582 PINHOLE 1280 959 3398.8798828125 3399.0400390625 640.0 479.5
0022/2969129627_e8c1be55f3_o.jpg 0.9998321 0.0077650207 -0.01659889 0.0033277546 0.8137947 0.58114296 0.018020676 -0.58110064 0.8136322 0.0131771 -1.84848 -2.60837 PINHOLE 1280 960 3920.169921875 3920.989990234375 640.0 480.0
0022/2353199691_728747427f_o.jpg 0.9997444 -0.013157813 0.018382734 0.006127788 0.9404472 0.33988452 -0.021760127 -0.33968502 0.94028753 -0.200464 -0.92047 -2.58238 PINHOLE 1280 937 1007.1400146484375 1007.3699951171875 640.0 468.5
0022/115118203_4dca77c8c5_o.jpg 0.9995552 -0.01509405 0.025721783 0.0074114357 0.96112925 0.2759993 -0.028887907 -0.2756859 0.9608136 -0.342372 -0.650819 -2.25449 PINHOLE 1280 949 1397.219970703125 1396.8499755859375 640.0 474.5
0022/3801833953_3e4647c98f_o.jpg 0.8372081 0.0004719387 0.54688424 -0.34393558 0.77794033 0.525849 -0.42519513 -0.628338 0.6514603 -3.62717 -1.65369 -1.99986 PINHOLE 1019 679 2277.429931640625 2277.429931640625 509.5 339.5
0022/2854678489_96251db6e8_o.jpg 0.99711514 -0.0029069285 0.075848095 -0.015704239 0.96974427 0.24361737 -0.074261434 -0.2441057 0.96690106 -0.751787 -0.556669 -2.32339 PINHOLE 1280 934 1004.280029296875 1004.5800170898438 640.0 467.0
0015/519467706_cec0e967a5_o.jpg -0.9981989 -0.0022905644 -0.059947006 0.006305991 0.9897285 -0.14282064 0.0596584 -0.14294145 -0.9879315 -1.81738 0.319225 2.06993 PINHOLE 1599 1065 2454.260009765625 2454.260009765625 799.5 532.5
0015/1017541041_394e9f81d4_o.jpg -0.99091613 -0.036119375 -0.12954001 -0.021174941 0.9931468 -0.11493941 0.13280378 -0.11115231 -0.98489 -1.6714 -0.249865 -1.28642 PINHOLE 1600 1195 1672.010009765625 1671.6099853515625 800.0 597.5
0015/2695220557_acffd8b032_o.jpg -0.9999984 0.0017927077 8.783907e-05 0.0017287902 0.9751905 -0.22136045 -0.00048249442 -0.22135994 -0.97519207 0.487638 -0.687115 -2.95543 PINHOLE 1600 1183 1708.4200439453125 1708.739990234375 800.0 591.5
0015/2429046426_eddd69687b_o.jpg -0.9852703 0.0045789042 -0.17094289 0.027270978 0.99105525 -0.13063625 0.16881567 -0.1333738 -0.97658217 -1.85386 -0.0178854 -0.0535298 PINHOLE 1600 1054 1836.469970703125 1837.1500244140625 800.0 527.0
0022/3686652357_54392802f0_o.jpg 0.9847253 0.009890013 0.17383401 -0.056890387 0.9618642 0.2675458 -0.16455868 -0.27334857 0.94773465 -1.50633 -0.75349 -2.93428 PINHOLE 1280 924 1069.4300537109375 1069.5699462890625 640.0 462.0
0022/3716501170_348e26ecdf_o.jpg 0.9394513 -0.068134025 0.33584073 -0.10466384 0.87615556 0.47052833 -0.3263077 -0.47718883 0.8159743 -2.57468 -1.57857 -2.51544 PINHOLE 1280 957 1073.550048828125 1073.300048828125 640.0 478.5
0022/511248029_542f26462d_o.jpg 0.9999076 0.0023487534 0.013387026 -0.009586627 0.8200836 0.5721634 -0.00963461 -0.5722389 0.8200304 -0.263097 -1.833 -2.74034 PINHOLE 1280 957 3894.260009765625 3895.7900390625 640.0 478.5
0022/3866520701_0a34d3e614_o.jpg 0.9986858 -0.020240141 0.047085833 -0.0024802424 0.8985545 0.43885496 -0.051191673 -0.438395 0.89732337 -0.561391 -1.02316 -2.11656 PINHOLE 1280 958 2734.0 2732.85009765625 640.0 479.0
0015/3885626944_ef7b25d477_o.jpg -0.96461976 -0.00887463 -0.26349565 0.040477823 0.98259854 -0.18127778 0.2605192 -0.18552986 -0.9474748 -3.38188 0.234215 1.35392 PINHOLE 1600 1193 2519.760009765625 2520.110107421875 800.0 596.5
0015/2268632857_50bc94ff02_o.jpg -0.9664756 -0.023584414 -0.25567305 0.016338548 0.98810524 -0.15290894 0.25623813 -0.15196007 -0.95459425 -2.16185 0.244444 1.83149 PINHOLE 1587 1190 2842.6298828125 2842.6298828125 793.5 595.0
0022/1246999913_f034722c7b_o.jpg 0.998727 0.021150336 -0.04579243 0.0013390075 0.89640665 0.44323054 0.050423115 -0.44272766 0.89523727 0.223188 -0.810676 -1.68669 PINHOLE 1280 958 3793.9599609375 3793.14990234375 640.0 479.0
0022/3807590577_b863a74f5f_o.jpg 0.9951795 0.0254942 -0.0946985 0.012470341 0.92488503 0.38004225 0.0972741 -0.37939116 0.92010874 0.565032 -0.39442 -0.999435 PINHOLE 1280 960 4623.4501953125 4624.41015625 640.0 480.0
0022/1173748728_f5d01ef6ef_o.jpg 0.9982076 -0.0031327242 0.05976357 -0.0032801023 0.9942639 0.10690422 -0.05975566 -0.10690864 0.9924716 -0.50044 0.549059 4.70126 PINHOLE 1280 849 2690.72998046875 2690.510009765625 640.0 424.5
0022/3228491558_af70759fef_o.jpg 0.9436944 -0.012873236 0.3305679 -0.038216375 0.9883106 0.14758642 -0.32860366 -0.15190959 0.93217117 -2.4774 -0.120064 -0.408261 PINHOLE 1280 945 1392.6099853515625 1392.199951171875 640.0 472.5
0015/2416022433_ec37763a52_o.jpg -0.999481 -0.0063037537 0.031590424 -0.01891212 0.90869665 -0.4170284 -0.02607727 -0.41740942 -0.90834427 2.6279 -2.12461 -4.76376 PINHOLE 1600 1198 4102.72021484375 4103.56005859375 800.0 599.0
0015/2194604432_b1e45d6a59_o.jpg -0.9974562 0.014737246 -0.06974228 0.04345817 0.9012594 -0.4310949 0.056502733 -0.43302915 -0.89960724 2.12098 -2.63533 -5.51998 PINHOLE 1600 1199 4960.919921875 4962.97998046875 800.0 599.5
0022/2516412779_d7554661b5_o.jpg 0.9998558 0.0020497278 -0.016856764 -0.00016611797 0.99382126 0.110992186 0.016980113 -0.11097338 0.99367833 -0.0780095 0.308283 2.35304 PINHOLE 1280 960 2591.85009765625 2592.389892578125 640.0 480.0
0022/1225631066_223f43c5ff_o.jpg 0.9996288 0.026841475 0.004676533 -0.027183808 0.9709784 0.2376173 0.0018371859 -0.2376562 0.9713476 -0.228116 0.493963 2.15222 PINHOLE 1185 1178 1758.25 1758.25 592.5 589.0
0015/1307424764_836bfa2f6b_o.jpg -0.98099136 0.012537486 -0.19364591 0.04510296 0.985313 -0.16469376 0.18873698 -0.17029716 -0.967149 -0.415509 0.373322 2.15043 PINHOLE 1600 1190 1777.6400146484375 1777.760009765625 800.0 595.0
0015/878855662_a241416cff_o.jpg -0.9960811 0.0044103516 0.088334575 -0.006571086 0.9923053 -0.12364071 -0.08820017 -0.12373663 -0.9883876 1.1611 0.277601 2.07903 PINHOLE 1600 1191 2317.340087890625 2317.570068359375 800.0 595.5
0022/2848358386_c77b4baf3e_o.jpg 0.9995939 -0.015183432 -0.024112487 0.021577762 0.9560157 0.29252067 0.01861045 -0.29292217 0.95595515 -0.037079 -1.07174 -3.45346 PINHOLE 1262 844 567.5399780273438 567.5399780273438 631.0 422.0
0022/2418898447_014cb125cd_o.jpg 0.99881136 -0.031008236 0.03760844 0.0075398013 0.86056125 0.5092912 -0.04815659 -0.5084022 0.85977215 -0.373311 -1.33018 -2.33723 PINHOLE 1280 837 575.8480224609375 575.6339721679688 640.0 418.5
0015/2144111378_4716e481a7_o.jpg -0.9617245 0.005029333 0.27397203 -0.0234274 0.99466157 -0.10049635 -0.27301487 -0.10306826 -0.9564726 1.46424 -0.395533 -3.62073 PINHOLE 1180 1600 1713.5400390625 1713.489990234375 590.0 800.0
0022/448211925_371108e85a_o.jpg 0.99923563 -0.008303469 -0.038199045 0.014185558 0.98759216 0.15639853 0.036426425 -0.15682088 0.9869551 0.124144 -0.06728 -0.641322 PINHOLE 949 1280 1575.739990234375 1575.030029296875 474.5 640.0
0015/513740738_c66351e607_o.jpg -0.98821723 -0.01971845 -0.15178232 -0.003006997 0.9939765 -0.109552346 0.15302825 -0.10780511 -0.982324 -1.44053 0.30238 2.89835 PINHOLE 1296 966 2012.6600341796875 2012.6600341796875 648.0 483.0
0015/3603252064_1732668687_o.jpg -0.93210286 -0.053490575 -0.35822207 0.05892759 0.95346034 -0.29570407 0.3573679 -0.29673576 -0.88557106 -3.62293 -1.50429 -4.25568 PINHOLE 1600 1186 1343.9100341796875 1344.3399658203125 800.0 593.0
0022/3098461189_ebd1a9b463_o.jpg 0.8646097 0.0030885537 -0.50243455 0.15180944 0.9516391 0.26708972 0.4789613 -0.30720267 0.82232755 3.33037 -0.704414 -2.14295 PINHOLE 1280 946 969.3480224609375 969.7080078125 640.0 473.0
0022/318662650_88e3bc1fb6_o.jpg 0.9587214 0.031692214 -0.28257546 0.025049238 0.9804925 0.19495401 0.28324163 -0.19398488 0.93922526 1.664 0.29688 1.77982 PINHOLE 1280 848 1663.27001953125 1663.9200439453125 640.0 424.0
0022/2689006333_4e96a6d7e4_o.jpg 0.914017 -0.033920053 0.4042553 -0.08424697 0.9589023 0.2709406 -0.39683166 -0.28170162 0.87359536 -2.72548 -0.604113 -1.59949 PINHOLE 939 1280 1290.5699462890625 1290.8199462890625 469.5 640.0
0022/215056963_d7d203ba73_o.jpg 0.89255327 -0.012054339 0.45078078 -0.051508132 0.9903748 0.12847058 -0.44799054 -0.13788572 0.8833414 -2.40548 0.0702729 0.816317 PINHOLE 1280 952 1578.449951171875 1578.56005859375 640.0 476.0
0022/140882320_e0be63682a_o.jpg 0.9979823 -0.02167755 -0.059677374 0.03215783 0.9830126 0.18069899 0.054746497 -0.18225348 0.9817263 0.219641 0.773677 3.86399 PINHOLE 958 1280 2679.199951171875 2679.219970703125 479.0 640.0
0022/1989159872_539fce0e8b_o.jpg 0.99987006 0.004388626 0.015509641 -0.006182827 0.9930418 0.117600076 -0.014885618 -0.11768069 0.9929399 -0.172067 0.711766 5.55597 PINHOLE 1280 960 3799.429931640625 3801.030029296875 640.0 480.0
0015/3228510319_5901f7015b_o.jpg -0.9899936 -0.026128113 -0.13867225 0.011392956 0.9647011 -0.26310074 0.1406516 -0.26204795 -0.95475024 -1.65696 0.500636 1.74313 PINHOLE 1581 1186 5445.41015625 5445.41015625 790.5 593.0
0015/4002427398_a86e4a7e58_o.jpg -0.9997268 0.0037747915 -0.02306821 0.006318018 0.99377894 -0.11119125 0.022504978 -0.111306615 -0.9935313 0.260678 -0.411878 -3.4682 PINHOLE 893 1600 1879.8499755859375 1880.239990234375 446.5 800.0
0022/312975579_2d0c7ca8ab_o.jpg 0.9930679 0.01342803 -0.116772264 0.003981144 0.9890406 0.14758997 0.117474355 -0.14703174 0.98213106 0.734216 -0.205789 -1.26125 PINHOLE 1280 940 1234.7099609375 1234.8599853515625 640.0 470.0
0022/448206888_227b64ac6b_o.jpg 0.99999505 0.0023810584 0.0020632918 -0.0027635226 0.9773828 0.21145973 -0.001513128 -0.21146438 0.9773845 0.45882 -0.299444 -1.4821 PINHOLE 1280 943 1328.93994140625 1329.52001953125 640.0 471.5
0022/1244153832_b3168a7a9b_o.jpg 0.8881707 -0.06446554 0.4549692 -0.1878443 0.8526671 0.48751754 -0.41936535 -0.5184622 0.74520445 -3.02255 -1.0483 -1.2781 PINHOLE 1280 943 1327.4200439453125 1327.0799560546875 640.0 471.5
0022/2364732234_2767cde6e9_o.jpg 0.9739467 -0.038827814 0.22342837 0.016852604 0.9949015 0.09943371 -0.22615 -0.093077786 0.96963537 -1.28636 0.00434473 2.42019 PINHOLE 1280 1280 2467.260009765625 2467.260009765625 640.0 640.0
0022/2070556147_a34ef98774_o.jpg 0.999891 -0.0091306055 0.011605272 0.004119371 0.92719233 0.374563 -0.014180306 -0.37447438 0.92712885 -0.207453 -0.174646 -0.589063 PINHOLE 1273 954 6356.330078125 6356.330078125 636.5 477.0
0022/3716504108_7a108dcdbf_o.jpg 0.9996456 -0.0035205702 0.026387272 -0.005634924 0.9407736 0.33898866 -0.026017882 -0.3390172 0.9404203 -0.348216 0.00878871 -0.265476 PINHOLE 1280 960 5392.97998046875 5391.83984375 640.0 480.0
0022/3149949081_854563169e_o.jpg 0.9116254 -0.02055779 0.41050768 -0.20585208 0.84162664 0.49928898 -0.3557585 -0.5396683 0.76301634 -2.87481 -1.37098 -1.90484 PINHOLE 1253 939 3955.02001953125 3955.02001953125 626.5 469.5
0022/3771535614_a92fcf05a3_o.jpg 0.9434748 -0.040657856 0.32894096 -0.10301813 0.9073196 0.40762538 -0.31502774 -0.4184712 0.8518447 -2.30612 -0.551968 -0.813853 PINHOLE 1280 857 4212.3798828125 4214.240234375 640.0 428.5
0015/1653917558_ffec427b3a_o.jpg -0.99956846 0.0018565326 -0.029316641 0.0057611163 0.991009 -0.13367116 0.02880489 -0.13378237 -0.990592 0.264106 -0.515934 -3.3397 PINHOLE 1177 1600 1574.6700439453125 1575.25 588.5 800.0
0015/3333646021_9216d3ba89_o.jpg -0.9969779 0.01151641 -0.076826856 0.032425847 0.96037227 -0.2768278 0.070594326 -0.2784824 -0.9578434 -0.678231 0.389816 1.25235 PINHOLE 1275 853 4850.14990234375 4850.14990234375 637.5 426.5
0015/2879331870_385d8c8dc4_o.jpg -0.99726266 -0.0077359485 -0.07353492 0.0008304097 0.9932774 -0.11575561 0.07393605 -0.11549981 -0.990552 0.248845 0.311673 2.39559 PINHOLE 1600 1180 1600.9000244140625 1601.5699462890625 800.0 590.0
0015/3551806723_a47181cf9a_o.jpg -0.8784706 0.006214818 -0.47775593 0.07123966 0.9904421 -0.118107446 0.47245556 -0.13778909 -0.870517 -3.65163 0.214096 1.3583 PINHOLE 1600 1182 1665.0 1664.56005859375 800.0 591.0
0015/399368130_935ba46449_o.jpg -0.83551955 0.02006482 0.5490942 -0.09025996 0.98074543 -0.17318057 -0.5419965 -0.19425696 -0.81762093 0.580007 0.703828 3.34229 PINHOLE 1600 1192 2246.489990234375 2245.830078125 800.0 596.0
0015/2303006132_e8c635902c_o.jpg -0.9075802 0.012475326 0.41969347 -0.10643705 0.960074 -0.25870642 -0.40616423 -0.27946776 -0.87001634 1.18754 0.746786 2.42118 PINHOLE 1039 764 802.093994140625 802.093994140625 519.5 382.0
0015/469030960_254e7b5fe2_o.jpg -0.9595313 -0.018104292 -0.28101942 0.044514935 0.97563237 -0.21484852 0.27806133 -0.21866344 -0.9353439 -2.58337 0.389721 1.8367 PINHOLE 843 1260 3763.9599609375 3763.9599609375 421.5 630.0
0022/2604830299_33a36b49e8_o.jpg 0.86402506 0.038619652 -0.5019654 0.20143786 0.88724464 0.4149936 0.46139303 -0.45967972 0.75882214 3.19226 -0.605301 -0.825615 PINHOLE 1280 799 4792.06982421875 4789.08984375 640.0 399.5
0022/312975025_9de688d87f_o.jpg 0.99695367 -0.0010782705 -0.077988915 0.01968308 0.9710194 0.23818894 0.075471915 -0.2389984 0.9680825 0.432182 -0.31181 -1.29678 PINHOLE 1280 956 1656.3299560546875 1656.9599609375 640.0 478.0
0022/510806396_53030c4a1c_o.jpg 0.8520189 0.092295706 -0.51531094 0.23240471 0.81533915 0.53029245 0.4690969 -0.5715799 0.6732344 3.46258 -1.47092 -1.47831 PINHOLE 1252 834 5083.3701171875 5083.3701171875 626.0 417.0
0022/3918549631_bc2e969aa1_o.jpg 0.8487954 0.1040712 -0.51837784 0.1940255 0.85072273 0.48849252 0.49183378 -0.5152087 0.7018971 3.46156 -1.25655 -1.33271 PINHOLE 1280 960 4487.64990234375 4489.5400390625 640.0 480.0
0015/2588733932_079fa6732a_o.jpg -0.8918791 0.026737986 0.4514829 -0.073748626 0.97629243 -0.20350483 -0.44622064 -0.21479794 -0.8687629 2.62843 0.543556 2.41013 PINHOLE 1600 1040 1403.3399658203125 1403.280029296875 800.0 520.0
0015/164326891_8a88269821_o.jpg -0.98613703 0.02039897 0.16467433 -0.011294193 0.98186165 -0.18926197 -0.16554816 -0.18849811 -0.9680198 2.61381 -0.452088 -1.99701 PINHOLE 1600 1192 2125.419921875 2124.800048828125 800.0 596.0
0022/3074969160_feb757b901_o.jpg 0.8423232 0.0271677 -0.53828764 0.16839993 0.93546194 0.31072888 0.5119894 -0.35238174 0.78338623 3.66581 -0.765862 -1.65018 PINHOLE 1280 953 1351.97998046875 1352.6600341796875 640.0 476.5
0022/543475925_f32587de1a_o.jpg 0.99994725 -0.0015205696 -0.0101558715 0.0041583925 0.9642204 0.26506925 0.009389442 -0.2650975 0.9641759 -0.0155598 -0.762651 -2.78937 PINHOLE 1280 850 981.0560302734375 980.594970703125 640.0 425.0
0015/2087060047_320bbd3696_o.jpg -0.9821119 -0.01841836 -0.18739533 -0.02316704 0.9994628 0.023181794 0.1868677 0.027108511 -0.982011 -1.47861 0.0382449 -3.25345 PINHOLE 1184 1600 1609.4000244140625 1609.989990234375 592.0 800.0
0015/3305213780_e460e68085_o.jpg -0.9730529 0.01310613 0.23020922 -0.01960296 0.9900669 -0.13922405 -0.2297472 -0.13998516 -0.96313053 2.8024 -0.396398 -2.7665 PINHOLE 1600 1185 1586.6500244140625 1586.7900390625 800.0 592.5
0022/2884833200_7f94632175_o.jpg 0.99968034 0.007458188 -0.024158798 -0.0029755926 0.98356795 0.18051368 0.025108127 -0.18038408 0.9832757 0.0168688 -0.0656864 -0.583772 PINHOLE 1280 945 1303.8499755859375 1304.489990234375 640.0 472.5
0022/511214139_209b73f9eb_o.jpg 0.997829 0.01164356 -0.06482011 0.0017278076 0.9792798 0.20250444 0.065834895 -0.20217681 0.9771337 0.0994522 -0.137807 -0.820252 PINHOLE 1280 946 1354.699951171875 1354.3800048828125 640.0 473.0
0015/4143668500_4d10ec3fc6_o.jpg -0.9900575 -0.016376095 -0.13970655 0.017883876 0.97048545 -0.24049571 0.13952155 -0.24060309 -0.9605435 -2.50685 0.433477 1.74923 PINHOLE 1269 951 3912.719970703125 3912.719970703125 634.5 475.5
0015/897695523_1c1019be37_o.jpg -0.9737452 -0.017985484 -0.22692885 0.068815164 0.92697686 -0.36875245 0.21698998 -0.3746871 -0.90140164 -1.56733 -0.627694 -1.41548 PINHOLE 1600 1192 2189.550048828125 2190.260009765625 800.0 596.0
0015/399364960_845892e7d7_o.jpg -0.9581725 0.045485888 0.2825535 -0.03711375 0.9592031 -0.28027108 -0.28377458 -0.27903467 -0.9173939 3.78545 -1.43096 -4.46888 PINHOLE 1600 1179 1553.3299560546875 1553.0 800.0 589.5
0022/2366334289_8b29371e78_o.jpg 0.9155046 -0.037293214 0.40057534 -0.03902413 0.9827668 0.18068337 -0.4004104 -0.18104856 0.89827216 -3.088 -0.258443 -0.67886 PINHOLE 1280 945 1331.9200439453125 1331.530029296875 640.0 472.5
0022/2362913557_5e02e49df8_o.jpg 0.91770077 -0.023135414 0.39659816 -0.077192105 0.9688921 0.2351372 -0.3897008 -0.24639982 0.8873671 -2.86662 -0.377375 -1.20087 PINHOLE 1280 839 1126.1700439453125 1126.0699462890625 640.0 419.5
0015/2874255043_f436b313fb_o.jpg -0.99585193 0.02374836 0.08783455 0.00047425894 0.96667933 -0.25598988 -0.09098719 -0.25488636 -0.96268076 1.69202 -1.19081 -3.89886 PINHOLE 1600 1059 1946.260009765625 1946.1099853515625 800.0 529.5
0015/66518178_f9db888403_o.jpg -0.93889356 -0.028103897 -0.34305832 0.050147377 0.9748588 -0.21710706 0.34053499 -0.2210439 -0.9138794 -3.25634 -0.829932 -3.31819 PINHOLE 1600 1186 1697.6600341796875 1698.199951171875 800.0 593.0
0022/409783245_d8d395e484_o.jpg 0.99949163 0.0093988385 -0.030465411 0.0017352939 0.93810594 0.34634417 0.031835016 -0.34622097 0.9376127 0.0555468 -1.38962 -3.70395 PINHOLE 761 1028 1026.949951171875 1026.949951171875 380.5 514.0
0022/1482387239_eeeb02aa48_o.jpg 0.9980636 -0.027090292 0.05599174 -0.00503337 0.8620476 0.5068023 -0.061996967 -0.5061028 0.860242 -0.434535 -1.33834 -2.26107 PINHOLE 1280 857 4099.68994140625 4101.85009765625 640.0 428.5
0015/275487465_7c3950ece9_o.jpg -0.9997109 -0.00023111857 -0.024043089 0.0030564019 0.9906205 -0.13660762 0.023849148 -0.1366416 -0.99033344 0.29587 0.438897 2.94218 PINHOLE 1600 1042 1718.239990234375 1718.8399658203125 800.0 521.0
0015/2175390292_555e644515_o.jpg -0.96599257 0.0007343795 0.2585687 -0.04531221 0.9840407 -0.17207773 -0.25456852 -0.17794214 -0.95054275 3.62945 -0.691209 -4.05804 PINHOLE 1600 1180 1733.97998046875 1733.3599853515625 800.0 590.0
0022/1535390018_c922ef779d_o.jpg 0.9977081 0.0057203714 -0.067422725 0.021637645 0.91712934 0.39800194 0.064112075 -0.39854863 0.91490364 0.395324 -0.359356 -0.841961 PINHOLE 1280 960 4301.52001953125 4302.43994140625 640.0 480.0
0015/3180508595_1128ea7157_o.jpg -0.98065865 -0.019708594 -0.1947311 0.02064005 0.97895664 -0.20302202 0.19463459 -0.20311455 -0.95961547 -1.79194 0.392911 1.91671 PINHOLE 1072 1600 2428.56005859375 2429.159912109375 536.0 800.0
0015/3511130064_16059fefec_o.jpg -0.99720633 -0.024083946 -0.07070699 -0.0023958918 0.9564207 -0.29198223 0.07465772 -0.29099712 -0.9538065 -0.382451 0.267964 0.894234 PINHOLE 1191 1600 2221.320068359375 2221.570068359375 595.5 800.0
0022/453068332_a802fc9422_o.jpg 0.9908031 -0.037855823 0.12990831 -0.034019426 0.8595386 0.5099373 -0.1309653 -0.50966686 0.8503457 -1.23553 -1.72228 -2.80342 PINHOLE 1280 955 1503.530029296875 1503.760009765625 640.0 477.5
0022/501219352_e100164423_o.jpg 0.9999051 -0.0050458973 0.012820178 -0.0020415112 0.86598295 0.5000694 -0.013625354 -0.5000481 0.86589044 -0.205596 -1.2004 -2.08435 PINHOLE 1280 958 2915.14990234375 2913.919921875 640.0 479.0
0015/2795417037_fd80a23e35_o.jpg -0.9920559 -0.03349579 -0.12125668 -0.015153354 0.98869985 -0.14914073 0.12488204 -0.14611849 -0.9813531 -1.14192 0.38132 2.57396 PINHOLE 1600 1189 2085.31005859375 2085.820068359375 800.0 594.5
0015/3607331897_b100f7da8b_o.jpg -0.9984515 -0.006589969 -0.05523785 0.0038445585 0.9824103 -0.18669552 0.05549655 -0.18661878 -0.9808637 -0.152056 -0.219193 -2.13495 PINHOLE 1600 1188 2304.25 2304.719970703125 800.0 594.0
0015/389635453_56b927cfe2_o.jpg -0.9997616 -0.021524945 -0.0036760313 -0.019065155 0.9424969 -0.33367077 0.010646893 -0.3335211 -0.9426825 0.322442 -1.09093 -3.04845 PINHOLE 1600 1198 4593.990234375 4593.02978515625 800.0 599.0
0022/2377284574_dcf50dc5c7_o.jpg 0.99906796 0.0037590945 -0.043000534 0.014129962 0.91283107 0.40809283 0.040786285 -0.40832007 0.91192716 0.116372 -0.991376 -2.23285 PINHOLE 1280 955 1311.2099609375 1311.1500244140625 640.0 477.5
0022/1894362691_eb9a72713f_o.jpg 0.99999714 -0.002286564 -0.0007387716 0.0024021917 0.94355124 0.33121797 -6.0282284e-05 -0.33121878 0.943554 -0.23048 -0.455572 -1.55853 PINHOLE 1280 844 1340.760009765625 1341.0899658203125 640.0 422.0
0022/2850154144_8d6cc3f05f_o.jpg 0.9998836 0.013626016 0.006866526 -0.015255708 0.8843743 0.46652907 0.00028435347 -0.46657953 0.8844792 -0.132015 -1.14875 -2.23903 PINHOLE 1280 942 1265.239990234375 1265.0999755859375 640.0 471.0
0015/3754970917_99d7cf4861_o.jpg -0.95562345 0.022645384 0.2937192 -0.036282115 0.98040295 -0.19363268 -0.2923481 -0.1956967 -0.9360745 1.50337 0.593485 2.80693 PINHOLE 1174 1600 1988.9000244140625 1988.4200439453125 587.0 800.0
0015/3008979244_8b871a9a9b_o.jpg -0.98763466 0.014470631 0.15610366 -0.018459387 0.97807044 -0.20745465 -0.15568237 -0.20777097 -0.96570915 2.58582 -0.295217 -1.16944 PINHOLE 1283 853 1756.3299560546875 1756.3299560546875 641.5 426.5
0022/3262415418_224a89e0fc_o.jpg 0.99554443 -0.010426301 0.09371558 -0.017249383 0.95695984 0.2897072 -0.09270262 -0.29003295 0.9525162 -0.663132 0.425837 1.2613 PINHOLE 1280 959 3696.5400390625 3696.530029296875 640.0 479.5
0022/2464628195_1a5936f331_o.jpg 0.99846905 -0.018601911 -0.052091423 0.026621558 0.98711675 0.15777151 0.048485465 -0.15891673 0.98610073 0.0160447 0.657385 3.6236 PINHOLE 1280 958 2518.72998046875 2518.7099609375 640.0 479.0
0022/2066614418_5a70705407_o.jpg 0.99993056 0.011750253 -0.00090512395 -0.011375761 0.9824167 0.18635474 0.0030789243 -0.18633151 0.98248214 -0.0756676 -0.195535 -1.28206 PINHOLE 1280 1163 1730.47998046875 1730.06005859375 640.0 581.5
0022/1466905824_047f29c391_o.jpg 0.9998308 -0.016033873 -0.009015057 0.016839236 0.9950637 0.09779891 0.007402461 -0.09793417 0.99516535 -0.129402 0.466177 4.08513 PINHOLE 1280 959 2935.1201171875 2934.52001953125 640.0 479.5
0022/557685972_9ce5d71315_o.jpg 0.99781656 0.0033984447 0.06595847 -0.02572156 0.9398234 0.34069106 -0.060831495 -0.34164375 0.93785876 -0.601569 -0.00486414 -0.0553182 PINHOLE 1280 955 6742.080078125 6741.93017578125 640.0 477.5
0022/3568956904_f156634a3e_o.jpg 0.9950778 0.027188506 -0.09529442 0.020572184 0.88400084 0.46703243 0.09693826 -0.466694 0.87909025 0.583768 -0.962742 -1.76449 PINHOLE 1280 959 4393.5400390625 4391.72021484375 640.0 479.5
0022/312833485_22ee68d0a8_o.jpg 0.99468184 -0.012108824 -0.10228088 0.025975158 0.99045724 0.13535029 0.0996659 -0.13728723 0.9855044 0.511771 0.264746 1.82406 PINHOLE 1280 957 1717.75 1718.4300537109375 640.0 478.5
0022/2414832080_ce0b33bb01_o.jpg 0.9997728 0.00495268 -0.020731686 -0.0017498949 0.9884189 0.15173995 0.021243108 -0.1516692 0.988203 0.0377875 1.15359 7.02192 PINHOLE 1280 851 4895.5 4894.330078125 640.0 425.5
0015/3602442955_5305b75580_o.jpg -0.9986958 0.005706581 0.05073615 -0.00705302 0.96878624 -0.24779724 -0.05056656 -0.2478319 -0.9674825 1.02144 -0.867963 -3.28986 PINHOLE 1600 1185 1321.739990234375 1321.8599853515625 800.0 592.5
0015/404000070_24067007de_o.jpg -0.9295276 -0.00033633807 -0.3687524 0.11422189 0.9505543 -0.28879032 0.3506163 -0.31055814 -0.88352805 -3.84546 -1.43166 -4.45904 PINHOLE 1319 975 1446.6800537109375 1446.6800537109375 659.5 487.5
0022/2663006271_724291aab3_o.jpg 0.65015095 0.049137738 -0.7582145 0.37680125 0.84569985 0.37790555 0.6597913 -0.5313918 0.5313174 4.98324 -0.625393 -0.589482 PINHOLE 1280 850 2924.669921875 2923.330078125 640.0 425.0
0022/733459890_6209f79181_o.jpg 0.8863124 0.042328395 -0.46114925 0.16282095 0.903748 0.39589012 0.43352008 -0.42596707 0.7941111 3.21954 -1.3668 -2.52238 PINHOLE 1280 943 1303.77001953125 1303.719970703125 640.0 471.5
0015/186728502_b8b38745c0_o.jpg -0.9893952 0.008504976 0.14499944 -0.023316318 0.97603804 -0.21634726 -0.143365 -0.2174338 -0.96548903 1.58764 0.502064 2.12042 PINHOLE 1308 769 1390.0400390625 1390.0400390625 654.0 384.5
0015/2961365335_8c1d232d57_o.jpg -0.9972225 -0.018994754 0.07201766 -0.02994028 0.98760164 -0.15409929 -0.06819768 -0.1558275 -0.98542726 1.09902 0.524358 2.90059 PINHOLE 1600 1188 1760.1099853515625 1759.3900146484375 800.0 594.0
0022/646220037_7a9250a9ae_o.jpg 0.99992776 0.0118097495 -0.0022358827 -0.010272088 0.93623173 0.35123295 0.0062412773 -0.3511846 0.93628544 -0.0892709 -0.652129 -1.80876 PINHOLE 1280 946 1402.260009765625 1402.22998046875 640.0 473.0
0022/340075389_0d8bfb1f10_o.jpg 0.98700625 -0.015240693 0.15995748 -0.02217326 0.9730489 0.22953029 -0.15914465 -0.2300946 0.96006745 -1.08188 -0.329482 -1.35961 PINHOLE 1280 946 1288.800048828125 1289.280029296875 640.0 473.0
0022/772882575_37ff22c631_o.jpg 0.99690187 -0.030471133 0.072512865 0.015433087 0.97976774 0.19954196 -0.07712603 -0.19780466 0.9772026 -0.574783 -0.16108 -0.859494 PINHOLE 1280 947 1409.219970703125 1409.52001953125 640.0 473.5
0015/3044000961_9a22c3912b_o.jpg -0.9988837 0.0021393895 0.04718872 -0.013035075 0.947702 -0.31889033 -0.045403074 -0.31914946 -0.9466162 0.967534 -0.942135 -2.51435 PINHOLE 1550 1162 1499.719970703125 1499.719970703125 775.0 581.0
0015/375694219_08f3ef71ee_o.jpg -0.98661274 -0.0006473033 -0.16307932 0.034842778 0.9760651 -0.2146694 0.15931498 -0.21747771 -0.9629757 -1.90683 0.191866 0.873958 PINHOLE 1600 1048 1892.0799560546875 1891.8199462890625 800.0 524.0
0015/2140428609_eecfae94d0_o.jpg -0.99596214 0.010961196 -0.08910248 0.023787005 0.9892645 -0.14418717 0.08656545 -0.14572445 -0.98553073 -0.359305 -0.611419 -4.16406 PINHOLE 1600 1042 1205.0799560546875 1204.8699951171875 800.0 521.0
0022/441847585_4066c9b34b_o.jpg 0.82311386 0.00497772 -0.5678545 0.11485043 0.97783804 0.17504902 0.55614114 -0.20930362 0.80430037 3.59216 0.110368 0.58134 PINHOLE 1280 844 1451.550048828125 1451.469970703125 640.0 422.0
0022/1297977400_b0630f2b24_o.jpg 0.9066908 0.07351363 -0.41534027 0.10482194 0.91453224 0.39069575 0.40856352 -0.397777 0.82149214 2.81006 -0.432711 -0.352361 PINHOLE 1276 957 3519.610107421875 3519.610107421875 638.0 478.5
0022/2899024525_d3c7b3b33c_o.jpg 0.9897655 0.027732387 -0.13998239 0.029746048 0.91929305 0.392448 0.13956836 -0.39259544 0.9090597 0.910985 -0.411211 -0.888405 PINHOLE 1280 847 3716.77001953125 3715.050048828125 640.0 423.5
0022/24655383_ba1f244885_o.jpg 0.99919343 0.00084590365 0.040146448 -0.022681292 0.8369075 0.5468742 -0.03313626 -0.5473437 0.8362517 -0.361255 -1.54384 -2.36717 PINHOLE 1025 768 3038.6201171875 3038.6201171875 512.5 384.0
0015/2761597789_e2faa6e53b_o.jpg -0.98530084 -0.015511923 -0.17012228 0.017957194 0.9809464 -0.19344676 0.16988158 -0.19365817 -0.9662488 -1.62874 -0.31593 -1.13545 PINHOLE 1600 1190 2365.719970703125 2364.919921875 800.0 595.0
0015/3103619104_4b7b5d04de_o.jpg -0.99857885 -0.0051247645 0.053047195 -0.013159112 0.98825616 -0.1522386 -0.05164403 -0.15272032 -0.98691916 0.87119 0.90061 5.91421 PINHOLE 1600 1198 4426.27978515625 4425.35986328125 800.0 599.0
0022/4295408049_a11a64958d_o.jpg 0.9972839 0.017733483 0.07148727 -0.044385422 0.9192493 0.39116573 -0.058777895 -0.39327624 0.9175396 -0.571807 -0.331523 -0.887684 PINHOLE 1280 853 3001.969970703125 3001.739990234375 640.0 426.5
0022/2686594039_193db9a4e9_o.jpg 0.9970782 0.008654035 0.07589608 -0.015646888 0.99563307 0.092032775 -0.074768186 -0.09295141 0.99285936 -0.62372 0.485723 4.72661 PINHOLE 1280 955 2396.64990234375 2396.030029296875 640.0 477.5
0022/253344402_0233e0aa67_o.jpg 0.99407303 0.04494402 -0.098989315 -0.018685086 0.9676272 0.251691 0.10709677 -0.24834962 0.9627319 0.709739 0.524079 2.00618 PINHOLE 1280 960 3635.969970703125 3636.72998046875 640.0 480.0
0022/2441542594_87b8e6ab5b_o.jpg 0.94681215 0.019767195 0.321179 -0.10665581 0.9609692 0.25526994 -0.30359715 -0.27594832 0.9119656 -2.35245 -0.36125 -1.41356 PINHOLE 1280 944 1219.1500244140625 1219.050048828125 640.0 472.0
0022/1964809378_227cd089c2_o.jpg 0.9904541 -0.006498577 0.13768984 -0.004606338 0.9967698 0.080179855 -0.13776612 -0.08004871 0.98722476 -1.14611 0.685547 8.26373 PINHOLE 1280 720 3205.669921875 3207.260009765625 640.0 360.0
0022/83606285_950fba64a6_o.jpg 0.97791064 -0.057310373 0.20101328 -0.07334599 0.8064437 0.58674437 -0.19573243 -0.5885271 0.78442633 -1.51575 -2.08664 -2.73116 PINHOLE 1020 764 2017.7099609375 2017.7099609375 510.0 382.0
0022/3464140746_a8e34df568_o.jpg 0.9992764 0.0014261263 0.038008537 -0.0156132495 0.9266024 0.37571818 -0.03468298 -0.37603974 0.9259542 -0.359867 -0.340077 -0.942654 PINHOLE 825 1280 4116.56982421875 4117.22998046875 412.5 640.0
0022/2464627575_604e98f303_o.jpg 0.99934745 -0.019618265 -0.0303281 0.024586434 0.9845679 0.17326757 0.026460864 -0.17390017 0.9844077 0.111257 0.727781 3.75734 PINHOLE 1280 958 2529.18994140625 2529.699951171875 640.0 479.0
0015/2297515763_02113fb126_o.jpg -0.99005705 0.002974723 0.14063473 -0.0197423 0.98694223 -0.15986012 -0.1392739 -0.16104709 -0.97707045 1.9615 0.37556 1.9484 PINHOLE 1600 1175 1720.4300537109375 1720.6199951171875 800.0 587.5
0015/3658689893_7a410fce78_o.jpg -0.98372567 0.006882756 -0.17954494 0.034076124 0.9882773 -0.14881782 0.17641592 -0.15251411 -0.9724283 -2.21953 0.128183 0.836864 PINHOLE 1585 1023 2232.409912109375 2232.409912109375 792.5 511.5
0015/2350756821_98544572e1_o.jpg -0.99232924 0.023848183 0.121300906 0.0025188322 0.98491305 -0.17303148 -0.12359734 -0.17139867 -0.9774181 1.57568 0.469621 2.62339 PINHOLE 1116 726 1361.8199462890625 1361.8199462890625 558.0 363.0
0015/3827640857_c93cdfb501_o.jpg -0.99918574 -0.0009951729 -0.04033436 0.0062952274 0.98360664 -0.18021756 0.03985249 -0.18032473 -0.9827995 -0.130983 -0.334431 -1.66857 PINHOLE 1600 1061 2145.5400390625 2145.449951171875 800.0 530.5
0015/448295385_1f1e986ff1_o.jpg -0.97898936 -0.012639093 -0.20351914 0.017169653 0.98942333 -0.14403717 0.20318706 -0.14450522 -0.96841794 -1.82396 0.0893153 0.803423 PINHOLE 1600 1190 2028.8800048828125 2029.02001953125 800.0 595.0
0015/2499107370_d54ef6325a_o.jpg -0.9674588 -0.017564837 -0.25241828 0.018630058 0.9899351 -0.1402904 0.2523419 -0.14042774 -0.9573942 -4.17277 0.058532 0.80557 PINHOLE 1600 1188 1741.300048828125 1741.280029296875 800.0 594.0
0015/4043252998_b660b7dffa_o.jpg -0.97441053 0.0040419307 -0.22473945 0.06463111 0.96265316 -0.26291004 0.21528347 -0.27070746 -0.9382806 -3.38039 0.403377 1.41068 PINHOLE 1054 1575 6399.64990234375 6399.64990234375 527.0 787.5
0015/3612636980_590b713557_o.jpg -0.90338 -0.013074156 -0.42864168 0.041040555 0.99231166 -0.11676152 0.4268727 -0.12307171 -0.8958979 -3.76333 0.213308 1.87911 PINHOLE 1600 1050 1903.6199951171875 1904.1700439453125 800.0 525.0
0022/2004808007_12be8bb96c_o.jpg 0.9892008 0.01473519 0.1458242 -0.034455027 0.99043006 0.13364562 -0.14245936 -0.13722673 0.9802419 -0.639532 -0.285505 -2.106 PINHOLE 841 1280 1386.3399658203125 1386.469970703125 420.5 640.0
0022/220383979_353deb41d6_o.jpg 0.9940275 0.041523043 -0.10092167 0.008953378 0.8906363 0.45462817 0.10876205 -0.4528165 0.8849452 0.407858 -0.833876 -1.65127 PINHOLE 1026 670 3260.60009765625 3260.60009765625 513.0 335.0
0022/1877549382_d5348c2bb0_o.jpg 0.9883658 -0.040254973 0.14667164 -0.00629083 0.9526944 0.3038647 -0.15196532 -0.30125216 0.9413574 -1.32789 -0.813478 -2.22639 PINHOLE 1280 944 1319.3599853515625 1319.4000244140625 640.0 472.0
0022/2838543898_db23c7e021_o.jpg 0.9981465 -0.01212301 0.059637282 -0.0063712406 0.95375615 0.3005138 -0.06052256 -0.30033678 0.95191115 -0.372425 -1.01416 -3.1925 PINHOLE 1280 954 1036.5999755859375 1036.72998046875 640.0 477.0
0015/2868077621_79f4c04c43_o.jpg -0.9505157 -0.009211619 -0.31054002 0.02396934 0.99440664 -0.1028638 0.3097506 -0.10521709 -0.9449783 -2.25722 -0.099848 -0.40214 PINHOLE 1314 973 1434.22998046875 1434.22998046875 657.0 486.5
0015/2248320068_7553a48263_o.jpg -0.99234784 0.020109715 0.12182497 -0.0090890955 0.97207415 -0.23449773 -0.12313859 -0.23381059 -0.9644529 1.98388 -0.795639 -3.10823 PINHOLE 1600 998 1579.2099609375 1579.0899658203125 800.0 499.0
0015/2072844333_4d9359dfdb_o.jpg -0.9961448 -0.0041343006 0.08762735 -0.01600048 0.9906958 -0.1351514 -0.08625329 -0.13603243 -0.9869425 1.48994 0.422614 2.67151 PINHOLE 1600 1182 1654.1099853515625 1653.6700439453125 800.0 591.0
0015/479605349_8aa68e066d_o.jpg -0.9914238 -0.00927631 0.13035655 -0.03626581 0.9778301 -0.20623536 -0.12555346 -0.20919412 -0.96978045 1.93084 -0.170471 -0.904968 PINHOLE 1567 1145 2473.909912109375 2473.909912109375 783.5 572.5
0015/3725011530_c0b61956ec_o.jpg -0.9705988 0.008359603 -0.24055786 0.065633565 0.9707175 -0.23108388 0.23158196 -0.24007842 -0.9427259 -3.01362 -1.09075 -4.69397 PINHOLE 1600 1184 1819.5799560546875 1818.9200439453125 800.0 592.0
0015/2493137906_10a2f6b1b6_o.jpg -0.9995426 -0.0002054836 0.030241497 -0.005182139 0.9863504 -0.16457817 -0.029794896 -0.1646596 -0.98590034 0.668522 -0.0469871 -0.268171 PINHOLE 1600 1175 1809.1300048828125 1808.949951171875 800.0 587.5
0015/2301409835_141e19ff60_o.jpg -0.999923 0.012401003 0.00049356534 0.012085906 0.982015 -0.18841575 -0.002821233 -0.18839526 -0.9820892 0.469552 -0.594781 -2.8861 PINHOLE 1600 1185 1800.6800537109375 1800.449951171875 800.0 592.5
0015/3018466005_9b0df76317_o.jpg -0.9882762 -0.011403295 0.15225016 -0.055983678 0.954814 -0.2918835 -0.14204216 -0.29698503 -0.9442584 2.25187 -0.850926 -2.81083 PINHOLE 1600 1179 1270.47998046875 1270.4300537109375 800.0 589.5
0022/50254895_ce589a7280_o.jpg 0.9330986 -0.044296682 0.35688207 -0.039972614 0.9734601 0.22533898 -0.35739222 -0.224529 0.9065636 -2.02976 0.590936 3.08197 PINHOLE 1280 960 3482.070068359375 3483.5400390625 640.0 480.0
0022/3728287955_47fcb1b1be_o.jpg 0.99856466 0.025767468 -0.04695336 -0.0050042206 0.91771567 0.39720634 0.053324837 -0.39640123 0.91652745 0.0435332 -0.619951 -1.50604 PINHOLE 1280 839 1085.9000244140625 1086.25 640.0 419.5
0022/3796717978_d9f0c78202_o.jpg 0.9998414 -0.015829837 0.0081619555 0.008854175 0.8394266 0.543401 -0.015453311 -0.5432425 0.8394336 -0.200646 -1.64245 -2.5863 PINHOLE 1280 939 3939.22998046875 3939.949951171875 640.0 469.5
0022/2811690874_f500d83335_o.jpg 0.9353686 -0.0090758875 0.35355797 -0.15347743 0.8902235 0.42889017 -0.31863818 -0.45543355 0.8312942 -2.45124 -0.77731 -1.47137 PINHOLE 1280 960 4330.509765625 4329.58984375 640.0 480.0
0022/3770735733_708928339e_o.jpg 0.9149035 -0.016831547 0.4033215 -0.07409745 0.9751516 0.20877966 -0.39681366 -0.22089835 0.8909225 -2.38358 -0.265934 -0.824402 PINHOLE 1280 851 1215.1300048828125 1214.81005859375 640.0 425.5
0022/402463125_91cc1dbc9e_o.jpg 0.9929318 -0.022583919 0.11651792 -0.008422977 0.96584547 0.25898176 -0.118387125 -0.25813267 0.95882845 -0.757829 -0.310004 -1.27889 PINHOLE 1280 951 1173.010009765625 1173.52001953125 640.0 475.5
0022/402462375_fc3c6e17a1_o.jpg 0.994576 -0.01835724 0.102379896 -0.008875833 0.96573305 0.2593857 -0.10363325 -0.2588875 0.9603319 -0.741442 -0.310727 -1.29118 PINHOLE 1280 951 1173.1300048828125 1172.9200439453125 640.0 475.5
0015/1162164006_4b2185f4e7_o.jpg -0.9323065 -0.022163495 -0.36098933 0.057770263 0.97617906 -0.20913398 0.35702536 -0.21583143 -0.90881777 -3.81322 0.15547 1.08307 PINHOLE 1600 1049 2000.02001953125 1999.3399658203125 800.0 524.5
0022/1170878020_5fb6e7c4e2_o.jpg 0.99998975 -0.002774062 0.0035726053 0.0022526577 0.99036413 0.13846956 -0.003922303 -0.1384601 0.99036026 -0.19511 0.802218 5.20118 PINHOLE 1280 958 3188.949951171875 3189.60009765625 640.0 479.0
0022/3649143756_aca56a6328_o.jpg 0.99919796 0.008156503 0.03920308 -0.01796879 0.9662586 0.25694636 -0.035784528 -0.2574447 0.9656302 -0.661907 -0.521916 -1.98509 PINHOLE 1280 853 1131.9300537109375 1131.8499755859375 640.0 426.5
0022/3474328127_ae0a053968_o.jpg 0.9982061 0.0064856037 -0.059519496 0.0042964825 0.98379296 0.17925666 0.059717447 -0.17919081 0.98200023 0.339618 -0.157666 -1.28199 PINHOLE 1280 939 1370.8900146484375 1370.699951171875 640.0 469.5
0022/887591029_b6a427e449_o.jpg 0.9997803 -0.018843496 -0.00918261 0.019489696 0.9968963 0.076274686 0.0077168285 -0.07643689 0.99704456 0.365738 0.364393 4.14401 PINHOLE 1280 960 2311.52001953125 2312.489990234375 640.0 480.0
0022/2941541684_6b0283a313_o.jpg 0.9998833 -0.0012675357 -0.015223937 0.0028722726 0.99437743 0.105854906 0.015004165 -0.10588628 0.994265 -0.0554368 0.475704 4.02318 PINHOLE 1280 849 2234.449951171875 2234.25 640.0 424.5
0022/1775340653_ab208e3a8a_o.jpg 0.9967191 0.022709692 -0.077687025 -0.0006391352 0.96200895 0.27301714 0.08093575 -0.27207175 0.95886725 0.512403 -0.666111 -2.36044 PINHOLE 1280 943 1315.1600341796875 1314.8299560546875 640.0 471.5
0022/180148567_2878b6b1b8_o.jpg 0.8871092 -0.0017053247 0.46155646 -0.111992374 0.96931475 0.21883014 -0.44776666 -0.24581704 0.85969704 -3.48692 -0.377887 -1.15113 PINHOLE 1069 785 1142.739990234375 1142.739990234375 534.5 392.5
0022/397757928_398f9026e8_o.jpg 0.9992761 -0.0047586197 -0.037744742 0.017295217 0.9405159 0.33930925 0.033884887 -0.3397164 0.9399173 0.084176 -0.89405 -2.45017 PINHOLE 1280 944 1333.93994140625 1333.4599609375 640.0 472.0
0022/2652035923_3a9d2c41f6_o.jpg 0.999375 0.022953298 0.026883842 -0.029588647 0.95928335 0.28089133 -0.019341841 -0.28151122 0.959363 -0.120203 0.333807 1.10118 PINHOLE 1280 959 4333.14013671875 4331.3798828125 640.0 479.5
0022/1170878322_310db63782_o.jpg 0.99971247 -0.015813371 0.018027144 0.008845404 0.9419203 0.3357201 -0.022288999 -0.33546412 0.94178927 -0.314319 0.014958 -0.0677906 PINHOLE 1280 955 5328.22998046875 5325.7900390625 640.0 477.5
0015/2184089070_9a8d3c5230_o.jpg -0.98908746 -0.018224357 -0.14619793 0.005800644 0.98673344 -0.16224529 0.1472152 -0.16132283 -0.97585994 -1.91692 0.273455 1.74254 PINHOLE 1296 966 1899.760009765625 1899.760009765625 648.0 483.0
0015/2505812706_c3063bbd42_o.jpg -0.96539253 -0.004642678 -0.2607598 0.039289314 0.98584175 -0.16301037 0.25782472 -0.16761407 -0.9515419 -1.33227 0.523194 2.806 PINHOLE 1597 1197 2649.320068359375 2649.320068359375 798.5 598.5
0015/2461826946_e3bdfaee10_o.jpg -0.9998163 -0.0031196661 -0.018912826 0.001577389 0.96993035 -0.2433776 0.01910338 -0.24336271 -0.9697472 0.342218 -0.679488 -2.60218 PINHOLE 1600 1180 1630.550048828125 1630.5999755859375 800.0 590.0
0015/2297517821_a1fa8307c9_o.jpg -0.9821054 0.017113436 0.18755311 -0.06879407 0.8944479 -0.44184875 -0.17531803 -0.44684458 -0.8772648 3.27451 -1.14041 -2.16029 PINHOLE 1600 1175 1716.0899658203125 1716.2900390625 800.0 587.5
0015/552835426_08e0db9e95_o.jpg -0.935127 0.043695454 0.351608 -0.036934383 0.9749383 -0.21938838 -0.35238236 -0.21814242 -0.9100772 4.30919 -1.0686 -4.10476 PINHOLE 1600 1033 1191.550048828125 1191.1700439453125 800.0 516.5
0015/423966189_a67818f8c4_o.jpg -0.9416182 0.03457453 -0.33490267 0.08532478 0.98674566 -0.13803144 0.3256914 -0.15854841 -0.9320877 -1.58671 0.402482 2.04825 PINHOLE 1600 1187 1753.530029296875 1753.47998046875 800.0 593.5
0022/2112336447_e3c53d8285_o.jpg 0.9962344 -0.005893761 0.08650031 -0.04340344 0.8297672 0.5564194 -0.07505453 -0.5580785 0.8263868 -0.710584 -1.65089 -2.4988 PINHOLE 1021 765 3127.110107421875 3127.110107421875 510.5 382.5
0022/2927309780_0aca5feae8_o.jpg 0.9991933 -0.015985444 0.0368404 0.013689844 0.9979982 0.06174318 -0.037753645 -0.061189033 0.9974119 -0.498546 0.406233 5.79081 PINHOLE 1280 959 2656.8701171875 2656.35009765625 640.0 479.5
0022/402460163_ef84079e29_o.jpg 0.9834584 -0.016699793 0.18036284 -0.034169134 0.96075964 0.27526963 -0.17788227 -0.27687904 0.9442965 -1.33838 -0.35273 -1.34353 PINHOLE 1280 939 1008.719970703125 1008.530029296875 640.0 469.5
0022/3122828874_49b328e959_o.jpg 0.99901044 0.028093163 0.034479965 -0.033983346 0.98228467 0.18428767 -0.028691918 -0.18527706 0.9822674 -0.332595 1.03845 5.57572 PINHOLE 1280 960 7806.419921875 7808.0498046875 640.0 480.0
0022/312833324_fa472f029f_o.jpg 0.9959196 -0.012068012 -0.089434706 0.023164809 0.9919993 0.124099776 0.087221526 -0.12566514 0.98823106 0.5356 0.240835 1.81073 PINHOLE 1280 960 2132.389892578125 2133.280029296875 640.0 480.0
0022/2142632616_76954336cd_o.jpg 0.99743676 0.0038014082 0.071452886 -0.0456652 0.8026074 0.59475714 -0.0550877 -0.5964955 0.80072373 -0.577919 -1.80687 -2.51946 PINHOLE 1280 717 3738.719970703125 3736.409912109375 640.0 358.5
0022/1400145940_25c13a7df6_o.jpg 0.998343 0.02377346 -0.052403286 0.023779202 0.6588357 0.7519109 0.05240068 -0.7519111 0.6571787 0.289997 -3.30902 -2.90882 PINHOLE 1280 958 4201.080078125 4199.52978515625 640.0 479.0
0022/501186144_fa7a31146e_o.jpg 0.99942416 0.019564321 0.027724443 -0.026288401 0.96304154 0.268067 -0.021455241 -0.26864147 0.96300125 -0.241712 -0.635665 -2.37867 PINHOLE 1280 948 1295.489990234375 1295.5999755859375 640.0 474.0
0015/2218788515_34db1b55c4_o.jpg -0.9825774 -0.01652756 -0.18511775 0.021365969 0.97938925 -0.20084853 0.18462189 -0.20130445 -0.9619726 -1.6795 -0.0364953 0.0539836 PINHOLE 1598 1066 2440.0 2440.0 799.0 533.0
0015/1653713464_53b7d9f139_o.jpg -0.9850937 -0.010941764 -0.17167014 0.016490215 0.98737204 -0.15755798 0.17122625 -0.15804026 -0.97247356 -1.75939 0.23847 1.54587 PINHOLE 1588 1191 3120.89990234375 3120.89990234375 794.0 595.5
0022/2508509272_d3f29d064b_o.jpg 0.9951901 -0.0122369705 0.097195365 -0.013040368 0.9667896 0.25524077 -0.09709084 -0.25528055 0.96197987 -0.71681 -0.525169 -2.00645 PINHOLE 1280 947 1294.3499755859375 1294.3900146484375 640.0 473.5
0022/2704204608_ac8406d85b_o.jpg 0.999787 0.0053498433 0.019933313 -0.016395079 0.7925262 0.6096175 -0.012536314 -0.60981447 0.79244506 -0.283507 -2.00722 -2.66185 PINHOLE 1280 853 3075.179931640625 3073.97998046875 640.0 426.5
0022/2703388797_3c4dc9cff7_o.jpg 0.9998494 -0.010836032 0.013556585 0.00095357146 0.814249 0.58051497 -0.017328914 -0.58041465 0.8141367 -0.266002 -1.91498 -2.71559 PINHOLE 1280 854 3091.1201171875 3092.56005859375 640.0 427.0
0015/2183301381_9d1dfdb9d3_o.jpg -0.94129723 -0.02926278 -0.33630818 0.039907817 0.9796039 -0.19693558 0.3352117 -0.19879624 -0.9209306 -3.80198 0.0270464 0.69289 PINHOLE 1288 963 2249.4599609375 2249.4599609375 644.0 481.5
0015/2149894155_fed138e696_o.jpg -0.91850215 0.014909236 -0.3951348 0.08974346 0.98107177 -0.17159341 0.38509727 -0.19306968 -0.90245456 -3.29725 0.147057 0.572201 PINHOLE 1548 1032 2472.389892578125 2472.389892578125 774.0 516.0
0015/3453338659_014766a711_o.jpg -0.77397287 -0.021766914 -0.63284457 0.26590142 0.8958525 -0.35601225 0.5746847 -0.44381806 -0.68757766 -7.0206 -2.422 -4.83603 PINHOLE 1600 1050 1217.280029296875 1217.030029296875 800.0 525.0
0022/2315547624_62f253a152_o.jpg 0.99557 0.027567763 -0.08989084 -0.00059045583 0.95786476 0.2872189 0.09402125 -0.28589347 0.9536377 0.603152 0.145419 0.575931 PINHOLE 1280 957 3535.10009765625 3536.489990234375 640.0 478.5
0022/531357620_f4d44f36fe_o.jpg 0.999987 0.0013487334 -0.004915242 -0.00062439963 0.9895065 0.14448708 0.0050585386 -0.14448214 0.9894945 -0.0996209 -0.0897438 -0.882924 PINHOLE 1280 936 1266.5999755859375 1266.47998046875 640.0 468.0
0015/2183181601_581f321c75_o.jpg -0.8960299 -0.008257376 -0.4439169 0.07343398 0.9833008 -0.16651434 0.4378788 -0.18180043 -0.88046056 -3.6737 0.344126 1.83657 PINHOLE 1056 716 1068.75 1068.75 528.0 358.0
0015/403999946_08c8353b8a_o.jpg -0.9490333 -0.011906483 -0.31495073 0.037172318 0.98808324 -0.1493642 0.31297594 -0.15345906 -0.93728137 -3.87205 0.206552 1.38646 PINHOLE 1314 973 1483.0999755859375 1483.0999755859375 657.0 486.5
0015/2416807524_e7091ee22a_o.jpg -0.8591894 0.05488472 0.5087055 -0.12837404 0.93930435 -0.3181626 -0.49529156 -0.3386665 -0.7999945 4.80611 -1.33371 -3.06305 PINHOLE 1600 1196 4085.27001953125 4084.340087890625 800.0 598.0
0015/275603952_94ac921c80_o.jpg -0.9999759 0.002428227 -0.0064984397 0.0038523588 0.97340125 -0.22907448 0.0057693445 -0.229094 -0.9733872 0.477113 -0.804737 -3.68962 PINHOLE 1600 1044 1670.81005859375 1670.6300048828125 800.0 522.0
0015/170804731_6bf4fbecd4_o.jpg -0.9971706 0.007611745 0.07478489 -0.011829155 0.96657574 -0.25610808 -0.07423469 -0.2562681 -0.96375096 1.43778 -0.867198 -3.07463 PINHOLE 1600 1057 1811.2900390625 1811.050048828125 800.0 528.5
0015/2049844646_11c9c86779_o.jpg -0.96054536 0.022579376 0.27720535 -0.027223997 0.9842795 -0.1745071 -0.27678782 -0.17516862 -0.9448304 1.35611 0.352463 2.09844 PINHOLE 1600 1058 1862.22998046875 1861.52001953125 800.0 529.0
0022/3054462140_4072b5465d_o.jpg 0.855089 0.1145752 -0.5056633 0.22250246 0.7998161 0.55748266 0.46831128 -0.5892086 0.6584207 3.7315 -2.30372 -2.39446 PINHOLE 1280 839 970.8140258789062 970.3270263671875 640.0 419.5
0015/2409395451_667a447a49_o.jpg -0.9343546 -0.01819139 -0.35587996 0.079977535 0.9625121 -0.25917956 0.3472536 -0.270628 -0.8978727 -2.06442 0.0600637 0.618803 PINHOLE 1600 1177 1696.8800048828125 1696.6300048828125 800.0 588.5
0015/878862078_2b0413ca9c_o.jpg -0.91423005 -0.03269995 -0.40387386 0.10245936 0.94568986 -0.3085009 0.39202738 -0.32342145 -0.8612277 -4.52805 -1.81005 -5.00434 PINHOLE 1187 1600 1637.050048828125 1636.449951171875 593.5 800.0
0015/2287525518_2e30c79380_o.jpg -0.9979422 0.01165603 0.06305152 -0.0065139546 0.9598212 -0.28053653 -0.06378813 -0.28036997 -0.95777017 1.37665 -0.914557 -2.93356 PINHOLE 1600 1187 1950.530029296875 1950.8299560546875 800.0 593.5
0015/3563524378_1c6d70bee9_o.jpg -0.9926761 0.0118134115 -0.12022743 0.034034308 0.98224396 -0.18449526 0.115913145 -0.18723589 -0.9754521 -1.26688 0.74134 3.85326 PINHOLE 1042 672 2417.530029296875 2417.530029296875 521.0 336.0
0022/3856321319_4cbe0e4ef0_o.jpg 0.92521745 -0.01576195 0.37910977 -0.13954741 0.9149773 0.37860674 -0.35284442 -0.40319735 0.84435344 -2.4911 -0.271534 -0.515931 PINHOLE 1280 817 2801.989990234375 2800.860107421875 640.0 408.5
0022/3178653611_5f16e3a4b3_o.jpg 0.9402566 -0.034318935 0.33873257 -0.114142805 0.9055547 0.40858546 -0.32076308 -0.42283908 0.8475365 -2.55446 -0.475824 -0.674843 PINHOLE 1280 856 2933.929931640625 2933.929931640625 640.0 428.0
0022/2193910576_081435fb93_o.jpg 0.94611114 -0.005925931 0.32378784 -0.09173936 0.95397097 0.28552276 -0.3105762 -0.29984036 0.90201896 -2.35435 -0.713553 -2.1286 PINHOLE 1071 786 836.3660278320312 836.3660278320312 535.5 393.0
0022/998312093_3421192cdc_o.jpg 0.9392029 0.0060018036 0.34331018 -0.066228926 0.9842383 0.16397765 -0.33691487 -0.17674534 0.924797 -2.00137 0.15912 0.879924 PINHOLE 1280 852 1506.7099609375 1506.739990234375 640.0 426.0
0015/2073853679_f35bb29c49_o.jpg -0.99999595 0.00063209294 0.0027805963 -1.4719573e-05 0.97396505 -0.22669812 -0.0028514978 -0.22669724 -0.9739611 0.625466 -1.03369 -4.55 PINHOLE 1600 1177 1717.8499755859375 1717.5899658203125 800.0 588.5
0015/3017173460_ab03751ac5_o.jpg -0.9950732 -0.0068539707 0.09890573 -0.013289151 0.9978258 -0.06455247 -0.09824825 -0.06554881 -0.9930008 2.37643 -0.0509767 -0.68573 PINHOLE 1062 1600 2152.93994140625 2153.739990234375 531.0 800.0
0015/1418151182_773fd15089_o.jpg -0.99938583 0.0045109116 0.034750108 -0.00015602578 0.99109703 -0.13314149 -0.035041317 -0.13306515 -0.99048764 0.822188 0.698502 5.30899 PINHOLE 1583 1187 3815.419921875 3815.419921875 791.5 593.5
0022/3809929159_2c4feb399b_o.jpg 0.9699021 -0.0017181537 0.24348912 -0.028341765 0.99238163 0.11989777 -0.24184012 -0.12319001 0.96246433 -1.65517 0.536562 4.27729 PINHOLE 1280 959 2721.89990234375 2722.469970703125 640.0 479.5
0022/388668440_9e847d374c_o.jpg 0.9294798 -0.013163246 0.36863816 -0.10936482 0.94459575 0.30948052 -0.35228783 -0.32797194 0.87654305 -2.52069 0.196957 0.486784 PINHOLE 960 1280 3585.530029296875 3584.780029296875 480.0 640.0
0015/149746416_ee35b4d9ae_o.jpg -0.96959096 0.013326373 0.2443682 -0.021813573 0.98983604 -0.14053044 -0.2437572 -0.14158759 -0.95944536 2.08078 0.390386 2.25246 PINHOLE 1317 947 1409.989990234375 1409.989990234375 658.5 473.5
0015/478697621_413a7b66fb_o.jpg -0.9538494 0.025686763 0.2991848 -0.0103690745 0.99292296 -0.11830652 -0.30010638 -0.11594887 -0.9468326 2.86558 -0.118806 -0.25834 PINHOLE 1600 1054 1481.9599609375 1481.6400146484375 800.0 527.0
0022/2314569959_6ec93228c4_o.jpg 0.99951804 0.0021357671 -0.030970821 0.0016573482 0.9925369 0.121933386 0.031000104 -0.12192594 0.99205494 0.0990322 0.641695 4.93843 PINHOLE 1280 852 2271.93994140625 2271.260009765625 640.0 426.0
0022/3866521455_e50c66d51e_o.jpg 0.99788225 -0.033789236 0.055581786 0.009405906 0.92046887 0.3907027 -0.06436285 -0.3893525 0.91883737 -0.586901 -0.918491 -2.1604 PINHOLE 1280 957 2228.739990234375 2228.699951171875 640.0 478.5
0022/2385799359_5eafaf9739_o.jpg 0.9985577 0.031640146 -0.04337536 -0.014121078 0.934231 0.35638887 0.051798802 -0.35526234 0.93333036 0.254863 -1.1584 -2.9466 PINHOLE 1280 949 1299.6600341796875 1299.8299560546875 640.0 474.5
0022/2643017231_726906d254_o.jpg 0.9974261 -0.0026685903 -0.071652055 0.011461714 0.99239105 0.12259143 0.07077971 -0.12309715 0.9898673 0.336114 0.296878 2.09146 PINHOLE 1280 851 1780.8199462890625 1779.8499755859375 640.0 425.5
0015/2947740433_8316ecf292_o.jpg -0.9889053 0.013308326 0.14794998 -0.02731079 0.9627126 -0.2691442 -0.14601517 -0.27019876 -0.95166814 2.24257 0.224775 0.774693 PINHOLE 1189 1600 1897.8800048828125 1898.5899658203125 594.5 800.0
0015/143983789_f030e8f660_o.jpg -0.9993294 0.019831738 0.03078151 0.00973956 0.95431507 -0.29864347 -0.035297874 -0.29814342 -0.9538682 2.07995 0.0612652 0.283969 PINHOLE 1268 950 4849.39013671875 4849.39013671875 634.0 475.0
0015/3485283391_ffc62657fd_o.jpg -0.9998749 0.0112602385 0.011109455 0.009462565 0.988587 -0.15035339 -0.012675678 -0.15022945 -0.9885699 0.722877 0.468407 2.99478 PINHOLE 969 1305 1566.1300048828125 1566.1300048828125 484.5 652.5
0015/3480265591_02fd1d7f7e_o.jpg -0.9940376 -0.014112854 -0.10812018 0.0004016913 0.9911077 -0.13306169 0.109036624 -0.13231176 -0.98519266 -1.85687 -0.0561087 -0.0417936 PINHOLE 1556 1167 1611.8800048828125 1611.8800048828125 778.0 583.5
0015/3315597110_2265a3ce06_o.jpg -0.9994058 -0.0057586688 0.033983853 -0.012608909 0.97868824 -0.20496427 -0.032079276 -0.20527098 -0.9781793 0.885832 -0.0817698 -0.330176 PINHOLE 1058 1589 3691.47998046875 3691.47998046875 529.0 794.5
0015/537712827_f80d0012cf_o.jpg -0.9909954 -0.000934086 -0.1338924 0.023890771 0.98269546 -0.18368158 0.13174704 -0.1852264 -0.9738244 0.15433 1.15351 6.19322 PINHOLE 1600 1187 1791.5899658203125 1791.8699951171875 800.0 593.5
0015/2545457258_e9f30df186_o.jpg -0.99420995 0.006043099 0.10728492 -0.022403484 0.9648189 -0.26195914 -0.10509356 -0.26284593 -0.95909715 1.25226 0.492195 1.73344 PINHOLE 1300 856 1604.5999755859375 1604.5999755859375 650.0 428.0
0022/2082536149_8253c1d62f_o.jpg 0.9986479 0.003043002 -0.051894248 0.018525926 0.9119046 0.4099839 0.048570186 -0.41039097 0.91061527 0.208208 -0.631997 -1.51748 PINHOLE 1280 959 4486.02001953125 4484.14990234375 640.0 479.5
0022/1411860536_45b1c02e2f_o.jpg 0.9992981 0.020063799 0.031635404 -0.032629985 0.8810182 0.4719557 -0.018402142 -0.47265667 0.8810545 -0.3978 -1.14233 -2.26661 PINHOLE 1280 951 1358.8699951171875 1358.6300048828125 640.0 475.5
0015/2419867400_bf98421d6c_o.jpg -0.98716646 -0.025709217 -0.15761161 0.03351375 0.9316257 -0.36187068 0.15613844 -0.36250874 -0.91880804 -4.18411 0.135066 0.554786 PINHOLE 1600 1197 3214.3701171875 3215.0 800.0 598.5
0015/2696052764_9a2716f136_o.jpg -0.9408802 0.07988618 0.3291848 -0.06255438 0.91410327 -0.40062726 -0.3329135 -0.3975342 -0.85506445 2.08698 -1.95072 -4.18266 PINHOLE 1600 1198 10748.099609375 10748.099609375 800.0 599.0
0022/749377193_506da149f0_o.jpg 0.9995789 0.005562968 -0.028480267 0.0089864675 0.8738629 0.48608935 0.02759195 -0.48614058 0.8734449 0.0737717 -1.00109 -1.80764 PINHOLE 1280 899 7060.9501953125 7058.02001953125 640.0 449.5
0022/66304037_fc4bfdc192_o.jpg 0.99928737 0.00042095612 -0.03774292 0.005608283 0.9871826 0.15949605 0.0373263 -0.15959407 0.9864768 0.116652 0.0918095 0.28844 PINHOLE 1280 950 1538.1500244140625 1537.81005859375 640.0 475.0
0022/3030755654_3d5ec40ca4_o.jpg 0.99909484 0.026929107 -0.032929435 -0.015902584 0.95442677 0.2980212 0.03945418 -0.29722777 0.9539911 0.143177 -0.80257 -2.569 PINHOLE 1280 836 919.1640014648438 919.0969848632812 640.0 418.0
0022/2756999791_e60b86c78e_o.jpg 0.9708453 0.12669677 0.20348814 -0.22286093 0.7896953 0.5715893 -0.08827512 -0.60027426 0.7949077 -0.786753 -2.11181 -2.96561 PINHOLE 1280 842 1278.9000244140625 1278.800048828125 640.0 421.0
0022/2694323455_e7e97f0247_o.jpg 0.99194545 0.018988792 -0.12523422 0.014092314 0.9660168 0.2580948 0.12587926 -0.25778082 0.9579684 0.610207 -0.38416 -1.46721 PINHOLE 1280 847 1278.56005859375 1278.510009765625 640.0 423.5
0022/312974599_28ec5e540d_o.jpg 0.8888646 -0.01806364 0.45781383 -0.08070409 0.9774262 0.19525598 -0.45100626 -0.21050356 0.8673417 -3.32906 -0.233911 -0.528409 PINHOLE 1280 949 1470.300048828125 1469.9200439453125 640.0 474.5
0022/2865061552_20756d886a_o.jpg 0.99674517 0.0024468305 0.080579564 -0.012473646 0.9921829 0.12416725 -0.07964585 -0.12476823 0.98898405 -0.521571 -0.157732 -1.12948 PINHOLE 1280 950 1298.02001953125 1297.4599609375 640.0 475.0
0022/424044731_6a9fa30581_o.jpg 0.9993852 -0.0019478876 0.03500604 -0.006185488 0.97299796 0.2307309 -0.034510244 -0.23080559 0.9723877 -0.0500938 -0.248053 -1.15331 PINHOLE 1280 948 1334.949951171875 1334.780029296875 640.0 474.0
0015/2150679996_fd2cd6339e_o.jpg -0.97905403 0.0031216168 0.20357655 -0.03856571 0.9789377 -0.20048371 -0.19991459 -0.20413546 -0.9583125 1.47192 0.634961 2.80657 PINHOLE 1554 1036 2239.68994140625 2239.68994140625 777.0 518.0
0015/308950404_34fbc110a7_o.jpg -0.9880375 0.00053976895 0.15421271 -0.026138673 0.9849386 -0.17091735 -0.1519823 -0.17290367 -0.9731422 2.3924 0.108716 0.492711 PINHOLE 1273 848 2060.3798828125 2060.3798828125 636.5 424.0
0022/1297112213_64e94ffcbb_o.jpg 0.9087078 0.093295135 -0.4068736 0.082283124 0.91554755 0.39370322 0.40924272 -0.39124003 0.82428855 2.80059 -0.489436 -0.349194 PINHOLE 1276 956 3524.909912109375 3524.909912109375 638.0 478.0
0022/2604633667_ccfa68a6b2_o.jpg 0.999471 -0.004964209 0.032140367 -0.0031707962 0.968698 0.24822177 -0.032366533 -0.24819238 0.96816987 -0.205688 -0.448723 -1.93161 PINHOLE 1280 942 1328.219970703125 1328.5899658203125 640.0 471.0
0022/312974796_9fa21e1202_o.jpg 0.9997684 -0.0035964323 -0.021218855 0.010029403 0.95019156 0.31150502 0.019041672 -0.3116457 0.95000756 0.017968 -0.674248 -2.08189 PINHOLE 1280 951 1478.3800048828125 1479.02001953125 640.0 475.5
0015/275493871_794161ba91_o.jpg -0.99999654 0.002401668 0.0010613198 0.0020938904 0.9732915 -0.22956316 -0.0015843081 -0.22956015 -0.9732932 0.69789 -0.297402 -1.21211 PINHOLE 1600 1041 1701.6500244140625 1702.1099853515625 800.0 520.5
0022/1028453105_b7a446d73c_o.jpg 0.9942433 0.0026785876 -0.10711215 0.016799618 0.98342574 0.18053134 0.10582041 -0.18129152 0.9777195 0.816533 -0.0699954 -0.358629 PINHOLE 1280 945 1354.0999755859375 1354.77001953125 640.0 472.5
0022/3067115420_7d71112615_o.jpg 0.9953028 0.011907184 -0.09607605 0.009948647 0.9745735 0.22384706 0.09629856 -0.22375143 0.96987724 0.553387 -0.202691 -0.418394 PINHOLE 1260 945 1387.760009765625 1387.760009765625 630.0 472.5
0022/2142521640_9a08bee026_o.jpg 0.9725917 0.002946914 0.23250099 -0.08336631 0.93786097 0.33684844 -0.21706094 -0.34699872 0.91240144 -1.56179 -0.838715 -2.34227 PINHOLE 1280 936 1240.0 1239.4200439453125 640.0 468.0
0022/2164387434_9b9d5a995c_o.jpg 0.9954636 -0.023083117 -0.09230065 0.039763663 0.9822713 0.18319908 0.08643548 -0.18603823 0.9787332 0.425294 0.0411092 -0.214942 PINHOLE 1280 937 1249.6300048828125 1249.1600341796875 640.0 468.5
0015/3475832871_843d6b914c_o.jpg -0.9995383 0.007481755 0.029447975 -2.8392837e-05 0.9689775 -0.24714883 -0.030383533 -0.24703555 -0.96852994 0.0623962 -0.363124 -1.3101 PINHOLE 1600 1190 1772.800048828125 1773.260009765625 800.0 595.0
0015/2755820233_4ef9e4a9ba_o.jpg -0.9999039 -0.013790967 0.0014022205 -0.013849618 0.9895948 -0.1432142 0.0005874321 -0.14321986 -0.9896907 0.393238 -0.228834 -1.6512 PINHOLE 1600 1184 1711.780029296875 1711.1600341796875 800.0 592.0
0022/2849320555_1a68b4f675_o.jpg 0.8930006 0.042874087 -0.4480086 0.112338 0.9427082 0.31413606 0.43580967 -0.3308521 0.8370226 2.86992 -0.852459 -2.00498 PINHOLE 1280 931 984.510986328125 984.823974609375 640.0 465.5
0022/465433915_fb097fed94_o.jpg 0.98716384 0.024649672 0.15779714 -0.04577466 0.9902354 0.1316761 -0.15301055 -0.137209 0.9786529 -1.06714 -0.00220749 -0.216024 PINHOLE 959 1280 1524.27001953125 1523.9599609375 479.5 640.0
0022/186069410_b743faece0_o.jpg 0.9998531 -0.0024212936 -0.016968444 0.0058803093 0.9783468 0.20688877 0.016100084 -0.20695816 0.9782173 0.0839398 -0.220328 -1.19139 PINHOLE 1280 948 1312.969970703125 1312.2900390625 640.0 474.0
0022/479390531_a237b6b5f4_o.jpg 0.9956176 0.040211655 -0.084430516 0.017999435 0.80355376 0.59496 0.09176879 -0.59387237 0.79930854 0.520686 -2.13199 -2.85843 PINHOLE 1280 960 3764.8798828125 3766.449951171875 640.0 480.0
0015/3968509319_096d953be0_o.jpg -0.9730423 -0.023015859 -0.22947532 0.0024831798 0.9939046 -0.1102158 0.23061329 -0.10781446 -0.96705407 -2.46997 0.135259 1.85055 PINHOLE 1600 1192 2286.06005859375 2285.3798828125 800.0 596.0
0015/301589598_39710c03a0_o.jpg -0.9709875 -0.013405822 -0.23875412 0.03189665 0.9822448 -0.1848724 0.23699336 -0.18712425 -0.9533198 -1.93595 0.167081 1.06734 PINHOLE 1526 858 2026.2099609375 2026.2099609375 763.0 429.0
0022/397758540_e2ec851183_o.jpg 0.99978906 0.0022304887 -0.020418014 0.0040900195 0.9525577 0.30433056 0.020128142 -0.30434987 0.95234764 0.0357831 -0.805762 -2.46093 PINHOLE 1280 946 1350.3499755859375 1350.8599853515625 640.0 473.0
0022/3713497541_ab9fcd2ec4_o.jpg 0.99917465 0.013405022 -0.0383444 -0.0038465613 0.97096026 0.23920985 0.0404375 -0.23886493 0.9702105 0.141782 -0.5983 -2.0668 PINHOLE 1280 945 1387.449951171875 1387.5899658203125 640.0 472.5
0022/2562895246_0fd38ee3f2_o.jpg 0.93913656 0.0024173656 0.34353557 -0.10108659 0.9576504 0.2696056 -0.32833526 -0.2879233 0.89960885 -2.53525 -0.553921 -1.69535 PINHOLE 1280 948 1273.2099609375 1273.050048828125 640.0 474.0
0015/164684196_d172f0865b_o.jpg -0.9961088 -0.013967882 -0.08701852 0.0073616626 0.97072357 -0.24008647 0.08782443 -0.23979284 -0.9668434 -0.311166 0.393214 1.55083 PINHOLE 1600 1049 1763.0699462890625 1762.260009765625 800.0 524.5
0022/31347159_2b1df19c1d_o.jpg 0.99953866 -0.01971304 0.023105718 0.011866665 0.95375067 0.30036443 -0.027958192 -0.29995167 0.9535446 -0.370043 0.390222 1.18441 PINHOLE 1280 959 8162.419921875 8159.009765625 640.0 479.5
0022/2051129170_37712f7e1a_o.jpg 0.90916806 0.077985816 -0.40906197 0.0614255 0.9464482 0.31695843 0.41187423 -0.31329533 0.8556902 2.77238 -0.00209329 0.610335 PINHOLE 1280 960 3751.35009765625 3752.919921875 640.0 480.0
0015/2200977989_16fdf0cdbb_o.jpg -0.93516314 -0.001083634 0.35421562 -0.050498225 0.99018896 -0.13029091 -0.35059923 -0.13973053 -0.926043 3.16468 0.450118 2.43919 PINHOLE 1047 690 1361.06005859375 1361.06005859375 523.5 345.0
0015/205993994_6969ba4619_o.jpg -0.9908104 0.00848536 -0.13499159 0.035343852 0.9795968 -0.19784066 0.13055858 -0.20079371 -0.97089463 -1.14308 0.163818 0.741029 PINHOLE 1275 956 2446.469970703125 2446.469970703125 637.5 478.0
0022/1029331258_f91df71f67_o.jpg 0.99990296 -0.010920514 0.008652329 0.008378311 0.9674687 0.25285193 -0.011132131 -0.2527549 0.9674663 -0.0660304 -0.565568 -2.10735 PINHOLE 1280 946 1378.010009765625 1378.43994140625 640.0 473.0
0022/2085380530_7d798c07a1_o.jpg 0.9789121 0.004262019 -0.20423745 0.027947823 0.9875876 0.15456313 0.2023611 -0.1570117 0.96664226 1.226 0.704581 4.52242 PINHOLE 1280 959 4284.31005859375 4282.56982421875 640.0 479.5
0022/2695687620_ea76004e6b_o.jpg 0.9797469 -0.00020689511 -0.20023976 0.050788533 0.96755534 0.24750192 0.19369183 -0.2526591 0.94796985 0.991048 -0.321464 -1.31629 PINHOLE 1280 947 1423.2900390625 1423.5899658203125 640.0 473.5
0022/2704221874_65afda36c8_o.jpg 0.9998186 -0.00052793237 -0.019037172 0.0060975947 0.9558679 0.29373348 0.018041952 -0.2937963 0.9556978 -0.0948969 -0.843432 -2.75784 PINHOLE 1280 827 1003.780029296875 1004.0599975585938 640.0 413.5
0015/3182244552_6b2b1a66c4_o.jpg -0.9846793 0.010336726 -0.17406863 0.04334039 0.98142433 -0.1868899 0.16890337 -0.19157082 -0.9668362 -2.78221 0.0129964 -0.0468256 PINHOLE 672 1008 2405.199951171875 2405.199951171875 336.0 504.0
0022/2142586008_02281291f9_o.jpg 0.9936648 0.029170236 -0.108532764 0.009619625 0.9401071 0.34074345 0.11197199 -0.33962882 0.93387073 0.653729 0.110322 0.323334 PINHOLE 1280 718 5022.14990234375 5023.31982421875 640.0 359.0
0015/3884834767_ec7d2cd21c_o.jpg -0.98686105 -0.027935164 -0.15913804 -0.004124821 0.98897487 -0.14802589 0.16151865 -0.14542456 -0.97609603 -3.30551 0.164018 1.4763 PINHOLE 1600 1198 4608.0 4607.02978515625 800.0 599.0
0015/1969087925_0f439b6bc7_o.jpg -0.9894196 0.024201078 -0.14304948 0.07100147 0.94061863 -0.33195692 0.12652129 -0.3386014 -0.9323848 -1.72025 -0.0673951 -0.293144 PINHOLE 1021 1567 6489.919921875 6489.919921875 510.5 783.5
0022/2679742515_d4964c0aa3_o.jpg 0.9971381 -0.03702247 0.06591677 -0.009308506 0.8051343 0.5930194 -0.0750269 -0.5919359 0.80248547 -0.701674 -2.58954 -3.49092 PINHOLE 1280 953 1039.9000244140625 1040.0 640.0 476.5
0022/3640457694_97729a6b55_o.jpg 0.84371036 -0.031113412 0.53589624 -0.14991446 0.9449397 0.29088596 -0.5154401 -0.3257621 0.79259104 -3.96857 -0.724484 -1.52299 PINHOLE 1280 953 1179.8299560546875 1179.469970703125 640.0 476.5
0015/2049837606_68999e8cdb_o.jpg -0.91358465 0.040637027 0.40461305 -0.024830533 0.987563 -0.1552506 -0.4058898 -0.15188132 -0.90121335 3.34399 0.254913 2.18363 PINHOLE 1600 1059 1900.31005859375 1900.81005859375 800.0 529.5
0015/330736595_6ee3e97748_o.jpg -0.9893114 0.0054907277 0.1457149 -0.01770489 0.98737454 -0.15741049 -0.14473948 -0.15830785 -0.9767237 2.25674 0.0294 0.210053 PINHOLE 1594 1195 2201.89990234375 2201.89990234375 797.0 597.5
0022/2473048325_239578c0a9_o.jpg 0.98239625 0.03487802 -0.1835242 0.016712684 0.9620675 0.27229917 0.18605994 -0.27057284 0.9445486 1.41089 -0.810744 -2.68523 PINHOLE 1280 828 957.3079833984375 956.7739868164062 640.0 414.0
0022/2562071155_eb2473b5c5_o.jpg 0.8775555 -0.05506285 0.4763029 -0.15740627 0.90524375 0.39466068 -0.45290133 -0.4213097 0.78573436 -3.3997 -0.408911 -0.357923 PINHOLE 1280 960 3759.31005859375 3758.52001953125 640.0 480.0
0015/389635223_1213f76125_o.jpg -0.9989845 0.003646726 -0.04490643 0.011683731 0.98358977 -0.18004067 0.043512948 -0.18038252 -0.9826336 0.131279 -0.566401 -2.86554 PINHOLE 1600 1188 1918.97998046875 1918.5999755859375 800.0 594.0
0022/2971339027_c23b9761a9_o.jpg 0.9959786 0.019051846 -0.08754218 0.011487864 0.94190395 0.33568588 0.088851765 -0.33534163 0.9378973 0.560378 0.0659815 0.107894 PINHOLE 1280 959 3810.3798828125 3809.6298828125 640.0 479.5
0022/981256188_8f690e95b1_o.jpg 0.8940329 -0.025622312 -0.447268 0.26230615 0.83928114 0.47623795 0.3631813 -0.54309356 0.7570659 2.81229 -1.25241 -2.04202 PINHOLE 1280 960 3467.8798828125 3467.8798828125 640.0 480.0
0015/2415924567_6272c06648_o.jpg -0.99985224 -0.0009790421 0.017161936 -0.0041944548 0.9820944 -0.18834259 -0.016670246 -0.18838674 -0.98195344 0.921519 1.01514 5.36366 PINHOLE 1600 1196 3062.469970703125 3062.419921875 800.0 598.0
0015/2364083476_4263241831_o.jpg -0.99848914 0.004343998 -0.054777768 0.020317806 0.9554087 -0.29458693 0.05105547 -0.29525483 -0.9540534 0.172464 0.267082 0.853551 PINHOLE 1600 1184 1626.3599853515625 1626.760009765625 800.0 592.0
0015/2073855257_40149de429_o.jpg -0.80254924 0.013879888 0.5964244 -0.046923377 0.9951636 -0.08629942 -0.5947377 -0.09724578 -0.7980165 3.22391 -0.331874 -3.34324 PINHOLE 1581 1185 5108.08984375 5108.08984375 790.5 592.5
0015/62688623_17b5de833a_o.jpg -0.9947188 0.01797928 -0.10105064 0.03679821 0.9815577 -0.18759081 0.09581429 -0.19031858 -0.9770355 -0.996566 -0.380196 -1.82534 PINHOLE 1600 1181 1563.1300048828125 1562.949951171875 800.0 590.5
0015/50646217_c352086389_o.jpg -0.99963427 0.0048733223 -0.02660099 0.008095243 0.99244875 -0.12239244 0.025803661 -0.12256301 -0.9921252 0.22328 0.275797 2.09202 PINHOLE 1600 1183 1724.5 1723.77001953125 800.0 591.5
0022/270064289_6ba2b89fac_o.jpg 0.9993927 -0.005648244 0.03438579 0.00025172238 0.9879206 0.15496074 -0.034845684 -0.15485798 0.98732203 -0.386502 0.0134633 0.0291277 PINHOLE 1280 948 1396.9300537109375 1396.5 640.0 474.0
0022/3807007505_da137a5cb3_o.jpg 0.99497586 0.011327828 0.099471875 -0.035654135 0.968528 0.24633785 -0.093550816 -0.24864681 0.96406585 -0.876909 -0.151417 -0.680658 PINHOLE 1280 957 1814.949951171875 1815.6700439453125 640.0 478.5
0022/3553841868_b6ee93bf43_o.jpg 0.99986815 0.0026457403 -0.016022222 0.000981117 0.9749945 0.22222696 0.016209532 -0.22221339 0.9748633 -0.00324983 0.250248 0.90308 PINHOLE 1280 853 2351.080078125 2350.919921875 640.0 426.5
0015/3116080871_8b1a976270_o.jpg -0.99033624 -0.0011230182 0.13868278 -0.028910195 0.97967136 -0.19851509 -0.13564062 -0.20060602 -0.9702365 2.04831 -0.300322 -1.35536 PINHOLE 1600 1057 1732.5899658203125 1732.3599853515625 800.0 528.5
0015/3877294130_8f0a096dbd_o.jpg -0.9404447 -0.0021074917 0.33994013 -0.08204626 0.97182655 -0.22095612 -0.3298972 -0.23568784 -0.91412205 3.6786 -0.946348 -4.14403 PINHOLE 1600 1185 1592.8900146484375 1593.030029296875 800.0 592.5
0022/624570534_077746f40c_o.jpg 0.9999264 0.004292422 -0.01135024 0.0014030284 0.8881797 0.45949402 0.012053395 -0.4594761 0.8881083 0.00206352 -0.927008 -1.87911 PINHOLE 1280 849 3945.3701171875 3946.340087890625 640.0 424.5
0022/511190870_be3e66427c_o.jpg 0.99988055 -0.0021317503 -0.0153065175 0.008910422 0.8887608 0.45828465 0.0126268845 -0.4583663 0.88867366 -0.00427611 -0.967987 -1.95443 PINHOLE 1280 958 3304.77001953125 3305.43994140625 640.0 479.0
0022/2451420617_566c473b04_o.jpg 0.9239704 0.024412118 -0.38168415 0.09727233 0.95014596 0.2962445 0.3698876 -0.31084844 0.8755321 2.6073 -0.49101 -1.15029 PINHOLE 1093 698 809.3170166015625 809.3170166015625 546.5 349.0
0022/2857276908_f463cc233d_o.jpg 0.9982145 -0.0110917045 0.05869209 -0.0054898704 0.9614118 0.2750586 -0.059478138 -0.2748897 0.9596343 -0.561051 -0.655603 -2.39859 PINHOLE 1280 952 1250.780029296875 1250.8699951171875 640.0 476.0
0022/995756054_aa7eed5d5c_o.jpg 0.9735264 -0.0038115806 0.22854285 -0.041862 0.9799763 0.1946638 -0.22470856 -0.1990776 0.9538733 -1.76394 -0.1293 -0.659072 PINHOLE 1280 840 1406.0799560546875 1406.77001953125 640.0 420.0
0022/2453955940_543226dff0_o.jpg 0.95228726 0.030676113 -0.30365768 0.18012896 0.7466836 0.64032584 0.2463789 -0.6644717 0.7055316 1.98084 -3.00157 -3.22881 PINHOLE 1048 777 1079.77001953125 1079.77001953125 524.0 388.5
0022/3228491422_125c54910b_o.jpg 0.93429923 -0.057675842 0.3517932 -0.043286655 0.96116924 0.27254346 -0.35385197 -0.2698651 0.8955231 -2.58143 -0.478705 -1.11113 PINHOLE 1280 945 1374.2900390625 1374.719970703125 640.0 472.5
0022/409782007_bee7f5a1f8_o.jpg 0.97524345 0.011354187 -0.22084224 0.026723579 0.9853103 0.1686697 0.21951324 -0.17039572 0.96061397 1.30573 0.161008 1.5014 PINHOLE 1205 671 1582.510009765625 1582.510009765625 602.5 335.5
0022/2384872477_5b6ce13006_o.jpg 0.9998897 -0.009353847 0.011539904 0.0055954126 0.95679164 0.29072058 -0.013760639 -0.29062393 0.9567384 -0.203952 -0.674884 -1.91962 PINHOLE 1280 825 948.7269897460938 949.1909790039062 640.0 412.5
0022/391017899_2a67c43613_o.jpg 0.9994049 0.0026832628 -0.034389824 0.0067548645 0.9624435 0.27139813 0.033826493 -0.2714689 0.9618526 0.36675 0.829835 2.64103 PINHOLE 1280 960 8091.93994140625 8093.6201171875 640.0 480.0
0022/3228491666_a4457231e3_o.jpg 0.9398516 -0.077121995 0.332763 0.020714032 0.9852539 0.16984048 -0.34095445 -0.15273198 0.9275899 -2.27655 -0.213571 -0.16165 PINHOLE 1280 946 1380.9200439453125 1381.1400146484375 640.0 473.0
0022/3839101128_52208f3aa8_o.jpg 0.99773717 0.025603497 -0.062168725 -0.0062556514 0.955994 0.29331943 0.06694293 -0.29226682 0.95399094 0.385004 -0.939283 -2.50801 PINHOLE 1280 832 1047.8599853515625 1047.77001953125 640.0 416.0
0022/2312738262_9e2cf897de_o.jpg 0.62311155 0.06081878 -0.7797648 0.19225493 0.9544732 0.22807668 0.7581359 -0.29203084 0.58305055 4.61121 -0.454716 -0.557705 PINHOLE 1280 938 987.9099731445312 988.2249755859375 640.0 469.0
0022/3567556886_7d661bf369_o.jpg 0.9029897 -0.01212383 -0.42949116 0.09513486 0.9804324 0.17234161 0.41899762 -0.19648229 0.8864738 2.07482 -0.426237 -2.11745 PINHOLE 946 1280 1255.43994140625 1255.239990234375 473.0 640.0
0015/841149791_2ae77144de_o.jpg -0.9660179 0.014647671 -0.2580597 0.052747738 0.98855424 -0.1413442 0.25303563 -0.1501531 -0.9557338 -1.26346 0.463787 2.71661 PINHOLE 1600 1186 1654.27001953125 1654.1400146484375 800.0 593.0
0015/345822933_b5fb7b6feb_o.jpg -0.992297 0.03926031 0.11749599 0.020714553 0.987684 -0.15508439 -0.12213758 -0.1514559 -0.98088914 1.95208 -0.133316 -0.324423 PINHOLE 1600 1195 2749.89990234375 2749.22998046875 800.0 597.5
0015/3602433917_f463ce87ae_o.jpg -0.93272984 -0.004114447 -0.36055246 0.09079663 0.96503365 -0.2458985 0.34895697 -0.2620938 -0.8997421 -3.89153 0.406782 1.39612 PINHOLE 1600 1182 1308.6099853515625 1308.260009765625 800.0 591.0
0015/513784629_a73e267b94_o.jpg -0.9660981 -0.017992182 -0.2575474 0.021292653 0.9886175 -0.14893639 0.25729555 -0.14937104 -0.9547184 -3.16218 0.246784 1.77231 PINHOLE 1297 966 2014.5699462890625 2014.5699462890625 648.5 483.0
0022/3568155965_27d02325bb_o.jpg 0.99548155 0.013972084 -0.09392176 0.008799042 0.9712858 0.2377529 0.09454677 -0.23750505 0.96677417 0.621189 -0.494327 -1.94338 PINHOLE 1280 941 1166.0400390625 1165.8299560546875 640.0 470.5
0022/3455352909_e6a7dc33d8_o.jpg 0.79727453 0.07839039 -0.598505 0.09639934 0.9622695 0.25444967 0.59586954 -0.26056173 0.75963616 3.82828 -0.755212 -0.894294 PINHOLE 1280 934 992.0759887695312 992.1480102539062 640.0 467.0
0022/248502791_8c6607a333_o.jpg 0.75460136 0.07229028 -0.6521893 0.110408165 0.965755 0.23479202 0.6468283 -0.2491814 0.7207786 4.02217 -0.408284 -0.312261 PINHOLE 947 1280 1402.25 1402.5 473.5 640.0
0022/2037422488_c0494eecc0_o.jpg 0.99998516 0.001426045 0.0052624354 -0.002844677 0.9598659 0.28044486 -0.0046513053 -0.28045565 0.95985574 -0.205579 -0.745544 -2.52062 PINHOLE 1280 944 1324.3399658203125 1324.9000244140625 640.0 472.0
0022/12003890_f6c899bec0_o.jpg 0.9993097 0.010137213 -0.035739202 -0.0054077357 0.9914959 0.13002537 0.03675337 -0.12974235 0.99086636 0.124112 0.648499 4.43963 PINHOLE 1280 958 2876.169921875 2874.9599609375 640.0 479.0
0015/309725484_b7918aec9f_o.jpg -0.9929149 0.0026647425 0.1187974 -0.012033159 0.9923544 -0.12283326 -0.11821644 -0.12339249 -0.9852914 2.30202 -0.0621178 -0.430243 PINHOLE 1600 1181 1587.510009765625 1587.3299560546875 800.0 590.5
0015/325576679_48d1b5cb11_o.jpg -0.99456483 -0.012978343 0.103307135 -0.027745955 0.9893589 -0.14282568 -0.10035419 -0.14491574 -0.9843416 1.84481 0.248859 1.29949 PINHOLE 1600 1192 2336.010009765625 2335.320068359375 800.0 596.0
0015/310129573_eb686a9dc1_o.jpg -0.9946329 -0.017905664 0.1019058 -0.031928834 0.9899604 -0.13769159 -0.09841725 -0.1402063 -0.9852189 2.13057 0.16206 0.51359 PINHOLE 1600 1182 1635.02001953125 1634.5899658203125 800.0 591.0
0022/365096795_b91bc12bd7_o.jpg 0.99180174 -0.0055948906 0.12766345 -0.022470405 0.9758381 0.21733627 -0.12579483 -0.21842314 0.9677122 -0.77409 -0.404289 -1.85792 PINHOLE 1280 945 1270.3299560546875 1270.449951171875 640.0 472.5
0022/1339763830_9ff03441de_o.jpg 0.9916007 -0.008423358 0.1290625 -0.009408942 0.99053496 0.13693787 -0.1289944 -0.13700202 0.9821359 -0.896436 0.201008 1.33173 PINHOLE 1280 956 2239.409912109375 2239.909912109375 640.0 478.0
0015/479591780_e4fc8a42ae_o.jpg -0.9970443 0.008650718 0.07633998 -0.0153687075 0.95109975 -0.30850124 -0.0752757 -0.30876267 -0.9481557 1.50862 -0.87766 -2.53415 PINHOLE 1158 1548 5190.7998046875 5190.7998046875 579.0 774.0
0015/3536283854_f6386dd610_o.jpg -0.99776113 0.0024679354 0.06683277 -0.007270721 0.989393 -0.14508152 -0.066481926 -0.14524263 -0.9871599 1.78995 -0.49903 -3.2956 PINHOLE 1600 1197 1663.489990234375 1663.1300048828125 800.0 598.5
0015/2811393705_fc1d64747e_o.jpg -0.9490099 0.017350735 0.31476834 -0.053541776 0.97510654 -0.21517566 -0.31066614 -0.2210571 -0.9244568 3.72103 -0.784699 -3.29431 PINHOLE 1600 1034 1280.0699462890625 1279.6400146484375 800.0 517.0
0015/2467874196_fdb349e54c_o.jpg -0.9043321 -0.0058627613 0.42678928 -0.108714215 0.97009224 -0.21703061 -0.41275257 -0.24266581 -0.8779229 1.90215 -0.442105 -1.60901 PINHOLE 1600 1063 3735.909912109375 3734.679931640625 800.0 531.5
0022/2244697829_016008f1e8_o.jpg 0.9934462 0.017564064 -0.1129436 -0.0016267077 0.9901956 0.13967867 0.114289574 -0.13857952 0.98373455 0.187501 -0.363995 -2.41423 PINHOLE 1280 845 878.1190185546875 877.9180297851562 640.0 422.5
0015/399366437_93d93efe8f_o.jpg -0.9965413 -0.007899886 0.0827227 -0.012014239 0.9987089 -0.049357664 -0.08222598 -0.0501808 -0.9953496 1.20633 0.145292 1.95019 PINHOLE 1600 1193 2254.2099609375 2254.050048828125 800.0 596.5
0015/2993494960_fbb5616487_o.jpg -0.93420583 -0.013238838 -0.35648873 0.040635996 0.9888573 -0.14321268 0.35441247 -0.14827639 -0.9232583 -3.30814 0.242341 1.96949 PINHOLE 1600 1183 2773.300048828125 2772.68994140625 800.0 591.5
0022/498853018_3003d31a2f_o.jpg 0.99364537 -0.0067030895 -0.112356156 0.055294033 0.8985382 0.4353983 0.09803778 -0.43884414 0.89319897 0.774087 -1.18257 -2.41964 PINHOLE 1280 839 1351.2900390625 1351.1600341796875 640.0 419.5
0022/3030761546_dbc99a85b8_o.jpg 0.99873966 0.028614882 -0.04123426 -0.01571729 0.9585467 0.28450173 0.047665942 -0.28349507 0.95778835 0.167488 -0.767325 -2.5826 PINHOLE 1280 836 916.9959716796875 917.1890258789062 640.0 418.0
0022/1297982846_1b57131854_o.jpg 0.89973396 0.04527758 -0.43408382 0.1285563 0.9229829 0.36273387 0.41707563 -0.38216817 0.82461834 2.85828 -0.363011 -0.362741 PINHOLE 1276 957 3537.5 3537.5 638.0 478.5
0015/371144977_3838c8d978_o.jpg -0.9629712 -0.016568707 -0.26909456 0.05875824 0.96121895 -0.26945418 0.2631233 -0.27528813 -0.9246527 -3.66811 0.174869 0.794439 PINHOLE 1593 1194 5681.3798828125 5681.3798828125 796.5 597.0
0015/2152097903_afd5ff9ce6_o.jpg -0.9849308 -0.005358781 -0.17286587 0.025922235 0.9836548 -0.17818901 0.17099522 -0.17998491 -0.96869296 -1.57874 -0.0596417 -0.268683 PINHOLE 1600 1199 2854.280029296875 2853.679931640625 800.0 599.5
0022/2688932631_3ac52f6c54_o.jpg 0.99969304 -0.0022338333 -0.024673922 0.009066759 0.9598248 0.28045344 0.023056157 -0.28059107 0.95955044 -0.0163501 -0.678345 -2.36645 PINHOLE 944 1280 1294.3199462890625 1294.0799560546875 472.0 640.0
0022/2062085717_4e24c091dc_o.jpg 0.9992586 0.016721759 -0.034679268 -0.0073724054 0.9671935 0.2539338 0.03778778 -0.25348985 0.9665997 0.0781179 -0.521825 -2.1685 PINHOLE 1280 952 1384.0 1383.4599609375 640.0 476.0
0022/2398257186_799b24701d_o.jpg 0.89169735 0.028775528 -0.45171654 0.13168614 0.9383151 0.31972414 0.4330527 -0.34458196 0.83290374 2.77704 -0.11002 0.00487117 PINHOLE 959 1280 3925.10009765625 3926.72998046875 479.5 640.0
0022/3675541387_f37b593a6c_o.jpg 0.9959236 -0.0067006834 0.08995208 -0.008423238 0.9859706 0.16670628 -0.08980716 -0.1667844 0.9818949 -0.603085 -0.00589105 -0.137364 PINHOLE 1243 916 1362.550048828125 1362.550048828125 621.5 458.0
0022/670515494_2b585ee09a_o.jpg 0.99891883 0.010477742 -0.045292296 0.0004586759 0.9720013 0.23497505 0.046486177 -0.23474178 0.9709456 0.108752 -0.473949 -1.72946 PINHOLE 1280 946 1402.9599609375 1402.6300048828125 640.0 473.0
0022/2260071045_b89d71447f_o.jpg 0.98991644 -0.027849656 0.1388879 0.009346246 0.9911874 0.13213696 -0.1413439 -0.12950647 0.981453 -1.36205 0.137475 1.24537 PINHOLE 1280 954 1825.4000244140625 1825.27001953125 640.0 477.0
0022/2569184999_b936a16e1e_o.jpg 0.9786166 0.007868871 0.2055422 -0.048627883 0.97979265 0.19401462 -0.19986206 -0.19986102 0.95922405 -1.5148 -0.174117 -0.895289 PINHOLE 1280 943 1353.949951171875 1353.3699951171875 640.0 471.5
0022/2927310704_c5a0f7cd74_o.jpg 0.9905216 -0.00057632243 0.1373557 -0.028585266 0.97723204 0.21023901 -0.13434955 -0.21217263 0.96795297 -1.16018 -0.216723 -1.06934 PINHOLE 1280 943 1372.3699951171875 1371.7900390625 640.0 471.5
0022/2771662631_b1d3f03750_o.jpg 0.9983725 -0.0016154709 0.057006314 -0.005168934 0.9929211 0.11866329 -0.05679447 -0.118764825 0.99129677 -0.600516 0.354444 2.67093 PINHOLE 1280 850 1765.5999755859375 1765.5699462890625 640.0 425.0
0022/733142349_2629104772_o.jpg 0.9966437 0.015825983 -0.080316775 -0.009937728 0.9972685 0.07318996 0.0812557 -0.07214615 0.9940787 0.242108 0.388427 5.02404 PINHOLE 1280 959 2587.72998046875 2587.18994140625 640.0 479.5
0022/3899406056_3dfd5b4ab6_o.jpg 0.9991096 -0.0315122 0.028053395 0.0030143508 0.7165444 0.697535 -0.042082366 -0.6968293 0.7160014 -0.375187 -2.88903 -2.98968 PINHOLE 1280 827 3885.47998046875 3886.179931640625 640.0 413.5
0022/2895957790_0d008281b5_o.jpg 0.9993176 -0.015401019 0.033573095 -0.0019757713 0.8853389 0.46494207 -0.036884148 -0.46469113 0.8847043 -0.398084 -0.828421 -1.60701 PINHOLE 1280 960 4963.02978515625 4964.06982421875 640.0 480.0
0022/325288666_e5a21a444a_o.jpg 0.99619627 0.014438615 -0.08593302 -0.0027485627 0.99089235 0.13462818 0.087094225 -0.1338799 0.987163 0.385243 0.265205 1.82627 PINHOLE 1280 955 1940.5 1940.949951171875 640.0 477.5
0015/2578467387_f0be7e2be1_o.jpg -0.92231953 -0.0038193604 -0.38640925 0.046157174 0.9917034 -0.1199747 0.3836616 -0.12849057 -0.9144911 -3.58471 0.165912 1.39693 PINHOLE 1557 1036 2067.1298828125 2067.1298828125 778.5 518.0
0015/2826142380_d651c52f86_o.jpg -0.99224573 0.019527074 0.122748286 -0.009625648 0.972543 -0.23252404 -0.1239185 -0.23190251 -0.96481365 -0.890432 0.320983 1.24083 PINHOLE 1600 1033 1215.1099853515625 1215.469970703125 800.0 516.5
0022/3735395703_55e52d4634_o.jpg 0.99939555 0.0025620908 -0.03466992 0.008561049 0.94843054 0.31686947 0.033693857 -0.31697473 0.94783527 0.0852664 -0.770435 -2.32757 PINHOLE 1051 778 1046.969970703125 1046.969970703125 525.5 389.0
0022/1434506947_8ab6f764f5_o.jpg 0.9997844 -0.00818911 -0.019079287 0.011608764 0.98235273 0.18667717 0.017213868 -0.18685843 0.982236 -0.118981 -0.00589316 -0.167109 PINHOLE 1280 945 1304.31005859375 1303.9300537109375 640.0 472.5
0022/2605465116_514cae62d5_o.jpg 0.9999217 -0.006851814 -0.010475002 0.010892035 0.8886513 0.45845413 0.0061673825 -0.4585323 0.8886563 0.00777226 -0.890566 -1.76521 PINHOLE 1280 960 4645.419921875 4647.35986328125 640.0 480.0
0015/262596264_0cb3e46c00_o.jpg -0.98757625 0.010909192 0.15676148 -0.010842238 0.9904794 -0.13723311 -0.15676613 -0.1372278 -0.97805566 2.26698 0.355022 2.19425 PINHOLE 1600 1181 2135.409912109375 2135.159912109375 800.0 590.5
0022/2517232272_b2e66f5024_o.jpg 0.9996107 -0.0025686745 -0.027781086 0.004822936 0.99667114 0.081383966 0.027479557 -0.08148627 0.9962956 0.116371 0.0331878 -0.00527833 PINHOLE 1280 946 1440.280029296875 1439.949951171875 640.0 473.0
0022/3098461719_81a348b293_o.jpg 0.97549134 0.02495923 -0.21861754 0.04879481 0.94427085 0.32553282 0.21455923 -0.3282219 0.9199102 1.27826 0.128087 0.492552 PINHOLE 1280 959 3852.77001953125 3851.169921875 640.0 479.5
0015/4001663691_8460da38bb_o.jpg -0.9998525 0.013354474 -0.010799379 0.015610155 0.9688417 -0.24718842 0.0071618175 -0.24732053 -0.96890724 0.301381 -0.906959 -3.39857 PINHOLE 1600 893 1865.530029296875 1865.1400146484375 800.0 446.5
0022/3729113536_dbf835f498_o.jpg 0.99992156 -0.009425281 0.008249843 0.0037509345 0.8537173 0.5207232 -0.011950996 -0.5206514 0.8536857 -0.26743 -1.37997 -2.2329 PINHOLE 1280 850 3281.449951171875 3280.260009765625 640.0 425.0
0015/3519412089_18daa2c071_o.jpg -0.9261383 0.0028681103 -0.37717327 0.05814207 0.9891048 -0.13524483 0.372676 -0.14718504 -0.9162146 -3.96851 0.265301 1.39093 PINHOLE 1600 1056 1808.5699462890625 1808.699951171875 800.0 528.0
0015/2709820376_ae3debf8b1_o.jpg -0.98820823 0.040398885 0.1476903 0.015862906 0.9863869 -0.1636741 -0.15229203 -0.1594013 -0.9753965 1.81536 -0.330748 -1.32573 PINHOLE 1074 802 1380.969970703125 1380.969970703125 537.0 401.0
0015/473673123_7a024d74c7_o.jpg -0.9930562 -0.0016639731 0.117629245 -0.014939974 0.9935878 -0.11207187 -0.1166885 -0.11305105 -0.98671335 1.72371 0.322203 2.25401 PINHOLE 1600 1198 2778.280029296875 2778.85009765625 800.0 599.0
0015/2280790271_f2dcffcebc_o.jpg -0.9984802 0.017478256 0.052266676 0.014534347 0.9983146 -0.05618381 -0.053160585 -0.05533876 -0.9970514 0.754393 -0.245958 -2.63488 PINHOLE 1051 778 1123.969970703125 1123.969970703125 525.5 389.0
0015/2281581496_dfd0300cee_o.jpg -0.9997635 -0.0070087123 -0.020588506 -0.003765219 0.98813474 -0.15354314 0.021420358 -0.15342931 -0.98792744 0.311003 -0.49727 -2.84614 PINHOLE 1043 775 1253.8900146484375 1253.8900146484375 521.5 387.5
0015/3602436699_8ae57299b4_o.jpg -0.9838585 -0.011584422 -0.17857276 0.0247486 0.97950435 -0.19989674 0.17722848 -0.20108953 -0.963407 -1.72919 -0.196461 -0.569685 PINHOLE 1600 1197 2905.2900390625 2905.860107421875 800.0 598.5
0022/2768552610_4f85133135_o.jpg 0.9964547 0.005962553 0.08391937 -0.049985807 0.8442957 0.53354114 -0.06767149 -0.5358444 0.8416005 -0.702404 -1.58055 -2.52278 PINHOLE 1280 853 2928.25 2927.110107421875 640.0 426.5
0022/1362514572_da0fac59f9_o.jpg 0.9673746 -0.07081689 0.24325149 -0.060378086 0.868033 0.49282172 -0.24605042 -0.49143028 0.8354373 -1.86102 -1.21957 -1.89096 PINHOLE 1280 960 4087.989990234375 4088.840087890625 640.0 480.0
0022/887548107_602867e1a3_o.jpg 0.99854916 -0.02597603 0.047168292 0.019599285 0.9911958 0.13094567 -0.050154462 -0.12983121 0.9902668 -0.674061 0.0438379 0.339007 PINHOLE 1280 951 1426.2900390625 1426.9100341796875 640.0 475.5
0015/2689679632_c545872fab_o.jpg -0.94200164 -0.0033178914 0.3355918 -0.06929761 0.98032516 -0.1848253 -0.32837585 -0.19736145 -0.9236979 4.48239 -0.790973 -4.19619 PINHOLE 1161 884 1067.8299560546875 1067.8299560546875 580.5 442.0
0015/207359015_917287c744_o.jpg -0.98936576 0.04869522 0.13705525 0.02326424 0.9831402 -0.18136764 -0.14357625 -0.17625044 -0.97381806 1.9733 -0.277668 -0.834674 PINHOLE 1600 1179 1745.9599609375 1745.5699462890625 800.0 589.5
0022/2635957049_db6f8e338e_o.jpg 0.9621159 0.04150037 -0.26946384 0.059677113 0.93232465 0.35666424 0.26602948 -0.35923314 0.89452773 1.70119 -1.54001 -3.86301 PINHOLE 950 1280 1023.280029296875 1023.0999755859375 475.0 640.0
0022/2968959102_07bf85b94a_o.jpg 0.9963319 -0.012145649 -0.084707245 0.051177457 0.877915 0.47607356 0.06858355 -0.47866237 0.8753163 0.418019 -1.14802 -2.126 PINHOLE 1247 935 3542.179931640625 3542.179931640625 623.5 467.5
0022/365097267_68c2ec1b85_o.jpg 0.9888607 -0.026456552 0.1464735 -0.037545785 0.907916 0.41746718 -0.14403038 -0.41831636 0.89680916 -0.812443 -0.782972 -1.7703 PINHOLE 1280 957 2919.7099609375 2920.860107421875 640.0 478.5
0022/249915585_1c6fd2a91b_o.jpg 0.99960583 -0.006866642 0.02722081 0.0009236107 0.9771444 0.21257463 -0.028058335 -0.2124657 0.97676563 -0.231012 -0.064601 -0.363655 PINHOLE 1280 951 1421.8800048828125 1421.9200439453125 640.0 475.5
0015/2703619605_b42ac4085e_o.jpg -0.83870614 0.06314895 0.54091054 -0.12465709 0.9446205 -0.30356675 -0.5301251 -0.32203165 -0.78438705 6.35989 -1.95732 -4.93885 PINHOLE 1600 1193 1877.1500244140625 1877.010009765625 800.0 596.5
0015/3729218862_e3075a422c_o.jpg -0.9529759 0.04538511 0.29962814 -0.040897273 0.9604162 -0.2755506 -0.3002736 -0.2748471 -0.91339743 3.84901 -0.272525 -0.303901 PINHOLE 1582 1186 4585.91015625 4585.91015625 791.0 593.0
0022/2083320884_93dc970645_o.jpg 0.99772745 0.0073831286 -0.066972956 0.0074105887 0.9759239 0.21798529 0.06696992 -0.21798621 0.9736514 0.217863 -0.346375 -1.58984 PINHOLE 1280 943 1296.8399658203125 1297.2900390625 640.0 471.5
0022/152275711_0dfbffc8ea_o.jpg 0.99992025 -0.012599864 -0.0008874579 0.011089874 0.84211075 0.53919065 -0.0060463906 -0.53915745 0.8421833 -0.141987 -1.62691 -2.5756 PINHOLE 1280 960 3597.56005859375 3599.070068359375 640.0 480.0
0015/164684906_363dc34b47_o.jpg -0.99394476 -0.012890506 0.109122396 -0.034946665 0.978615 -0.2027101 -0.104175776 -0.2052961 -0.9731397 -2.0231 -0.0984926 -0.281966 PINHOLE 1600 1066 4328.509765625 4328.509765625 800.0 533.0
0022/2560614954_79f84e7754_o.jpg 0.9942704 -0.0063470094 0.1067056 -0.028773027 0.9455016 0.3243436 -0.102948934 -0.32555547 0.93990165 -0.750488 0.218337 0.527675 PINHOLE 1280 853 5804.25 5803.81982421875 640.0 426.5
0022/1297970126_ca9334c242_o.jpg 0.9798381 0.00052585243 -0.19979271 0.02366015 0.9926544 0.11864849 0.1983875 -0.12098343 0.9726281 0.968917 0.454347 4.8149 PINHOLE 1274 955 3042.909912109375 3042.909912109375 637.0 477.5
0022/1297105159_6e8cc9166e_o.jpg 0.98120064 0.02082788 -0.19186324 0.004573246 0.9913709 0.13100699 0.19293624 -0.12942158 0.9726385 1.00376 0.474761 4.77555 PINHOLE 1276 957 3033.340087890625 3033.340087890625 638.0 478.5
0022/2385707020_fa1c526dc2_o.jpg 0.9995096 0.0017663074 -0.03126507 0.010958036 0.91555643 0.40204024 0.029335063 -0.40218568 0.91508806 0.0514368 -0.714089 -1.70399 PINHOLE 1280 838 959.8380126953125 959.7680053710938 640.0 419.0
0022/2814711330_caf820aefa_o.jpg 0.98955935 -0.028367471 0.14130671 -0.05320296 0.83929586 0.5410655 -0.13394679 -0.54293436 0.82902384 -1.13876 -1.62623 -2.39894 PINHOLE 1018 678 2495.0400390625 2495.0400390625 509.0 339.0
0022/325288797_537a42bb6f_o.jpg 0.99999917 0.0012344708 0.0004409077 -0.0013081561 0.96133995 0.27536118 -8.393683e-05 -0.27536154 0.9613407 -0.12812 -0.876044 -3.08641 PINHOLE 946 1280 1341.6300048828125 1341.4200439453125 473.0 640.0
0015/3819243606_7acfaf85dd_o.jpg -0.9837554 0.00020833572 -0.1795138 0.025595697 0.98994493 -0.13911836 0.17767979 -0.14145322 -0.973869 -2.67393 0.311805 1.78693 PINHOLE 1570 1046 2233.739990234375 2233.739990234375 785.0 523.0
0015/160044900_8dd09cae17_o.jpg -0.99809426 -0.0406329 0.046441462 -0.05151851 0.9629562 -0.26469085 -0.033965934 -0.26657903 -0.9632144 -3.92736 -0.0384311 0.308596 PINHOLE 1306 856 1629.9200439453125 1629.9200439453125 653.0 428.0
0015/3159096518_744c87899e_o.jpg -0.97950727 0.02897086 0.19931422 -0.004302853 0.9863649 -0.16451669 -0.20136274 -0.16200292 -0.96602696 2.83557 -0.185428 -0.674044 PINHOLE 1318 975 1740.9599609375 1740.9599609375 659.0 487.5
0022/388668445_834615eff6_o.jpg 0.9380695 -0.008554614 0.34634146 -0.11776039 0.9322983 0.34198296 -0.3258191 -0.3615891 0.8735532 -2.52765 0.216192 0.525894 PINHOLE 1280 950 1476.1400146484375 1476.4000244140625 640.0 475.0
0022/307038065_5e0909f0df_o.jpg 0.87178713 -0.007523651 0.48982713 -0.14231123 0.9528729 0.2679194 -0.4687587 -0.30327657 0.8296316 -3.45692 -0.00780464 0.148394 PINHOLE 1280 824 1045.239990234375 1045.25 640.0 412.0
0015/4142908691_3884438815_o.jpg -0.9675876 0.010025993 -0.25233656 0.07441735 0.96616244 -0.24696608 0.24132203 -0.25773954 -0.9355929 -3.32938 0.555742 1.7317 PINHOLE 1280 959 2536.5400390625 2536.5400390625 640.0 479.5
0015/2950639495_44c0edce3e_o.jpg -0.9700534 0.026321653 -0.24146153 0.082363166 0.97085875 -0.22505474 0.22850122 -0.23820265 -0.9439527 -3.87418 0.560291 1.6274 PINHOLE 1592 1095 4508.419921875 4508.419921875 796.0 547.5
0022/3296298959_2bdd857a2e_o.jpg 0.9164754 -0.010938871 0.39994138 -0.15079148 0.9164666 0.37060884 -0.37058696 -0.39996165 0.83826965 -2.74221 -0.107209 -0.259704 PINHOLE 1280 856 5714.25 5712.10986328125 640.0 428.0
0022/3567985611_9c590334c7_o.jpg 0.9829563 0.034181498 -0.18063383 0.006936268 0.97496754 0.22223909 0.18370858 -0.21970423 0.9581134 0.895466 -0.386737 -1.29495 PINHOLE 1280 959 1472.4100341796875 1471.81005859375 640.0 479.5
0022/433892710_09d0fce291_o.jpg 0.96269506 -0.009835775 0.27040988 -0.031881917 0.98825514 0.14945023 -0.2687039 -0.15249617 0.9510747 -1.29143 -0.253136 -1.82591 PINHOLE 945 1280 1407.18994140625 1407.1800537109375 472.5 640.0
0022/2168650655_d8075df234_o.jpg 0.9591763 -0.009378961 0.28265315 -0.066576645 0.9638726 0.25790924 -0.27486056 -0.26619855 0.92389935 -2.0841 -0.619425 -2.15934 PINHOLE 1280 945 1315.3499755859375 1314.9599609375 640.0 472.5
0015/2812251450_919bb5b0ac_o.jpg -0.99999 -0.0016171965 -0.004167167 -0.0008316497 0.9832932 -0.182027 0.0043919203 -0.1820217 -0.9832847 0.31582 -0.396136 -2.00224 PINHOLE 1600 1044 1295.8499755859375 1295.6600341796875 800.0 522.0
0015/443995069_b97bad5e15_o.jpg -0.96203345 -0.007960162 -0.27281538 0.06705891 0.96204007 -0.2645412 0.2645651 -0.2727922 -0.92498094 -3.5018 -1.55101 -5.60354 PINHOLE 1199 1600 4601.97021484375 4602.93017578125 599.5 800.0
0015/1092776472_80c5495e4b_o.jpg -0.8369203 -0.043364853 -0.54560417 0.19934674 0.9042338 -0.37765348 0.5097306 -0.42483026 -0.748127 -6.03902 -2.70732 -5.37165 PINHOLE 1600 1184 1735.5799560546875 1736.0 800.0 592.0
0022/2875057485_c8e25315e8_o.jpg 0.95353925 0.02963294 -0.29980785 0.073103 0.9426512 0.32567564 0.29226497 -0.33246136 0.8966887 2.14074 -1.02746 -2.68678 PINHOLE 1280 960 1276.1500244140625 1276.1500244140625 640.0 480.0
0015/2721511811_6dbcc6d68b_o.jpg -0.9658969 0.048696406 0.25430664 -0.00081216247 0.98158103 -0.19104469 -0.25892577 -0.184736 -0.9480665 3.37342 0.368883 2.20186 PINHOLE 1291 855 1576.6700439453125 1576.6700439453125 645.5 427.5
0022/3215385081_b58561049b_o.jpg 0.9999143 -0.002097332 -0.012923232 0.005853933 0.9545402 0.2980248 0.011710688 -0.2980749 0.95447063 0.0150925 0.360816 1.01892 PINHOLE 1280 718 4632.97998046875 4631.02978515625 640.0 359.0
0022/312975294_154b7c3f96_o.jpg 0.9942273 0.009327197 -0.10688815 0.007589994 0.9876046 0.15677848 0.107025534 -0.15668473 0.9818327 0.803757 -0.201479 -1.17285 PINHOLE 1280 940 1233.5 1233.6400146484375 640.0 470.0
0022/2676532132_7c55a4b43a_o.jpg 0.9812758 -0.0028579459 0.19258685 -0.067882285 0.93060076 0.35968626 -0.18024944 -0.36602464 0.912982 -1.32102 -0.280012 -0.756726 PINHOLE 1280 959 3744.429931640625 3742.949951171875 640.0 479.5
0015/160045183_bfea1204a5_o.jpg -0.9888116 -0.010517916 -0.14879827 0.014489353 0.986022 -0.16598402 0.14846417 -0.16628292 -0.9748376 -1.33347 0.43606 2.46166 PINHOLE 1310 857 1632.27001953125 1632.27001953125 655.0 428.5
0015/2959742731_9662970b15_o.jpg -0.96475977 0.015586488 0.26267034 -0.03792143 0.97958755 -0.19740865 -0.2603855 -0.20041275 -0.9444756 1.18133 0.661274 3.01402 PINHOLE 1600 1180 1560.6099853515625 1561.27001953125 800.0 590.0
0015/297915079_448359e91c_o.jpg -0.9869216 -0.018816972 -0.16009897 0.0073129972 0.98691493 -0.16107602 0.16103502 -0.16014022 -0.97387004 -2.05156 0.274586 1.82299 PINHOLE 1598 1065 2508.10009765625 2508.10009765625 799.0 532.5
0015/1349576135_91cfa7d80a_o.jpg -0.99561673 -0.016565658 -0.09204812 -0.00080054277 0.9856623 -0.16872816 0.09352346 -0.16791488 -0.9813552 -0.602724 0.306309 1.85928 PINHOLE 1600 1182 1610.1600341796875 1610.7099609375 800.0 591.0
0022/3722427422_de83a590d7_o.jpg 0.99912256 -0.019459918 0.03708741 0.0012552519 0.8990209 0.43790394 -0.041863933 -0.43747312 0.8982565 -0.41704 -0.799098 -1.66476 PINHOLE 1280 960 4765.2998046875 4764.31005859375 640.0 480.0
0022/1021716875_4feb03a922_o.jpg 0.9870814 0.0102588525 -0.15989085 0.022802167 0.97879493 0.20356956 0.15858874 -0.20458558 0.96591634 0.903733 -0.297976 -1.51559 PINHOLE 1280 951 1196.31005859375 1196.8299560546875 640.0 475.5
0022/2517231598_d94ffc3469_o.jpg 0.9985904 0.0024199109 -0.05302151 0.0030030466 0.99478394 0.10196055 0.052991677 -0.10197605 0.9933744 0.114213 0.0314145 0.0101082 PINHOLE 1280 947 1443.5999755859375 1444.219970703125 640.0 473.5
0022/3122828230_6c07c7284a_o.jpg 0.9991534 0.032781225 0.024857108 -0.035039738 0.99470097 0.096654795 -0.021556927 -0.09744395 0.9950075 -0.378789 0.57639 5.41384 PINHOLE 1280 959 3032.550048828125 3033.820068359375 640.0 479.5
0022/205952400_63af534239_o.jpg 0.9792311 -0.0137761 0.2022786 -0.014257973 0.9905398 0.13648318 -0.2022452 -0.13653266 0.96977097 -1.29323 -0.235488 -1.06889 PINHOLE 1280 948 1312.1199951171875 1311.7099609375 640.0 474.0
0022/571948952_6247341d9f_o.jpg 0.99398744 0.01713722 -0.10814495 0.027144507 0.91827697 0.395007 0.10607634 -0.39556757 0.9122906 0.67937 -0.31059 -0.737073 PINHOLE 1280 960 4691.240234375 4693.2001953125 640.0 480.0
0015/2377020879_8fe6cc4eef_o.jpg -0.9866662 -0.028508548 -0.16024074 0.0015317001 0.9828699 -0.18429439 0.16274977 -0.18208249 -0.96972084 -1.41855 -0.149709 -0.49225 PINHOLE 1599 1199 2381.27001953125 2381.27001953125 799.5 599.5
0015/2416783016_245686617a_o.jpg -0.98881674 0.0031221737 0.14910309 -0.022007233 0.98578084 -0.16658875 -0.1475031 -0.1680071 -0.9746879 2.48389 0.297653 1.49348 PINHOLE 1600 1197 3067.280029296875 3066.6201171875 800.0 598.5
0022/2508509466_989c3d0719_o.jpg 0.9895171 -0.06420384 0.12935913 -0.050711103 0.6842257 0.7275051 -0.13521945 -0.72643864 0.67379713 -1.10245 -3.16275 -2.8133 PINHOLE 1280 959 3817.090087890625 3815.510009765625 640.0 479.5
0022/319977162_eec12458e9_o.jpg 0.9861707 -0.055465575 0.15617588 -0.03690281 0.8451902 0.5331901 -0.16157202 -0.5315798 0.831455 -1.28472 -0.760409 -1.10369 PINHOLE 1280 957 2033.3499755859375 2032.47998046875 640.0 478.5
0015/2387318672_0f9986d347_o.jpg -0.9853527 0.017016059 -0.16967782 0.03551964 0.99366516 -0.10662034 0.16678868 -0.111085534 -0.97971505 -1.2107 0.371316 2.95621 PINHOLE 1600 1189 2433.300048828125 2433.030029296875 800.0 594.5
0015/138728131_7b2091047c_o.jpg -0.99832356 -0.00025354407 0.057879202 -0.018262383 0.9502887 -0.31083405 -0.054923143 -0.31137 -0.94870025 2.28135 -0.866812 -2.61516 PINHOLE 1600 1187 1606.6700439453125 1606.9200439453125 800.0 593.5
0022/4123974337_76b3c24fef_o.jpg 0.9996091 -0.00011325517 -0.027957076 0.0042169807 0.98916143 0.1467716 0.027637439 -0.14683212 0.98877525 0.103321 0.446584 2.68143 PINHOLE 1280 956 2491.0400390625 2490.9599609375 640.0 478.0
0022/2362396430_22bb0d9f43_o.jpg 0.99205256 0.023301214 -0.12364787 0.017920911 0.94651806 0.3221528 0.12454149 -0.32180837 0.93857807 0.738241 0.21328 0.762249 PINHOLE 1280 959 6068.83984375 6067.25 640.0 479.5
0022/501918339_d71ec4ca56_o.jpg 0.9996012 -0.0029037695 -0.028090023 0.018924069 0.8071944 0.5899823 0.020960936 -0.59027857 0.80692744 0.0617272 -1.85401 -2.54561 PINHOLE 1014 760 4166.0400390625 4166.0400390625 507.0 380.0
0022/1570210523_2c1d72d751_o.jpg 0.9997682 0.021519916 -0.00067210826 -0.018844346 0.8897129 0.45613134 0.010413892 -0.45601293 0.8899122 -0.105741 -0.948732 -1.91275 PINHOLE 1024 767 3023.77001953125 3023.77001953125 512.0 383.5
0022/3000069809_27ed19a143_o.jpg 0.9997708 0.010020826 0.018917046 -0.016643338 0.91961837 0.3924602 -0.013463688 -0.39268512 0.91957444 -0.2291 -0.327128 -0.906777 PINHOLE 1280 853 3535.280029296875 3535.030029296875 640.0 426.5
0022/1729347662_ab1101fc98_o.jpg 0.9407852 0.004595018 0.33897194 -0.038379848 0.99492306 0.093032785 -0.33682352 -0.10053356 0.9361853 -2.57423 0.0487018 0.672771 PINHOLE 1280 953 1414.8399658203125 1414.4100341796875 640.0 476.5
0022/2757260812_6fa31d60f0_o.jpg 0.9985994 -0.019104386 -0.04933847 0.025010262 0.9922142 0.122006 0.046623483 -0.123069085 0.9913023 0.0800734 0.700005 5.17176 PINHOLE 1280 957 2589.179931640625 2590.199951171875 640.0 478.5
0022/2636781338_ec1a923a4f_o.jpg 0.9648591 0.103971116 -0.24132328 0.14985271 0.53668875 0.83036697 0.21584967 -0.8373501 0.5022487 1.66541 -4.15918 -2.5074 PINHOLE 1280 960 3645.389892578125 3645.389892578125 640.0 480.0
0022/3753905083_1ebdcb42fd_o.jpg 0.9982383 0.027261565 -0.052697897 0.013975195 0.75516385 0.6553871 0.057662424 -0.654969 0.7534525 0.297735 -2.73142 -3.09667 PINHOLE 1280 960 2975.949951171875 2976.590087890625 640.0 480.0
0022/3067494512_301859f793_o.jpg 0.9545215 0.05814088 -0.2924182 0.06063664 0.9224441 0.3813398 0.2919109 -0.38172826 0.87696725 1.94578 -0.403388 -0.458501 PINHOLE 1280 720 3626.3798828125 3627.919921875 640.0 360.0
0015/2438726530_a256dcf5bc_o.jpg -0.9901855 -0.0026599043 -0.13973385 0.023349592 0.9826179 -0.1841651 0.13779485 -0.18562035 -0.97291195 -0.642678 0.335784 1.72321 PINHOLE 1600 1181 1659.6300048828125 1660.02001953125 800.0 590.5
0015/1357054806_316d0fe26a_o.jpg -0.99458474 -0.008843041 -0.10355201 0.0131645845 0.9776282 -0.20992833 0.10309177 -0.21015473 -0.9722176 -1.09707 0.517915 2.32232 PINHOLE 1591 1193 4833.75 4833.75 795.5 596.5
0022/2807466317_f7521c4948_o.jpg 0.9999479 -0.009100018 0.004626053 0.005651414 0.87085867 0.49150106 -0.008501306 -0.4914493 0.8708647 -0.168015 -0.953636 -1.75824 PINHOLE 1280 959 4476.7998046875 4474.93994140625 640.0 479.5
0022/2499583736_eb87c691cf_o.jpg 0.9971508 -0.01314261 0.07428077 0.00023696029 0.98524666 0.17114022 -0.07543411 -0.170635 0.98244256 -0.706413 0.0288163 0.127398 PINHOLE 1280 952 1790.1400146484375 1790.97998046875 640.0 476.0
0022/158849802_ebaa5b7ddf_o.jpg 0.95836043 0.01451566 0.28519216 -0.15691955 0.86117506 0.48348087 -0.23858234 -0.50810117 0.8275939 -1.94726 -1.18763 -2.07085 PINHOLE 1252 939 3639.1298828125 3639.1298828125 626.0 469.5
0022/533489729_dd979ca94d_o.jpg 0.99896824 0.0052500297 -0.04510939 0.016740032 0.8807825 0.47322506 0.042216007 -0.47349197 0.8797859 0.191913 -1.01255 -1.90673 PINHOLE 1280 808 4075.35009765625 4075.3798828125 640.0 404.0
0022/1482386547_639cb52ac5_o.jpg 0.99590623 -0.026848566 0.08631294 -0.0044377907 0.9391964 0.34335175 -0.090283304 -0.3423292 0.9352324 -0.520179 -0.900595 -2.49743 PINHOLE 1280 856 1129.5699462890625 1129.1800537109375 640.0 428.0
0022/2704216294_dac7a931a4_o.jpg 0.99950904 0.021026662 -0.023228496 -0.01288431 0.95161897 0.30701023 0.02856008 -0.30656022 0.9514227 -0.0889467 -0.88107 -2.76312 PINHOLE 1280 826 999.406982421875 999.93701171875 640.0 413.0
0022/2733554986_0a14f3a94d_o.jpg 0.9999109 -0.0050292965 0.012366832 0.0005227915 0.94036895 0.34015578 -0.013340129 -0.340119 0.94028777 -0.228391 -1.23073 -3.43118 PINHOLE 944 1280 1365.9100341796875 1366.4000244140625 472.0 640.0
0015/2696027842_b39dd9a58e_o.jpg -0.9914945 0.002761908 0.13011931 -0.023002805 0.9803167 -0.19608697 -0.1280997 -0.19741227 -0.97191507 2.0755 -0.11326 -0.552946 PINHOLE 1600 1196 2214.06005859375 2214.469970703125 800.0 598.0
0015/3414365394_74d45cbafd_o.jpg -0.9495271 0.011699293 0.3134668 -0.07001942 0.966186 -0.24815714 -0.3057705 -0.2575807 -0.9166006 3.90432 -1.03727 -3.97507 PINHOLE 1198 1600 3821.0400390625 3821.840087890625 599.0 800.0
0015/312805622_a59767daaa_o.jpg -0.9515893 0.047940888 0.30361074 -0.039309345 0.96066976 -0.2748971 -0.30484846 -0.27352387 -0.91227853 3.76082 -1.13049 -3.71631 PINHOLE 1554 1036 2510.830078125 2510.830078125 777.0 518.0
0022/402460922_5ff257d9d9_o.jpg 0.99186885 -0.017250009 0.12608962 -0.023634374 0.9485686 0.31568828 -0.12505028 -0.31610143 0.9404479 -0.763851 -0.380303 -1.26646 PINHOLE 1280 943 1026.3399658203125 1026.0799560546875 640.0 471.5
0015/518362793_913de7afca_o.jpg -0.9865162 0.012748821 0.16316651 -0.013154001 0.9875599 -0.15669183 -0.16313434 -0.15672532 -0.97407615 1.12119 0.660347 4.09901 PINHOLE 1600 1064 2481.06005859375 2480.27001953125 800.0 532.0
0022/2414005003_b333776c67_o.jpg 0.9988998 0.008161332 -0.046179764 0.004856099 0.96144444 0.27495643 0.046643287 -0.27487817 0.960347 0.244606 0.446474 1.44604 PINHOLE 1280 852 5976.990234375 5976.97021484375 640.0 426.0
0022/2448257341_657a198513_o.jpg 0.9985392 -0.026863096 0.04688156 -0.009494042 0.7669271 0.64166397 -0.053191822 -0.6411717 0.76555175 -0.45534 -2.50127 -3.03562 PINHOLE 1280 959 3252.570068359375 3251.219970703125 640.0 479.5
0022/451231185_24b5b1b13c_o.jpg 0.99833983 -0.012032764 -0.05632729 0.015398628 0.9980971 0.059708126 0.05550165 -0.060476363 0.9966254 -0.0505058 0.00797172 -0.187854 PINHOLE 1280 957 1336.4599609375 1336.989990234375 640.0 478.5
0022/412171384_3a7a94fa71_o.jpg 0.99992704 0.0002810975 -0.012074146 0.0015753517 0.98815227 0.15346873 0.011974235 -0.15347655 0.9880797 -0.162591 0.00306233 0.334077 PINHOLE 1280 842 1576.9000244140625 1576.699951171875 640.0 421.0
0015/2419051977_2fb8a8981c_o.jpg -0.9707018 -0.018187791 -0.2395981 0.059337422 0.948106 -0.31236848 0.2328457 -0.31743377 -0.919249 -4.11982 0.247058 0.883589 PINHOLE 1600 1185 1619.1600341796875 1619.300048828125 800.0 592.5
0015/267072932_723f4483c0_o.jpg -0.9786774 -0.0025461093 -0.2053877 0.046435863 0.97129333 -0.23330875 0.20008573 -0.23787135 -0.9504646 -4.10682 0.209625 0.767619 PINHOLE 1600 1197 4618.41015625 4620.2900390625 800.0 598.5
0022/2979728750_97c83c8400_o.jpg 0.97479165 -0.04392196 0.2187513 -0.046083353 0.91965747 0.39000833 -0.21830618 -0.39025763 0.8944503 -1.68618 -0.319805 -0.612494 PINHOLE 1280 957 5568.64013671875 5570.83984375 640.0 478.5
0015/3055019980_717f603170_o.jpg -0.9765735 0.0056063407 0.21511099 -0.032535538 0.9843208 -0.17336066 -0.21271014 -0.17629819 -0.96107924 1.68085 0.468754 2.27172 PINHOLE 1599 1199 1764.3299560546875 1764.3299560546875 799.5 599.5
0022/2362913561_1b797b1035_o.jpg 0.90763867 0.0042600767 0.41973075 -0.19270942 0.89256656 0.4076616 -0.372901 -0.4508955 0.8109489 -2.89767 -0.522138 -1.02768 PINHOLE 1280 853 3931.280029296875 3930.97998046875 640.0 426.5
0022/34843401_9eb6332066_o.jpg 0.9999877 -0.0037632878 0.0032172608 0.0033955353 0.99419606 0.10753006 -0.0036032544 -0.107517816 0.99419665 -0.0798693 0.570376 4.7755 PINHOLE 1280 959 2644.300048828125 2643.199951171875 640.0 479.5
0022/2851710008_f00bf23bd4_o.jpg 0.97907805 0.02637781 -0.2017681 0.056301054 0.91773653 0.39317915 0.19554116 -0.39631283 0.8970506 1.24142 -0.438815 -1.00143 PINHOLE 1280 851 2898.659912109375 2898.889892578125 640.0 425.5
0022/869156515_c1ddd038e9_o.jpg 0.9997794 -0.01557693 0.014089694 0.010648267 0.9541165 0.2992462 -0.018104548 -0.29903015 0.9540719 -0.251826 0.356949 1.13394 PINHOLE 1280 956 7805.830078125 7808.97021484375 640.0 478.0
0022/2476618452_cd1ff6ae4e_o.jpg 0.9880869 0.018829593 -0.15274082 -0.0026747633 0.99443805 0.10528924 0.15387383 -0.10362638 0.9826416 0.885792 0.353206 3.93226 PINHOLE 1280 986 2530.590087890625 2529.68994140625 640.0 493.0
0022/2932843632_46fb72d8d2_o.jpg 0.99939686 0.009552779 -0.033387113 0.013505374 0.7788201 0.62710196 0.03199312 -0.6271746 0.7782213 0.133306 -1.89404 -2.29566 PINHOLE 1280 854 1156.7900390625 1156.6500244140625 640.0 427.0
0015/3876484797_d1bed04c34_o.jpg -0.9840627 -0.023389487 -0.17627706 0.021496013 0.96839505 -0.2484934 0.17651796 -0.24832234 -0.9524586 -4.26359 0.0740539 0.5345 PINHOLE 1600 1185 1598.3800048828125 1598.1800537109375 800.0 592.5
0015/2957001157_502eef457c_o.jpg -0.9441842 0.019670635 0.32883015 -0.086116135 0.94876415 -0.3040241 -0.3179626 -0.31537232 -0.89411414 4.09933 -1.24849 -3.64625 PINHOLE 1600 1174 1254.6199951171875 1255.1300048828125 800.0 587.0
0015/2492310711_dd098e04b4_o.jpg -0.94141805 0.015307724 0.33689418 -0.021858424 0.9940991 -0.1062509 -0.33653265 -0.10739049 -0.9355282 3.64559 -0.194662 -1.5457 PINHOLE 1340 983 1506.9100341796875 1506.9100341796875 670.0 491.5
0022/448213417_4617fba0ea_o.jpg 0.9985597 -0.0013453385 -0.053634495 0.019056905 0.9433908 0.33113536 0.050152797 -0.33168054 0.9420577 0.265112 -0.12986 -0.494529 PINHOLE 1280 961 3882.5400390625 3881.75 640.0 480.5
0022/511224274_b5bc4c7e8f_o.jpg 0.99808425 0.027632978 -0.055355974 -0.018586837 0.9873081 0.15772526 0.05901182 -0.1563942 0.98593026 0.0445186 0.0812788 0.305586 PINHOLE 1280 945 1361.3699951171875 1361.5 640.0 472.5
0022/2193910676_b48a7d8434_o.jpg 0.99361765 0.014274204 -0.11189398 0.012035988 0.9728819 0.23098904 0.112156816 -0.23086154 0.9665008 0.718207 -0.288151 -1.18999 PINHOLE 1070 785 839.8250122070312 839.8250122070312 535.0 392.5
0022/2344446722_e52163a10e_o.jpg 0.8395049 -0.0042456686 0.54333556 -0.120718546 0.9735199 0.19412877 -0.52977216 -0.22856273 0.8167622 -3.7098 -0.110443 -0.133103 PINHOLE 1280 940 1300.0699462890625 1299.43994140625 640.0 470.0
0015/3323430963_ed57f87dcb_o.jpg -0.9752839 -0.014730639 -0.22046374 0.022592468 0.9858975 -0.16581851 0.21979725 -0.16670096 -0.96119714 -0.0893079 0.434625 2.37839 PINHOLE 1600 1189 1781.47998046875 1780.8199462890625 800.0 594.5
0022/2688981605_198dd8c874_o.jpg 0.92788696 -0.0008468028 0.37286064 -0.13394684 0.93248576 0.33545282 -0.3479713 -0.36120582 0.8651279 -2.677 -0.916292 -2.32235 PINHOLE 943 1280 1292.469970703125 1292.9599609375 471.5 640.0
0022/448214815_f9d37b29e4_o.jpg 0.9987228 0.002804173 -0.050447285 0.011155303 0.9615806 0.27429608 0.049278304 -0.2745085 0.9603212 0.263126 -0.105559 -0.485408 PINHOLE 1280 958 2118.860107421875 2118.81005859375 640.0 479.0
0015/2144092284_8a5198a473_o.jpg -0.96632653 -0.04221887 -0.25383192 -0.016811343 0.9946992 -0.10144441 0.25676927 -0.09376117 -0.96191394 -4.12416 -0.0753723 0.910099 PINHOLE 1180 1600 1716.0 1715.280029296875 590.0 800.0
0015/3612645118_e1288c22d9_o.jpg -0.88958603 -0.0096673565 -0.45666534 0.052422944 0.99100876 -0.12309923 0.45374942 -0.1334471 -0.8810808 -3.72367 -0.0400092 0.211488 PINHOLE 1600 1051 1901.8800048828125 1901.9200439453125 800.0 525.5
0022/3779206240_183352156b_o.jpg 0.9986605 0.011564175 -0.05043221 0.016804608 0.8493717 0.5275276 0.048936114 -0.5276685 0.8480396 0.268407 -1.36389 -2.1843 PINHOLE 1280 850 4712.10009765625 4714.75 640.0 425.0
0015/2423039455_2c0e80fcaf_o.jpg -0.9919247 -0.0047755623 -0.12673844 0.0024272397 0.99839306 -0.056616817 0.12680516 -0.05646724 -0.9903191 -1.00663 0.0985732 1.63459 PINHOLE 1088 720 1265.719970703125 1265.719970703125 544.0 360.0
0015/214071146_7da52d8dc0_o.jpg -0.9976838 0.010572667 -0.06719504 0.027331417 0.96690464 -0.25366977 0.062289234 -0.25491878 -0.96495414 -0.309796 -1.05223 -4.0078 PINHOLE 1236 805 1393.5799560546875 1393.5799560546875 618.0 402.5
0022/3179491696_7750fa951d_o.jpg 0.9207521 -0.014532123 0.38987744 -0.07381061 0.97477156 0.21064766 -0.3831026 -0.22273137 0.8964503 -2.82501 -0.238336 -0.545543 PINHOLE 1280 847 1131.219970703125 1131.1500244140625 640.0 423.5
0015/1949239530_e4b06e6181_o.jpg -0.9500398 -0.0404726 -0.3094936 0.027442722 0.9768869 -0.21198769 0.31091997 -0.20989008 -0.92697084 -2.63327 -0.191918 -0.371374 PINHOLE 1572 1176 3200.169921875 3200.169921875 786.0 588.0
0015/2362907762_bb9469a630_o.jpg -0.9936179 -0.031393785 -0.10834163 -0.009656076 0.98063654 -0.19559833 0.112384334 -0.19330384 -0.9746812 -1.02775 -0.778286 -3.87972 PINHOLE 953 1271 2293.97998046875 2293.97998046875 476.5 635.5
0022/182339698_1617d74525_o.jpg 0.8772129 -0.010350161 0.47999007 -0.16554902 0.9319294 0.322647 -0.4506563 -0.362492 0.815787 -3.50801 -0.878035 -2.1526 PINHOLE 1280 948 1294.31005859375 1293.9100341796875 640.0 474.0
0022/2916597554_bc218c25de_o.jpg 0.9952807 0.037522484 -0.08948996 0.013633777 0.8589956 0.51180136 0.09607554 -0.5106061 0.8544302 0.592403 -1.35793 -2.24466 PINHOLE 1280 850 2914.550048828125 2913.179931640625 640.0 425.0
0022/2675712669_2b32164d63_o.jpg 0.98497355 -0.014358194 0.1721072 -0.054336097 0.920169 0.38773265 -0.16393486 -0.39125803 0.905562 -1.25956 -0.411227 -1.01084 PINHOLE 1280 960 4309.7998046875 4311.66015625 640.0 480.0
0022/378952049_069b98faae_o.jpg 0.93027675 0.0568024 -0.36243436 0.13963772 0.85874945 0.4930017 0.33924398 -0.5092375 0.7909429 2.46312 -1.19585 -1.8168 PINHOLE 1280 956 2709.080078125 2707.929931640625 640.0 478.0
0022/2643019453_9f4842b989_o.jpg 0.99260026 -0.015168085 0.120476685 -0.040112145 0.8955115 0.44322702 -0.11461116 -0.44477984 0.8882765 -0.907168 -0.776724 -1.58723 PINHOLE 1280 852 3774.1201171875 3775.39990234375 640.0 426.0
0022/3456174002_40683e177e_o.jpg 0.80026335 0.2540152 -0.5431896 -0.06371998 0.93674004 0.34417716 0.59625363 -0.24082032 0.7658245 3.61909 -1.41321 -0.902391 PINHOLE 1280 934 995.6610107421875 995.364013671875 640.0 467.0
0022/3570107075_b1ac8eaac1_o.jpg 0.87244374 -0.0069099325 -0.48866573 0.19850093 0.9187167 0.34140438 0.4465863 -0.39485672 0.80290025 3.31952 -0.829575 -1.81263 PINHOLE 1280 845 1071.43994140625 1070.9200439453125 640.0 422.5
0015/205993922_4ad25ed386_o.jpg -0.958087 0.02795042 0.28511047 -0.035716467 0.9758098 -0.21568403 -0.28424203 -0.21682721 -0.93391246 3.50859 -0.447441 -1.47956 PINHOLE 1271 953 2161.10009765625 2161.10009765625 635.5 476.5
0015/519495813_f5888bacef_o.jpg -0.99890137 -0.005068123 -0.04658777 0.0013094307 0.990728 -0.13585377 0.04684433 -0.13576551 -0.9896329 -1.84937 0.29554 2.03803 PINHOLE 1599 1065 2447.949951171875 2447.949951171875 799.5 532.5
0015/492111834_53b604129e_o.jpg -0.98824334 0.007859273 0.15268688 -0.023109907 0.97952443 -0.19999468 -0.15113233 -0.201172 -0.96782684 2.51426 -0.574997 -3.3839 PINHOLE 1600 1181 1568.8699951171875 1569.300048828125 800.0 590.5
0022/2969975182_99836bf589_o.jpg 0.9996965 0.008375076 -0.02316925 0.002588637 0.8995306 0.43685007 0.0245001 -0.43677747 0.8992359 0.0396794 -1.38973 -2.88708 PINHOLE 1280 946 1395.0 1395.219970703125 640.0 473.0
0015/3665648119_3d88cde71f_o.jpg -0.92029446 -0.00873532 -0.39112893 0.10774131 0.95543295 -0.27484477 0.37609833 -0.29507887 -0.8783385 -3.32661 0.166604 0.648004 PINHOLE 1600 1185 1662.6700439453125 1662.81005859375 800.0 592.5
0022/3920990360_9ffa68b3db_o.jpg 0.9886698 0.015263409 0.14932844 -0.057730008 0.95696527 0.2844024 -0.13856117 -0.2898008 0.94700384 -1.06415 0.0482049 0.112052 PINHOLE 1280 839 974.3150024414062 973.8270263671875 640.0 419.5
0015/3017166508_d2871155a2_o.jpg -0.9884269 -0.009560153 -0.15139621 0.010421275 0.99137515 -0.13063978 0.15133938 -0.13070561 -0.97980225 -1.5577 0.377064 2.69383 PINHOLE 1070 1599 3666.5 3666.5 535.0 799.5
0015/1951084910_bbe8292b8c_o.jpg -0.99420035 -0.008380284 -0.10721667 0.008775144 0.98731345 -0.1585408 0.10718508 -0.15856217 -0.98151386 -0.83038 0.347764 1.98066 PINHOLE 1569 1174 3240.47998046875 3240.47998046875 784.5 587.0
0022/1297118643_00029e6b3e_o.jpg 0.9009468 0.060284432 -0.42972165 0.10353029 0.93184066 0.34778503 0.42139813 -0.357825 0.8332976 2.86182 -0.394107 -0.421527 PINHOLE 1280 952 1196.47998046875 1196.3299560546875 640.0 476.0
0022/427154679_de14c315f4_o.jpg 0.8604095 0.06031098 -0.5060218 0.07392756 0.96769583 0.24103834 0.50421244 -0.24480064 0.82815605 2.86523 -0.309845 -0.366932 PINHOLE 1280 946 1372.47998046875 1372.22998046875 640.0 473.0
0015/2376290325_1f10c6d2ce_o.jpg -0.9851688 -0.0025941439 -0.17156823 0.0451155 0.96078867 -0.27358684 0.16555053 -0.2772696 -0.946422 -3.30053 0.0946583 0.38264 PINHOLE 1596 1197 6271.77978515625 6271.77978515625 798.0 598.5
0015/3016357975_e207c12959_o.jpg -0.9806169 -0.030565772 0.19353598 -0.08165737 0.96164244 -0.26186994 -0.17810817 -0.27259773 -0.94549876 2.42229 -0.754365 -3.00759 PINHOLE 1600 1068 3489.60009765625 3488.52001953125 800.0 534.0
0015/2492313401_4e912ecf9a_o.jpg -0.9885066 0.018141994 0.15008502 -0.0006412172 0.9922613 -0.12416593 -0.15117615 -0.122835085 -0.9808452 2.13633 -0.123459 -0.763224 PINHOLE 1600 1172 1797.22998046875 1797.0400390625 800.0 586.0
0015/375696071_1c3e63e9e3_o.jpg -0.9780883 -0.004481383 -0.20814227 0.04552203 0.9709725 -0.23481952 0.20315273 -0.23914927 -0.9494928 -1.50869 -0.139058 -0.443383 PINHOLE 1600 1049 1900.6400146484375 1899.9300537109375 800.0 524.5
0022/2688932271_d1fb737a88_o.jpg 0.997961 -0.028581671 0.057070084 0.007586842 0.94091487 0.33855823 -0.063374646 -0.33743492 0.93921316 -0.537184 -0.789738 -2.21043 PINHOLE 1280 945 1297.780029296875 1297.7900390625 640.0 472.5
0022/402463701_1a6453caf2_o.jpg 0.9960837 -0.01637038 0.08688671 -0.0043691075 0.97239554 0.23329782 -0.088307425 -0.23276377 0.9685158 -0.778149 -0.237617 -1.21094 PINHOLE 1280 945 1149.030029296875 1148.68994140625 640.0 472.5
0022/2933185848_6afb0358ca_o.jpg 0.997577 -0.03130476 0.062130127 0.006893859 0.93312925 0.35947508 -0.06922872 -0.35817575 0.93108404 -0.541463 -0.205751 -0.708962 PINHOLE 1280 960 4156.2900390625 4157.18017578125 640.0 480.0
0022/152275651_2a82fe4938_o.jpg 0.9464832 -0.043712933 0.31977922 -0.06894084 0.94053763 0.33262014 -0.3153042 -0.33686522 0.88718945 -2.39648 -1.20262 -2.99428 PINHOLE 1280 938 1001.5599975585938 1001.280029296875 640.0 469.0
0015/1283321355_191a081149_o.jpg -0.97163826 -0.028024629 -0.23480561 0.018291278 0.9810708 -0.19278352 0.23576362 -0.19161074 -0.95273334 -2.63145 -0.513468 -2.55845 PINHOLE 1326 978 1429.510009765625 1429.510009765625 663.0 489.0
0015/2431823248_3776ed43ec_o.jpg -0.9011724 -0.032517504 -0.43223944 0.13378909 0.92762804 -0.3487215 0.41229698 -0.37208712 -0.8316023 -4.81416 -2.39185 -5.8699 PINHOLE 1600 1043 1269.1199951171875 1268.8499755859375 800.0 521.5
0022/1776131727_4e23408660_o.jpg 0.9996985 -0.023307033 0.007719945 0.020073567 0.95693403 0.28961068 -0.014137444 -0.2893684 0.9571134 -0.289029 -0.769459 -2.58961 PINHOLE 1280 947 1345.31005859375 1345.8800048828125 640.0 473.5
0022/3219712160_e48de43363_o.jpg 0.987113 -0.020982103 0.15864308 -0.01272404 0.9779367 0.20851357 -0.15951794 -0.20784505 0.9650671 -1.25956 -0.320503 -1.25529 PINHOLE 1280 842 1268.56005859375 1268.4599609375 640.0 421.0
0022/2737745065_9402330b6b_o.jpg 0.9908398 0.045619924 0.1271035 -0.078596026 0.96018875 0.26806766 -0.109814115 -0.27560192 0.95497876 -0.411198 -0.25498 -1.20877 PINHOLE 959 1280 1289.6300048828125 1290.1199951171875 479.5 640.0
0022/2689745042_637e4b0475_o.jpg 0.99974656 -0.0026734336 -0.022353588 0.008686227 0.96184695 0.2734501 0.02076968 -0.27357498 0.9616264 -0.043077 -0.660968 -2.36981 PINHOLE 944 1280 1293.56005859375 1293.93994140625 472.0 640.0
0022/811811542_eeb124391a_o.jpg 0.9995395 -0.00725623 0.02946442 0.0010468353 0.9786561 0.20550212 -0.030326705 -0.20537664 0.978213 -0.276131 -0.231694 -1.13654 PINHOLE 1280 956 1402.300048828125 1402.260009765625 640.0 478.0
0022/1339754696_a60930ee0c_o.jpg 0.8997103 -0.07320261 0.43030548 -0.1950761 0.81446695 0.5464329 -0.3904699 -0.5755736 0.7185042 -3.04463 -1.71768 -2.05472 PINHOLE 1274 955 3883.1201171875 3883.1201171875 637.0 477.5
0022/2469630935_47be8ab37a_o.jpg 0.99615496 -0.00093192013 0.08760384 -0.02959378 0.9375872 0.3464888 -0.08245913 -0.34774905 0.93395454 -0.840948 -0.919875 -2.41921 PINHOLE 1280 952 1313.530029296875 1314.1500244140625 640.0 476.0
0015/4174108353_20422632d6_o.jpg -0.940433 0.043548092 -0.33717838 0.07717741 0.9932161 -0.086979255 0.3311032 -0.10782072 -0.93741417 -1.13854 0.347932 2.52082 PINHOLE 1488 992 2495.580078125 2495.580078125 744.0 496.0
0015/330734230_843d97598d_o.jpg -0.898238 0.0007611706 -0.43950877 0.041490335 0.99567956 -0.083070725 0.43754667 -0.092852645 -0.8943888 -3.66775 0.211238 1.87573 PINHOLE 1600 1190 1776.31005859375 1776.77001953125 800.0 595.0
0022/2385889720_b7d00c42f6_o.jpg 0.99984837 -0.016719198 0.004874931 0.014598091 0.9572427 0.28891748 -0.009496961 -0.2888025 0.9573416 -0.11695 -0.857413 -2.95025 PINHOLE 1280 835 967.7490234375 967.5440063476562 640.0 417.5
0022/3920987420_b69f885b96_o.jpg 0.9899115 -0.009567457 0.14136353 -0.029431988 0.9620693 0.27121294 -0.13859633 -0.27263743 0.95208186 -1.0583 0.0187453 0.108021 PINHOLE 1280 846 1227.6700439453125 1228.030029296875 640.0 423.0
0022/2851715724_65ba8475ed_o.jpg 0.9950462 0.0155338785 -0.098192655 0.019394653 0.93840533 0.34499168 0.09750357 -0.34518707 0.93345535 0.572528 -0.277648 -0.8669 PINHOLE 1280 851 2904.85009765625 2905.080078125 640.0 425.5
0022/511190226_80ac967026_o.jpg 0.9868288 -0.00640448 -0.16164142 0.03377838 0.985348 0.16717768 0.15820235 -0.17043573 0.9725861 1.08134 1.39677 7.45816 PINHOLE 1280 955 5452.02001953125 5452.83984375 640.0 477.5
0022/3067108554_c7eb4a09b8_o.jpg 0.9125356 -0.0036935164 -0.40898064 0.20107874 0.8748155 0.44075525 0.35615468 -0.48444214 0.79904294 2.85156 -1.5611 -2.64399 PINHOLE 1280 958 1381.27001953125 1381.6300048828125 640.0 479.0
0015/3158214253_16b5194f70_o.jpg -0.9986009 0.016508238 -0.050236892 0.026041828 0.98035747 -0.1955021 0.046022717 -0.19653682 -0.9794157 -0.210298 -0.181694 -0.792631 PINHOLE 1600 1193 2382.139892578125 2382.469970703125 800.0 596.5
0022/269327741_4fdf4f92aa_o.jpg 0.9984276 -0.05204147 0.020831842 0.020729434 0.6880561 0.72536135 -0.05208235 -0.723789 0.688053 -0.382872 -2.94538 -2.85039 PINHOLE 1280 960 4793.64990234375 4794.64990234375 640.0 480.0
0022/310584686_0965d00b4c_o.jpg 0.9843285 0.01502138 -0.17570361 0.01707306 0.98356694 0.17973468 0.17551613 -0.17991775 0.9678965 1.07724 -0.255945 -1.13105 PINHOLE 1061 782 1012.5499877929688 1012.5499877929688 530.5 391.0
0015/2791594059_6477917e8c_o.jpg -0.89650476 0.0118766455 0.44287485 -0.0817301 0.9780498 -0.1916735 -0.43543008 -0.20803241 -0.8758557 3.681 -0.237535 -0.906353 PINHOLE 1600 1177 1572.8199462890625 1572.5899658203125 800.0 588.5
0022/2809395207_359faaff0f_o.jpg 0.9174659 0.1071459 -0.38311365 0.11857996 0.8456101 0.52046365 0.37973028 -0.52293724 0.763113 2.67587 -1.39559 -1.63832 PINHOLE 1280 752 3947.2099609375 3947.2099609375 640.0 376.0
0015/3013143177_54466d4f81_o.jpg -0.9854029 -0.011747501 0.16983265 -0.047471188 0.9770067 -0.20785674 -0.16348583 -0.2128848 -0.9633029 2.09024 0.514751 2.00685 PINHOLE 1600 1188 1930.3599853515625 1929.97998046875 800.0 594.0
0022/770197291_dbe856fdc9_o.jpg 0.9495949 0.04536081 -0.31018046 0.035716075 0.9673769 0.25081143 0.3114384 -0.24924767 0.916996 1.51582 0.435672 1.93162 PINHOLE 1267 712 2154.969970703125 2154.969970703125 633.5 356.0
0022/3113891455_b62694879a_o.jpg 0.9063539 0.02343848 -0.4218688 0.103784874 0.95552015 0.27606156 0.4095746 -0.29399306 0.8636068 2.94912 -0.761577 -2.46774 PINHOLE 1280 904 1023.3099975585938 1023.3800048828125 640.0 452.0
0015/2795419285_b4bbfa1862_o.jpg -0.99811363 0.007499656 0.060934026 -0.0043673585 0.98132294 -0.1923179 -0.061238278 -0.19222124 -0.9794391 1.09639 -0.437036 -2.06145 PINHOLE 1600 1183 1764.97998046875 1764.6199951171875 800.0 591.5
0015/3314768535_18f35875cb_o.jpg -0.990745 0.010491741 0.13533033 -0.012939761 0.98516726 -0.17110816 -0.13511823 -0.17127569 -0.97591376 1.94673 0.423275 2.18219 PINHOLE 1599 1065 2721.449951171875 2721.449951171875 799.5 532.5
0022/2415654069_7515075a87_o.jpg 0.9999812 -0.0015546795 -0.00592248 0.0036823421 0.92546916 0.37880504 0.0048921523 -0.37881973 0.92545754 -0.12374 -0.215598 -0.546722 PINHOLE 1280 960 6897.52978515625 6900.419921875 640.0 480.0
0015/91859233_136e683590_o.jpg -0.9525074 -0.02922784 -0.3031096 0.0561236 0.9614817 -0.26907817 0.2992989 -0.27331054 -0.9141781 -3.25164 -1.31613 -4.41235 PINHOLE 1600 1185 1660.1199951171875 1660.27001953125 800.0 592.5
0022/2680794622_3aaabeed28_o.jpg 0.91847837 -0.024989927 0.39468095 -0.08463216 0.9624602 0.25789088 -0.3863094 -0.2702699 0.8818839 -2.80879 -0.783599 -2.48105 PINHOLE 1280 954 1036.5999755859375 1036.949951171875 640.0 477.0
0015/3078761689_0b420051be_o.jpg -0.99611163 -0.0030123394 0.088048704 -0.018340196 0.9846101 -0.17380044 -0.0861701 -0.17473947 -0.9808368 1.50949 0.574446 3.12166 PINHOLE 1234 821 2007.27001953125 2007.27001953125 617.0 410.5
0022/2036623941_de0d6f6507_o.jpg 0.99801165 0.01748515 -0.060555793 0.0072024763 0.9228207 0.38516238 0.06261676 -0.38483268 0.9208599 -0.040167 -0.430469 -1.05797 PINHOLE 1280 960 3542.949951171875 3543.699951171875 640.0 480.0
0022/571948884_d50606eca5_o.jpg 0.99493164 -0.0028399113 -0.10051371 0.03352986 0.9517609 0.30500317 0.09479884 -0.30682752 0.9470322 0.677595 -0.233201 -0.804713 PINHOLE 1280 956 2122.43994140625 2121.5 640.0 478.0
0015/2960579238_7ba551628b_o.jpg -0.966043 -0.0067034694 -0.2582943 0.061017603 0.96546996 -0.2532678 0.25107318 -0.26042807 -0.9322765 -2.45502 -0.0659766 -0.158916 PINHOLE 1589 1192 3537.330078125 3537.330078125 794.5 596.0
0015/549917433_99b38abc41_o.jpg -0.80847853 -0.028477928 -0.58783627 0.20787765 0.920627 -0.33050385 0.55059004 -0.38940328 -0.7383872 -5.95526 -2.23385 -5.14776 PINHOLE 1600 1199 1750.010009765625 1749.6199951171875 800.0 599.5
0015/3297736834_f5e113e015_o.jpg -0.8451501 -0.11049982 -0.52298284 0.1864097 0.8560477 -0.4821139 0.50097173 -0.5049477 -0.7028906 -5.49312 -3.30314 -4.55153 PINHOLE 1025 682 1632.5899658203125 1632.5899658203125 512.5 341.0
0015/3018384583_98264ff1fd_o.jpg -0.9987149 -0.010630057 -0.049553253 0.0029114797 0.9641072 -0.26549727 0.0505969 -0.26530033 -0.9628373 -0.376022 0.496053 1.71669 PINHOLE 1595 1196 7591.5 7591.5 797.5 598.0
0015/389637286_3f18f449c8_o.jpg -0.9162015 -0.0031608236 -0.40070543 0.10382286 0.96395016 -0.24499176 0.38703445 -0.2660642 -0.8828444 -4.73557 -1.53246 -5.81053 PINHOLE 1186 1600 1585.6800537109375 1585.469970703125 593.0 800.0
0022/1141008993_b00c2d9b58_o.jpg 0.9997656 -0.010301 0.019042863 0.0073574437 0.9888637 0.14864185 -0.020361956 -0.14846691 0.9887077 -0.120996 -0.0857508 -0.813716 PINHOLE 1280 841 1472.2099609375 1471.72998046875 640.0 420.5
0022/624541762_1ee0e1980a_o.jpg 0.99847543 -0.002200341 -0.055154357 0.0077532195 0.9948898 0.10066842 0.054651003 -0.10094257 0.9933901 0.296835 0.808645 7.36948 PINHOLE 1280 960 4008.550048828125 4007.7099609375 640.0 480.0
0015/266892564_fa69a66137_o.jpg -0.9468854 -0.02495718 -0.32060134 0.057415366 0.96784276 -0.24491599 0.3164041 -0.2503148 -0.91500324 -2.75232 0.0951299 0.6595 PINHOLE 1590 1192 3680.219970703125 3680.219970703125 795.0 596.0
0022/623690633_7e3925a8e2_o.jpg 0.8799814 0.005033656 -0.47498146 0.0793635 0.98433024 0.15746549 0.46833125 -0.1762629 0.8657928 3.1446 0.188063 1.0231 PINHOLE 1280 907 1767.4200439453125 1767.050048828125 640.0 453.5
0022/2084262802_055f72f7c0_o.jpg 0.8818999 0.0011997442 -0.47143513 0.100376226 0.97658956 0.19025616 0.4606269 -0.21510778 0.8611339 3.13518 -0.125939 -0.39983 PINHOLE 1280 847 1322.56005859375 1322.550048828125 640.0 423.5
0015/2723173980_4d038e97aa_o.jpg -0.7207179 0.006042675 0.6932021 -0.12697579 0.98189396 -0.14057516 -0.68150043 -0.18933491 -0.7069013 0.495362 0.674069 3.13462 PINHOLE 1584 1188 2852.320068359375 2852.320068359375 792.0 594.0
0015/3055102674_e0f4580ae9_o.jpg -0.75504005 0.009603365 0.65560836 -0.050708298 0.9960428 -0.07298894 -0.6537149 -0.08835436 -0.7515652 -0.0980329 0.35031 3.31797 PINHOLE 1600 1189 1836.469970703125 1836.52001953125 800.0 594.5
0015/165037599_384664d36d_o.jpg -0.5331463 0.0014457902 0.84602183 -0.20364133 0.9703778 -0.12998907 -0.8211487 -0.2415882 -0.5170589 1.52707 -0.490592 -1.70567 PINHOLE 1600 1196 2671.6201171875 2672.679931640625 800.0 598.0
0015/165053549_faaef36887_o.jpg -0.3863791 -0.008354243 0.92230225 -0.2787248 0.95426524 -0.10812211 -0.8792177 -0.2988446 -0.37103665 1.77231 -0.498681 -1.46287 PINHOLE 1193 1592 5173.35986328125 5173.35986328125 596.5 796.0
0015/2297788512_6d09de6efa_o.jpg -0.9980983 0.007656927 0.06116523 -0.0071359444 0.9712321 -0.23802784 -0.061228197 -0.23801164 -0.9693305 1.6805 0.283507 1.02604 PINHOLE 1560 1170 3983.820068359375 3983.820068359375 780.0 585.0
0015/3481071716_52e34ed500_o.jpg -0.9745371 -0.013929581 -0.22379331 0.025638279 0.9846004 -0.17292976 0.22275583 -0.17426413 -0.9591725 -4.02896 0.0857138 0.79599 PINHOLE 1570 1177 1616.77001953125 1616.77001953125 785.0 588.5
0015/214071913_6a7920349d_o.jpg -0.9938542 0.0052585094 -0.11057205 0.027394235 0.97948515 -0.19964579 0.107253835 -0.20144784 -0.97360945 -1.36364 0.0957135 0.47349 PINHOLE 1240 802 1391.25 1391.25 620.0 401.0
0015/3098177275_849e470188_o.jpg -0.9919532 0.003868234 0.12654604 -0.022407947 0.97838885 -0.20555578 -0.12460637 -0.20673735 -0.97042924 1.96357 0.414663 1.81978 PINHOLE 1599 1199 3945.409912109375 3945.409912109375 799.5 599.5
0022/248502922_dd284cc7b7_o.jpg 0.84646577 0.054667175 -0.5296293 0.08925467 0.9660709 0.2423646 0.52490884 -0.25242522 0.8128666 3.9241 -0.47228 -0.778833 PINHOLE 1280 947 1423.010009765625 1423.06005859375 640.0 473.5
0015/3413562125_0d7102a94a_o.jpg -0.94051975 0.023354568 0.3389354 -0.037032265 0.9846426 -0.17060915 -0.33771476 -0.17301281 -0.92521095 0.202349 0.591828 3.13603 PINHOLE 1600 1177 1300.239990234375 1300.3299560546875 800.0 588.5
0015/2717936641_b15325a1d6_o.jpg -0.94763297 0.054547574 0.31466863 -0.028471118 0.96695244 -0.25336203 -0.3180899 -0.24905317 -0.914763 4.06507 -1.56826 -5.53082 PINHOLE 1600 1190 1612.2099609375 1612.6300048828125 800.0 595.0
0015/4171014767_0fe879b783_o.jpg -0.97657084 0.0064749545 -0.21509866 0.045277588 0.9833548 -0.17596388 0.21037894 -0.18158035 -0.9606088 -2.14242 0.166596 0.809466 PINHOLE 1056 780 1144.510009765625 1144.510009765625 528.0 390.0
0015/3296908777_5b9665798e_o.jpg -0.9957313 0.015549582 0.09098022 -0.010409921 0.96049815 -0.27809155 -0.09171054 -0.27785155 -0.9562362 1.91189 -0.462062 -1.42571 PINHOLE 676 1015 2308.860107421875 2308.860107421875 338.0 507.5
0015/1091880705_b783893319_o.jpg -0.64249986 0.00028136355 0.7662858 -0.10302299 0.9908893 -0.08674448 -0.7593288 -0.13467836 -0.63661724 0.0457422 0.402775 2.50365 PINHOLE 1570 1177 3496.919921875 3496.919921875 785.0 588.5
0015/325576817_bd8d9843c0_o.jpg -0.64516044 -0.005209248 0.7640294 -0.13743469 0.98445743 -0.10934022 -0.7515848 -0.17554612 -0.63584894 0.380463 0.425919 2.17495 PINHOLE 1600 1198 4770.93017578125 4770.91015625 800.0 599.0
0022/1247003203_b554be0557_o.jpg 0.99950117 0.0065269093 -0.030899405 0.0016896669 0.9659574 0.2586956 0.03153599 -0.25861877 0.96546453 0.202559 -0.467001 -1.83818 PINHOLE 1280 947 1307.989990234375 1308.27001953125 640.0 473.5
0022/2962496586_de82810c4d_o.jpg 0.9275151 0.04777976 -0.37071937 0.1081597 0.9150598 0.38854483 0.35779497 -0.4004781 0.8435639 2.37139 -0.337492 -0.431445 PINHOLE 1280 718 3745.909912109375 3747.300048828125 640.0 359.0
0015/2297641518_b9fa482bd5_o.jpg -0.9981469 0.013911403 0.059238974 0.004816126 0.9885234 -0.15099089 -0.06065961 -0.15042579 -0.9867586 1.47184 0.299233 1.7982 PINHOLE 1600 1188 1762.02001953125 1761.6700439453125 800.0 594.0
0015/2979505208_68bf32c5c6_o.jpg -0.9983548 -0.037479024 -0.043393843 -0.029553423 0.984879 -0.170704 0.049135506 -0.16914073 -0.98436636 -0.115129 -0.630938 -2.66645 PINHOLE 1600 1189 2008.6300048828125 2009.1199951171875 800.0 594.5
0022/106707051_251e89b83a_o.jpg 0.9175009 -0.039043907 0.3958126 -0.02571078 0.98726636 0.15698439 -0.39690176 -0.15420999 0.90481395 -2.8559 0.146717 1.79073 PINHOLE 1280 958 2112.3798828125 2112.81005859375 640.0 479.0
0022/402461674_fd8ac69701_o.jpg 0.9951607 -0.024306828 0.09520713 -0.017599136 0.90916234 0.41606987 -0.09667207 -0.41573194 0.90433484 -0.729888 -0.54721 -1.14 PINHOLE 1280 959 4995.39990234375 4994.4599609375 640.0 479.5
0022/2408990133_586daf29fa_o.jpg 0.9667913 0.037291247 -0.25283188 -0.003454883 0.99111366 0.13297261 0.25554386 -0.12768325 0.9583289 1.57372 0.000716322 1.61404 PINHOLE 1204 1158 2199.429931640625 2199.429931640625 602.0 579.0
0015/350643726_b111d662de_o.jpg -0.9880309 0.0064173117 -0.15412231 0.042541176 0.97172344 -0.23225805 0.14827378 -0.23603468 -0.96036583 1.95082 0.852933 3.44703 PINHOLE 1600 1194 2761.6298828125 2762.6201171875 800.0 597.0
0022/3728317133_5870505e4e_o.jpg 0.9987452 -0.0063282587 -0.049679216 0.012338313 0.99249995 0.12162097 0.04853697 -0.12208132 0.9913326 0.566563 0.520687 3.93815 PINHOLE 1280 850 2436.8798828125 2436.780029296875 640.0 425.0
0022/623679181_9ad04788ff_o.jpg 0.99731326 0.015380316 -0.07162221 -0.0017872697 0.98252857 0.18610334 0.073233195 -0.18547532 0.9799162 0.466638 0.441582 2.18147 PINHOLE 1280 950 2809.419921875 2808.169921875 640.0 475.0
0022/402469101_b81b00ff34_o.jpg 0.9999287 0.0023066401 0.011714294 -0.0034623097 0.9950201 0.099614166 -0.011426184 -0.09964763 0.9949572 -0.0622861 0.631124 5.37943 PINHOLE 1280 960 2455.93994140625 2456.47998046875 640.0 480.0
0022/2490982581_084455e576_o.jpg 0.9982193 -0.0013183808 0.059635982 -0.007214731 0.9897477 0.14264455 -0.059212636 -0.1428208 0.9879758 -0.327329 -0.0389972 -0.447665 PINHOLE 1280 947 1402.93994140625 1403.25 640.0 473.5
0022/493639419_213c736a33_o.jpg 0.9650394 0.009394787 0.26193643 -0.07805157 0.96431935 0.2529746 -0.2502137 -0.264575 0.93133944 -1.69031 0.108237 0.897036 PINHOLE 1280 853 1494.4300537109375 1494.8499755859375 640.0 426.5
0022/2471038195_04eaaf0957_o.jpg 0.9578217 0.015813837 -0.28692755 0.07915834 0.9453348 0.316348 0.2762453 -0.3257177 0.90421045 1.87672 -0.655753 -1.77269 PINHOLE 1044 775 1215.8900146484375 1215.8900146484375 522.0 387.5
0022/513609821_a7cf65b631_o.jpg 0.99995786 -0.008716583 0.002885411 0.008056198 0.98368704 0.17970791 -0.0044047805 -0.1796771 0.9837158 0.306803 -0.557451 -3.27377 PINHOLE 833 1280 922.2630004882812 922.5089721679688 416.5 640.0
0022/2570012420_27076fbd27_o.jpg 0.99931586 0.034772612 0.012598818 -0.036128458 0.9906702 0.13140516 -0.007911973 -0.13177043 0.99124867 -0.497341 0.0185603 -0.103603 PINHOLE 1280 942 1371.010009765625 1370.3299560546875 640.0 471.0
0022/2915742289_437fe431a1_o.jpg 0.99837965 -0.022584518 -0.052230284 0.04015151 0.93 0.3653598 0.04032269 -0.36686495 0.9293999 0.193532 -1.27221 -3.25361 PINHOLE 1280 832 974.031982421875 974.302978515625 640.0 416.0
0015/310568830_48c3add89d_o.jpg -0.946288 -0.015991779 0.32292926 -0.0711201 0.98460907 -0.15964626 -0.31540605 -0.1740381 -0.9328611 1.51771 -0.922517 -5.50463 PINHOLE 1600 1188 1660.6300048828125 1660.300048828125 800.0 594.0
0015/3282123316_5b425db7a5_o.jpg -0.9998044 0.0051785056 -0.019089703 0.008890715 0.9797854 -0.19985391 0.017668866 -0.19998454 -0.9796397 0.233925 0.380119 1.77739 PINHOLE 1600 1175 1544.8699951171875 1544.449951171875 800.0 587.5
0022/3395188399_c4be0555c7_o.jpg 0.9997292 0.0020559723 -0.023178242 0.0022610389 0.9827924 0.18469997 0.023159137 -0.18470237 0.9825216 -0.00126898 -0.301728 -1.71342 PINHOLE 1280 811 898.1810302734375 897.8159790039062 640.0 405.5
0022/1267466765_a9f3a559cc_o.jpg 0.99962264 0.011775128 -0.024816582 -0.0045820093 0.9622798 0.27202326 0.027083602 -0.2718069 0.9619706 -0.0225967 -0.350507 -1.31151 PINHOLE 1280 839 1241.8900146484375 1242.530029296875 640.0 419.5
0022/3845128120_533dd61a3c_o.jpg 0.8756965 -0.009093118 0.4827763 -0.07443491 0.98532957 0.15357445 -0.47709024 -0.17042002 0.8621728 -3.3461 0.0162231 -0.0727207 PINHOLE 1280 949 1372.8900146484375 1372.530029296875 640.0 474.5
0022/3122827506_c9c0b423d7_o.jpg 0.99918526 0.040037785 0.005075086 -0.04027794 0.9972079 0.062882096 -0.002543256 -0.06303528 0.9980081 -0.483428 0.393035 5.41725 PINHOLE 1280 959 2800.77001953125 2801.35009765625 640.0 479.5
0022/366870221_9911d9f247_o.jpg 0.8833711 -0.010078729 0.46856582 -0.08380544 0.9802585 0.17908064 -0.46112055 -0.19746304 0.8650874 -3.28168 -0.203678 -0.681982 PINHOLE 1280 937 1265.9599609375 1266.3699951171875 640.0 468.5
0022/3352505021_0d562a40e5_o.jpg 0.9909474 -0.07155001 0.11359472 -0.01213545 0.7949364 0.6065714 -0.13370077 -0.6024589 0.7868719 -1.06994 -2.00957 -2.49697 PINHOLE 1280 833 1021.7000122070312 1022.1699829101562 640.0 416.5
0022/3353331098_88b2151710_o.jpg 0.9907709 -0.06068158 0.12120582 -0.033028077 0.75916713 0.6500572 -0.13146198 -0.6480609 0.75015646 -1.10119 -2.33525 -2.63232 PINHOLE 1280 834 1018.1300048828125 1018.3200073242188 640.0 417.0
0022/2711032567_4c76f90cd2_o.jpg 0.84941834 0.0049273856 -0.5276971 0.3002507 0.8178181 0.49094102 0.4339793 -0.5754557 0.6931902 3.58935 -1.67341 -2.30401 PINHOLE 1280 973 929.2890014648438 929.094970703125 640.0 486.5
0022/2652033471_c0307f308a_o.jpg 0.9997196 0.0074374652 0.022481425 -0.01063474 0.9892817 0.14563179 -0.02115733 -0.14583004 0.9890834 -0.127776 0.200305 1.01008 PINHOLE 1280 948 1591.4000244140625 1591.5400390625 640.0 474.0
0022/2164161194_78c0f1db3d_o.jpg 0.9485779 -0.07461378 0.3076244 -0.08618652 0.8742285 0.47780383 -0.30458474 -0.47974724 0.8228431 -2.37597 -0.983894 -1.33172 PINHOLE 1280 853 4970.39990234375 4971.58984375 640.0 426.5
0015/144245474_d030ef9e44_o.jpg -0.9900057 0.022319471 -0.13925014 0.046337385 0.9840572 -0.17170997 0.13319762 -0.17644633 -0.97525644 -2.74827 0.325043 1.38952 PINHOLE 1600 1184 1748.1700439453125 1748.22998046875 800.0 592.0
0022/2835662202_e78930604d_o.jpg 0.9618104 0.044939917 -0.27000207 0.048396457 0.94296694 0.32934958 0.26940396 -0.32983902 0.9047805 1.81792 -0.74722 -1.8551 PINHOLE 1280 845 1427.550048828125 1428.1099853515625 640.0 422.5
0022/3920216155_37cd0de0c1_o.jpg 0.99953574 -0.0046145585 0.03011741 0.00074128294 0.9918551 0.12736934 -0.030459858 -0.12728788 0.991398 -1.06922 -0.0269677 -0.0252089 PINHOLE 1280 850 1343.3800048828125 1342.699951171875 640.0 425.0
0015/167170681_0e5c42fd21_o.jpg -0.98644143 0.018333666 0.16308631 -0.010970632 0.9841511 -0.17699207 -0.16374649 -0.17638147 -0.9706063 2.78429 0.0871322 0.567772 PINHOLE 1600 1193 2886.489990234375 2886.889892578125 800.0 596.5
0015/350639788_462a038755_o.jpg -0.9979731 0.02321975 0.05925039 -0.00543896 0.8965286 -0.44295245 -0.06340492 -0.44237688 -0.89458513 1.22771 -2.53496 -5.22117 PINHOLE 1600 1196 4632.9599609375 4631.91015625 800.0 598.0
0015/4142927941_86ae5c2067_o.jpg -0.8223182 -0.0220596 -0.5686002 0.1739184 0.94168746 -0.28805745 0.5417981 -0.3357649 -0.77053016 -3.89227 -0.932708 -2.45718 PINHOLE 1275 956 3621.780029296875 3621.780029296875 637.5 478.0
0015/3724201875_22dba7955f_o.jpg -0.93123174 -0.0069529936 -0.36436132 0.018589268 0.9976101 -0.06654739 0.3639532 -0.06874425 -0.9288769 -3.91823 0.103677 1.50213 PINHOLE 1600 1185 1782.43994140625 1782.5999755859375 800.0 592.5
0022/307037213_48891bca3e_o.jpg 0.86399585 -0.025235703 0.50286615 -0.14609008 0.9432138 0.2983376 -0.48183906 -0.3312262 0.81124616 -3.45403 -0.0434864 0.212882 PINHOLE 1280 809 940.2760009765625 940.4530029296875 640.0 404.5
0022/307036457_51029c5b2b_o.jpg 0.8653835 -0.007674268 0.50105137 -0.19465685 0.9162131 0.35023174 -0.4617576 -0.40061787 0.79138184 -3.46783 0.012833 0.266761 PINHOLE 1280 817 959.3489990234375 959.4359741210938 640.0 408.5
0022/499638494_0f44fd942e_o.jpg 0.9996982 0.0063301213 -0.023736615 -0.0040837917 0.99560934 0.09351663 0.024224367 -0.09339148 0.99533474 0.0636001 0.641553 6.26499 PINHOLE 1280 758 2268.3798828125 2267.449951171875 640.0 379.0
0015/3314768785_ea97df3141_o.jpg -0.5701122 -0.0043742093 0.8215552 -0.17994474 0.97637 -0.11967285 -0.80161834 -0.21606149 -0.5574276 0.812462 0.121294 0.636831 PINHOLE 1589 1058 3852.530029296875 3852.530029296875 794.5 529.0
0015/1653184071_319ae7bc4c_o.jpg -0.8845561 -0.013127321 0.46624902 -0.065151304 0.99328184 -0.095637426 -0.46186122 -0.1149734 -0.8794688 -1.46374 0.61426 5.56668 PINHOLE 1590 1192 4624.7998046875 4624.7998046875 795.0 596.0
0022/3719706373_1181658e8a_o.jpg 0.91591394 -0.0371959 0.3996475 -0.1261084 0.9186062 0.3745121 -0.38104898 -0.39341974 0.8366735 -3.02346 -1.24288 -2.56657 PINHOLE 1280 924 1221.1800537109375 1220.7099609375 640.0 462.0
0022/2800606519_9677fbf50a_o.jpg 0.8355831 0.023610143 0.54885656 -0.2066555 0.9392024 0.27421215 -0.5090132 -0.34255126 0.7896608 -3.76079 -0.488847 -1.58489 PINHOLE 1280 951 1405.02001953125 1405.6300048828125 640.0 475.5
0022/3029904005_575106f395_o.jpg 0.81012875 0.032015108 -0.5853772 0.06140069 0.9883827 0.13903111 0.5830278 -0.14857566 0.7987515 3.63014 0.551941 4.51537 PINHOLE 1280 851 1603.02001953125 1602.1300048828125 640.0 425.5
0015/2695196801_a0189918e9_o.jpg -0.84516937 0.004979745 0.5344754 -0.08723879 0.98526233 -0.14713103 -0.5273311 -0.17097762 -0.83227915 -1.04118 -0.0348491 -0.205255 PINHOLE 1600 1182 1680.1700439453125 1679.72998046875 800.0 591.0
0015/3423366060_15b0096bb1_o.jpg -0.610998 0.0053778156 0.79161394 -0.07018878 0.9956707 -0.060938463 -0.78851444 -0.09279569 -0.60797524 -0.261302 0.211458 1.98569 PINHOLE 1600 1081 1851.3699951171875 1851.0 800.0 540.5
0022/1297983720_1baf4bb6e1_o.jpg 0.89390475 0.06320462 -0.44377863 0.12581164 0.9148399 0.38371775 0.43023914 -0.39883962 0.8098279 2.85997 -0.385551 -0.352361 PINHOLE 1276 957 2858.14990234375 2858.14990234375 638.0 478.5
0022/2820611379_14621fbb71_o.jpg 0.92724794 0.12606873 -0.3525874 0.04027951 0.9025738 0.4286467 0.3722751 -0.41166386 0.83183175 2.40636 -0.664206 -0.521227 PINHOLE 1023 767 3265.260009765625 3265.260009765625 511.5 383.5
0015/3053356730_771cf031ac_o.jpg -0.8553055 0.018612577 -0.5177896 0.1782891 0.9488978 -0.26039574 0.4864828 -0.31503415 -0.81491596 -4.46346 -0.0186977 -0.305284 PINHOLE 1590 1060 3854.0 3854.0 795.0 530.0
0022/3753882687_3de345ca4f_o.jpg 0.99988586 0.000525655 0.015098291 -0.0037183587 0.97721344 0.21222648 -0.014642695 -0.2122584 0.9771039 -0.243905 0.542567 2.5901 PINHOLE 1280 960 4502.02001953125 4502.97998046875 640.0 480.0
0015/2716363973_0e6e3c3579_o.jpg -0.9943149 -0.0019075009 0.106462196 -0.022085669 0.9817901 -0.18868054 -0.104163624 -0.18995917 -0.9762507 1.8544 -0.622751 -2.83083 PINHOLE 1600 1058 2091.239990234375 2091.02001953125 800.0 529.0
0022/2468315471_52ef5e8034_o.jpg 0.9076967 -0.026486075 -0.41879016 0.120964766 0.9721561 0.20069888 0.4018137 -0.23283257 0.8856268 2.78378 -0.13615 -1.29785 PINHOLE 1280 948 1404.52001953125 1404.0 640.0 474.0
0022/3570076837_f61eea5c3d_o.jpg 0.9268568 0.0080216415 -0.37532926 0.079711914 0.9727698 0.21763489 0.36685476 -0.2316346 0.9009789 2.517 -0.219504 -0.813623 PINHOLE 826 1280 993.6019897460938 993.6630249023438 413.0 640.0
0022/3005321073_9e530414a4_o.jpg 0.9966637 -0.01197042 0.08073532 -0.025474345 0.8941465 0.44704926 -0.07754057 -0.44761446 0.8908584 -0.725964 -0.800581 -1.62185 PINHOLE 1280 960 4012.110107421875 4012.110107421875 640.0 480.0
0022/469515902_64871b681d_o.jpg 0.99980694 -0.018649159 0.006191924 0.015729614 0.94841635 0.31663698 -0.011777535 -0.31647843 0.94852656 -0.0699366 0.104359 0.209509 PINHOLE 1257 837 4751.9501953125 4751.9501953125 628.5 418.5
0015/2493140852_fc39f2cfd1_o.jpg -0.956834 0.0037706946 -0.29061037 0.07863184 0.965983 -0.24636146 0.2797957 -0.25857827 -0.9245819 -1.24853 0.377624 1.45414 PINHOLE 1336 981 1511.56005859375 1511.56005859375 668.0 490.5
0022/2652859146_cffaed26d8_o.jpg 0.99996465 -0.0016269137 0.008252204 0.00041752085 0.9895066 0.14448695 -0.008400679 -0.1444784 0.98947227 -0.143435 0.201585 1.02093 PINHOLE 1280 937 1389.219970703125 1389.22998046875 640.0 468.5
0015/270885805_cd14f37f72_o.jpg -0.9894044 0.0022258884 -0.14516878 0.0391664 0.9669044 -0.2521147 0.13980317 -0.25512913 -0.9567467 -3.47894 0.14163 0.47867 PINHOLE 1591 1193 4729.75 4729.75 795.5 596.5
0022/2935762689_fa1c008191_o.jpg 0.99795115 0.013771531 -0.062481046 0.020154826 0.8591743 0.5112859 0.0607233 -0.5114976 0.8571364 0.285697 -1.36453 -2.26582 PINHOLE 1280 851 2928.739990234375 2929.050048828125 640.0 425.5
0022/3067114122_6a4fce3a55_o.jpg 0.991501 0.015138992 -0.12921537 0.0099119125 0.9815296 0.19105344 0.12972106 -0.19071044 0.9730375 0.666816 -0.133861 -0.346752 PINHOLE 1267 950 1383.449951171875 1383.449951171875 633.5 475.0
0022/3455593447_101f1773fd_o.jpg 0.97737545 0.0134743415 -0.21108228 0.032094136 0.97696555 0.2109698 0.2090628 -0.21297121 0.9544297 1.37373 -0.560182 -2.20062 PINHOLE 933 1280 984.593994140625 984.9959716796875 466.5 640.0
0022/3066270889_9fc44bae25_o.jpg 0.9810255 0.03513241 -0.19066899 0.016682753 0.96450055 0.26355326 0.19315961 -0.26173335 0.94561356 1.27114 -0.602744 -1.7433 PINHOLE 1275 956 1387.1099853515625 1387.1099853515625 637.5 478.0
0022/391179592_a2a5e97709_o.jpg 0.9998831 0.0040555308 -0.014739633 -0.0017888732 0.98858505 0.1506532 0.01518236 -0.15060923 0.9884768 -0.0126037 0.772362 5.09777 PINHOLE 1280 853 3666.199951171875 3664.77001953125 640.0 426.5
0015/2417420544_35c5823b26_o.jpg -0.9821272 -0.008827609 -0.18801136 0.030283079 0.97847456 -0.20413354 0.18576634 -0.20617867 -0.9607191 -1.19894 0.575819 2.62932 PINHOLE 1600 1057 2406.7900390625 2407.35009765625 800.0 528.5
0022/3215409151_697a9ceeaf_o.jpg 0.82308185 0.033030827 0.5669614 -0.2652646 0.90507853 0.3323665 -0.5021663 -0.42395964 0.75371563 -3.58411 -0.341667 -1.0666 PINHOLE 1280 718 1779.6099853515625 1780.2099609375 640.0 359.0
0022/3695852270_363135b69e_o.jpg 0.93996847 -0.01571887 0.34089902 -0.044336166 0.9848473 0.16766046 -0.33836892 -0.1727097 0.92502856 -2.19435 0.156807 1.19279 PINHOLE 1280 951 1543.8800048828125 1543.31005859375 640.0 475.5
0022/3722427356_6fee2b7349_o.jpg 0.99874645 -0.016702684 0.047186214 0.0019825834 0.95514476 0.29613274 -0.050015878 -0.29566798 0.95398057 -0.437899 -0.496666 -1.89782 PINHOLE 1280 782 1373.5400390625 1372.699951171875 640.0 391.0
0022/205952270_e61056f818_o.jpg 0.9781955 0.033253 0.205007 -0.0993095 0.9418277 0.32108906 -0.1824041 -0.334447 0.9245939 -2.01158 -0.732361 -2.06841 PINHOLE 1280 948 1307.3299560546875 1306.6500244140625 640.0 474.0
0022/217452221_f1a497fac2_o.jpg 0.90039724 0.0032942377 0.4350562 -0.09393984 0.9778552 0.18701465 -0.4248059 -0.20925659 0.88076764 -3.06249 -0.110512 -0.349432 PINHOLE 1280 947 1373.530029296875 1374.1199951171875 640.0 473.5
0015/2876332116_d90384ab69_o.jpg -0.96932006 0.021888146 0.24482548 -0.04914466 0.9586589 -0.28028196 -0.24083896 -0.2837148 -0.9281716 3.03257 -0.554064 -1.64707 PINHOLE 1600 1181 1593.280029296875 1593.43994140625 800.0 590.5
0015/29307281_d7872975e2_o.jpg -0.9957724 -0.014914612 0.09063577 -0.02667119 0.9911654 -0.12992208 -0.0878973 -0.13179018 -0.987373 1.70041 0.334699 1.98165 PINHOLE 1588 1055 2237.510009765625 2237.510009765625 794.0 527.5
0022/3189445523_abe1978588_o.jpg 0.99760205 -0.0056716795 0.068978466 -0.011922553 0.96765524 0.2519945 -0.068176605 -0.2522126 0.9652672 -0.499566 -0.495476 -1.98786 PINHOLE 1280 960 875.1669921875 875.3499755859375 640.0 480.0
0022/2969108583_6965816aaf_o.jpg 0.99666435 0.012828486 -0.080595136 0.017050516 0.933041 0.3593659 0.07980868 -0.3595414 0.9297099 0.482572 -0.211318 -0.589808 PINHOLE 1280 960 3940.77001953125 3942.409912109375 640.0 480.0
0022/3729107210_b15b793674_o.jpg 0.9992651 0.015397301 0.035102792 -0.027968148 0.91910803 0.39301175 -0.026211938 -0.39370468 0.9188632 -0.332898 -1.02356 -2.44656 PINHOLE 1280 820 946.6640014648438 946.7869873046875 640.0 410.0
0015/2493140292_11ed1a4a7b_o.jpg -0.95672464 -0.0028550085 -0.2909808 0.063685864 0.97365594 -0.21894789 0.2839403 -0.2280042 -0.93133885 -1.24505 0.359016 1.47006 PINHOLE 1337 982 1512.719970703125 1512.719970703125 668.5 491.0
0015/2609404743_a9e564f088_o.jpg -0.95694584 -0.004581622 -0.29023036 0.020890892 0.9961953 -0.084607415 0.28951377 -0.087027885 -0.9532093 -2.38026 0.0699697 0.981818 PINHOLE 1600 1056 2218.659912109375 2218.989990234375 800.0 528.0
0015/1948510225_f88f292e3f_o.jpg -0.9950353 0.03252548 -0.0940578 0.059617158 0.95155704 -0.3016372 0.079690464 -0.30574712 -0.9487719 -2.29203 -0.52326 -1.78769 PINHOLE 1561 1168 4627.52001953125 4627.52001953125 780.5 584.0
0015/897738229_3e059f9539_o.jpg -0.9507833 0.03333061 0.30805877 -0.13812609 0.8443606 -0.5176643 -0.27736676 -0.5347375 -0.79820013 3.92052 -3.08795 -4.88691 PINHOLE 1600 1185 1741.06005859375 1740.530029296875 800.0 592.5
0015/3747061904_49a960dc8c_o.jpg -0.9823267 0.004072693 -0.18713011 0.05014072 0.9689493 -0.24212211 0.1803335 -0.24722585 -0.952029 -3.91058 0.12723 0.436663 PINHOLE 1086 1599 5782.31005859375 5782.31005859375 543.0 799.5
0022/2361565083_e869171135_o.jpg 0.9923799 0.014578659 -0.12235044 0.001688992 0.991273 0.13181442 0.12320436 -0.13101663 0.98369473 0.733647 0.067534 0.792406 PINHOLE 1280 952 1606.1199951171875 1606.300048828125 640.0 476.0
0022/2061699781_635e1d9c9f_o.jpg 0.99455714 0.030955732 -0.09948775 -0.009064811 0.9769327 0.21335486 0.1037974 -0.21129176 0.97189605 0.674621 -0.186801 -0.725166 PINHOLE 1280 845 1234.199951171875 1233.9200439453125 640.0 422.5
0015/3413561689_e61d0c7cde_o.jpg -0.49321383 0.013524236 0.86980295 -0.14172755 0.9852704 -0.095684916 -0.8582851 -0.17046817 -0.48403224 -1.68454 0.365074 1.69323 PINHOLE 1600 1196 2284.830078125 2285.25 800.0 598.0
0015/2535770779_79e5005338_o.jpg -0.8942718 -0.0012535302 0.44752255 -0.08704009 0.9813874 -0.17118086 -0.4389784 -0.19203462 -0.8777361 1.42495 0.0728551 0.463803 PINHOLE 1575 1047 3770.330078125 3770.330078125 787.5 523.5
0015/3747093636_a602197465_o.jpg -0.99950147 0.003142428 -0.0314166 0.012261162 0.9555724 -0.29450136 0.029095385 -0.29473975 -0.9551345 0.192125 -0.837802 -2.57902 PINHOLE 1077 1600 5277.830078125 5275.9501953125 538.5 800.0
0015/275604789_5295436922_o.jpg -0.9999464 0.0004696257 -0.010340254 0.003828809 0.9448963 -0.32734752 0.009616736 -0.32736957 -0.94484746 0.352453 -1.15016 -3.32811 PINHOLE 1600 1065 3454.489990234375 3455.570068359375 800.0 532.5
0015/3413545761_535151c7b5_o.jpg -0.9686521 -0.05017703 -0.24330094 0.063084215 0.8976004 -0.43627277 0.24027789 -0.43794498 -0.8662971 -2.84233 -2.17513 -4.23964 PINHOLE 1596 1197 6467.10986328125 6467.10986328125 798.0 598.5
0022/3268325681_12e8da16a5_o.jpg 0.8579045 0.005969752 0.5137746 -0.30018854 0.8173488 0.4917599 -0.4169973 -0.5761123 0.70299923 -3.61234 -1.34966 -2.00389 PINHOLE 828 1280 579.3300170898438 579.2109985351562 414.0 640.0
0022/3596014709_d7c51e1e77_o.jpg 0.9050641 -0.0042457255 0.425254 -0.1247902 0.9532803 0.27510735 -0.40655428 -0.30205733 0.86225 -3.34701 -0.858352 -2.54354 PINHOLE 1280 942 1025.9100341796875 1025.4000244140625 640.0 471.0
0015/370516634_5c74ecd7c2_o.jpg -0.9652599 -0.016111465 -0.26079443 0.047167934 0.9709558 -0.23456344 0.25699902 -0.23871581 -0.9364648 -1.90276 0.0657915 0.572891 PINHOLE 1590 1192 3995.840087890625 3995.840087890625 795.0 596.0
0015/297924462_822756e234_o.jpg -0.8576461 0.03138459 0.51328176 -0.241439 0.856708 -0.45580548 -0.45403787 -0.514846 -0.7271748 6.41779 -2.97284 -4.82055 PINHOLE 1600 1039 1244.9200439453125 1244.6400146484375 800.0 519.5
0022/2919404063_e9bf98a6cb_o.jpg 0.98549694 -0.029824689 0.16705167 -0.053255804 0.8803386 0.4713467 -0.1611198 -0.4734072 0.8659827 -1.27286 -0.962206 -1.68145 PINHOLE 1280 853 4275.419921875 4275.08984375 640.0 426.5
0022/2541218468_a70d8e4860_o.jpg 0.843593 -0.031006001 0.5360872 -0.22238526 0.8885227 0.40133804 -0.48876953 -0.45778385 0.74265623 -3.29941 -1.09976 -1.79277 PINHOLE 1280 840 1406.5999755859375 1406.52001953125 640.0 420.0
0022/2642193090_8f2c7bf55f_o.jpg 0.8148772 0.00747308 -0.57958543 0.08827694 0.98665243 0.13683608 0.572872 -0.16266863 0.8033409 3.53717 0.0741884 0.847676 PINHOLE 1177 774 1283.93994140625 1283.93994140625 588.5 387.0
0022/2353200121_2053041d96_o.jpg 0.8950352 0.056031596 -0.44246173 0.07771948 0.95730275 0.27844414 0.43917152 -0.2836052 0.8524649 2.65207 -0.13489 0.110013 PINHOLE 1280 959 2680.590087890625 2680.030029296875 640.0 479.5
0022/3716502296_4c5b83c3e8_o.jpg 0.9408501 -0.0483489 0.33535585 -0.066392034 0.9442717 0.32240212 -0.33225483 -0.32559702 0.8852081 -2.56845 -1.09836 -2.74642 PINHOLE 1280 956 1075.760009765625 1075.719970703125 640.0 478.0
0015/2791999455_2324a339c5_o.jpg -0.9814774 -0.035784185 -0.1882064 -0.00542474 0.9871977 -0.15940906 0.19150126 -0.15543541 -0.9691063 -1.69333 -0.356874 -1.61761 PINHOLE 1600 1182 1637.6300048828125 1637.8399658203125 800.0 591.0
0022/2732702365_063c4832b0_o.jpg 0.99094003 0.014624532 -0.13350657 0.017838188 0.97091526 0.23875797 0.13311528 -0.23897633 0.9618579 0.759924 -0.446564 -1.78138 PINHOLE 1280 947 1370.219970703125 1370.52001953125 640.0 473.5
0022/2940921287_77326cef0c_o.jpg 0.99460316 0.0037838917 0.103683405 -0.034220047 0.9553783 0.29339623 -0.09794669 -0.29536086 0.9503517 -0.699946 -0.194708 -0.710229 PINHOLE 1280 718 1642.9000244140625 1642.2099609375 640.0 359.0
0022/1297117943_127148ed21_o.jpg 0.8956944 0.066532485 -0.4396646 0.11899562 0.9168196 0.38115868 0.42845255 -0.39371988 0.8132731 2.86022 -0.40518 -0.28359 PINHOLE 1279 959 2119.25 2119.25 639.5 479.5
0022/1297114449_44c7553045_o.jpg 0.8984729 0.052569628 -0.4358703 0.13207465 0.91445035 0.38253996 0.41869172 -0.4012692 0.81466573 2.85816 -0.383982 -0.349686 PINHOLE 1277 958 3520.679931640625 3520.679931640625 638.5 479.0
0015/3056331888_e7f4c11bb3_o.jpg -0.9945283 -0.055046104 -0.08878853 -0.041710667 0.9884623 -0.1456107 0.09577942 -0.14111054 -0.9853497 -0.303696 0.251344 1.85935 PINHOLE 1600 1180 1572.75 1572.1800537109375 800.0 590.0
0022/2884030785_6b772c2c97_o.jpg 0.999674 0.0007746128 0.02552016 -0.0026921262 0.9971657 0.07518884 -0.025389588 -0.07523303 0.9968427 -0.321135 0.15982 1.11055 PINHOLE 1280 892 1763.6199951171875 1764.0799560546875 640.0 446.0
0022/682380222_461eca30fd_o.jpg 0.86778927 0.018763378 -0.496578 0.066070385 0.9860586 0.15271913 0.49252054 -0.16533713 0.85445136 2.97416 0.0631903 0.717227 PINHOLE 1280 949 1344.3499755859375 1345.0 640.0 474.5
0015/2911790895_78462766e5_o.jpg -0.9707691 -0.007678887 -0.23989242 0.0347092 0.98449045 -0.17197046 0.23749234 -0.17527008 -0.95544636 -4.12935 0.163735 0.87854 PINHOLE 1600 1176 1542.27001953125 1542.25 800.0 588.0
0022/760865316_8d75d07010_o.jpg 0.9930515 0.039156202 -0.110974975 0.0376492 0.78774637 0.61484814 0.11149525 -0.61475396 0.78079855 0.687193 -2.21622 -2.79801 PINHOLE 1280 959 3772.9599609375 3771.39990234375 640.0 479.5
0022/312833121_2f508ab4b0_o.jpg 0.9967328 -0.018511256 -0.078619994 0.028512185 0.991357 0.12805605 0.07557 -0.1298793 0.9886458 0.560071 0.252758 1.8101 PINHOLE 1280 959 2132.35009765625 2131.909912109375 640.0 479.5
0015/3016333021_fa27e3dd22_o.jpg -0.9746675 -0.0062038233 -0.22357273 0.032388706 0.9851633 -0.16853574 0.22130121 -0.17150754 -0.9600057 -1.34745 0.509491 2.82753 PINHOLE 1600 1067 2221.070068359375 2220.389892578125 800.0 533.5
0015/548538441_7e091ac4aa_o.jpg -0.9835547 0.006655673 -0.18048775 0.023626905 0.9954746 -0.09204392 0.17905836 -0.0947946 -0.979261 -2.32174 -0.112295 -1.05141 PINHOLE 1600 1182 1614.6800537109375 1614.25 800.0 591.0
0022/513584597_090f2cd7fb_o.jpg 0.9979026 0.013188835 -0.06337569 0.009479892 0.93869567 0.34461656 0.06403557 -0.34449455 0.9366018 0.307356 -0.0735118 -0.19164 PINHOLE 857 1280 5666.31005859375 5665.16015625 428.5 640.0
0022/513554100_6b9b6bd239_o.jpg 0.9957689 0.02851431 -0.087356664 0.0062209284 0.9275399 0.37367234 0.0916818 -0.37263474 0.923438 0.56093 -0.305777 -0.772176 PINHOLE 1280 855 4228.27978515625 4229.93994140625 640.0 427.5
0022/2141792513_5f99aed5d2_o.jpg 0.9947176 0.039305672 -0.094826065 -0.0024888825 0.9327486 0.36051878 0.10261932 -0.35837835 0.9279193 0.658464 0.109903 0.308161 PINHOLE 1280 713 1886.0899658203125 1885.02001953125 640.0 356.5
0022/3778401647_c446f4bcc4_o.jpg 0.9998436 -0.014184528 -0.010561953 0.016785145 0.9492151 0.31417978 0.005569074 -0.31430793 0.94930476 0.172011 -0.799317 -2.49731 PINHOLE 1280 818 835.0349731445312 835.0059814453125 640.0 409.0
0022/2516964254_b7eb465903_o.jpg 0.9780728 0.021873334 -0.20711136 0.08087367 0.8765357 0.474494 0.19191927 -0.48083955 0.8555468 1.34464 -1.11562 -2.03433 PINHOLE 1280 959 4687.10986328125 4686.14990234375 640.0 479.5
0015/2218790327_ac17c020ef_o.jpg -0.986619 0.009280817 -0.16277857 0.02960761 0.99197763 -0.122897424 0.16033211 -0.12607242 -0.97897875 -2.77864 0.208727 1.61202 PINHOLE 1600 1066 2114.3798828125 2114.3701171875 800.0 533.0
0022/2293073399_db7bcf97fd_o.jpg 0.89124316 0.13339834 -0.4334634 0.119226836 0.8532302 0.50772357 0.43757352 -0.5041857 0.74453086 3.25925 -1.68621 -2.08439 PINHOLE 1280 829 934.9439697265625 935.4509887695312 640.0 414.5
0015/1854577098_3c153ba705_o.jpg -0.9982161 0.012940423 -0.058285773 0.026076516 0.97268987 -0.23063913 0.053709414 -0.23174758 -0.9712921 -1.86129 0.422767 1.55911 PINHOLE 1555 1163 5144.97021484375 5144.97021484375 777.5 581.5
0015/3563521844_bd5ce418e9_o.jpg -0.96280956 0.026112914 -0.26891604 0.062417135 0.98989177 -0.12735148 0.26287228 -0.13940018 -0.95470715 -3.46101 -0.596333 -5.12526 PINHOLE 672 1020 3114.5400390625 3114.5400390625 336.0 510.0
0015/404000187_3528f37924_o.jpg -0.94579226 0.040627025 -0.32222104 0.1382949 0.94808006 -0.28638905 0.2938562 -0.31542608 -0.9023053 -3.82919 -1.59926 -5.47276 PINHOLE 940 1253 3966.800048828125 3966.800048828125 470.0 626.5
0022/1433639911_6088e4c46d_o.jpg 0.9681369 0.063434675 -0.24225384 0.0028006742 0.9645815 0.2637702 0.25040576 -0.25604415 0.93366927 1.39373 -0.743362 -2.26417 PINHOLE 1280 954 1028.949951171875 1028.8699951171875 640.0 477.0
0022/330139334_2cdba7c08d_o.jpg 0.8474768 0.053569835 -0.52812254 0.15242082 0.9284427 0.33876538 0.5084791 -0.36759266 0.77866846 3.69964 -0.197787 -0.0204647 PINHOLE 1280 956 2457.72998046875 2457.64990234375 640.0 478.0
0015/2325836121_e85dbb6f79_o.jpg -0.9922492 0.043803576 -0.11628754 0.05550977 0.9934964 -0.09941585 0.11117648 -0.10510039 -0.98822755 -1.52356 0.36701 2.53292 PINHOLE 1600 1189 1788.56005859375 1787.9000244140625 800.0 594.5
0015/570188204_952af377b3_o.jpg -0.98679984 0.00015741507 -0.16194455 0.022494858 0.9904385 -0.13610838 0.1603747 -0.13795465 -0.9773681 -1.32103 0.440681 3.05838 PINHOLE 1196 1595 4768.75 4768.75 598.0 797.5
0022/482418570_c6e4f7b980_o.jpg 0.9033638 0.04246016 -0.42676798 0.19996457 0.83860487 0.50671107 0.37940472 -0.5430829 0.74907476 2.28064 -1.6892 -2.34574 PINHOLE 1025 675 1048.8699951171875 1048.8699951171875 512.5 337.5
0022/669343374_c2f003a92d_o.jpg 0.9978145 -0.00013828765 -0.066077866 0.02168041 0.94532496 0.3254085 0.06242006 -0.32612988 0.9432619 0.481103 -0.408334 -1.27029 PINHOLE 1280 954 1856.5400390625 1856.77001953125 640.0 477.0
0015/3206255109_c13eacc5ee_o.jpg -0.9705277 0.007362306 -0.24087696 0.088492505 0.94059354 -0.3278001 0.22415395 -0.3394549 -0.9135236 -4.03327 0.329037 0.813405 PINHOLE 1600 1036 1269.530029296875 1270.050048828125 800.0 518.0
0022/3149953753_c1bc603d25_o.jpg 0.8559248 0.02893111 -0.5162904 0.08377712 0.97748446 0.19366352 0.51026875 -0.20901473 0.83422935 3.44194 -0.148844 -0.311149 PINHOLE 1277 958 1850.9200439453125 1850.9200439453125 638.5 479.0
0015/2087061093_e736a18497_o.jpg -0.98507315 -0.031878024 -0.16915861 -0.019143453 0.99689454 -0.07638586 0.17106833 -0.07200738 -0.98262435 -1.41477 -0.306138 -3.26355 PINHOLE 1600 1181 1601.9599609375 1601.780029296875 800.0 590.5
0022/3556251720_3b126667d4_o.jpg 0.9999109 -0.0002788876 -0.013344461 0.0030776197 0.9776587 0.21017623 0.012987712 -0.21019858 0.97757244 -0.00914868 -0.44848 -2.16918 PINHOLE 1280 853 1027.1400146484375 1027.0699462890625 640.0 426.5
0015/1799622532_323eda8feb_o.jpg -0.9318749 -0.037170324 -0.36087063 0.044497877 0.97551453 -0.21538645 0.36004055 -0.2167712 -0.90740347 -4.01897 0.254281 1.64042 PINHOLE 1600 1192 2770.22998046875 2770.090087890625 800.0 596.0
0022/2827725807_35c558a832_o.jpg 0.8870878 0.10221588 -0.4501412 0.17799348 0.8240148 0.53788286 0.42590317 -0.55727154 0.7127797 3.05298 -1.61216 -1.82127 PINHOLE 1280 958 3990.489990234375 3988.81005859375 640.0 479.0
0022/172426821_1f1994d6ff_o.jpg 0.8886335 0.06942513 -0.45333284 0.14905305 0.891094 0.42864278 0.43372077 -0.44847697 0.78150797 3.13845 -0.591095 -0.652991 PINHOLE 1280 959 3842.050048828125 3841.25 640.0 479.5
0015/2825304557_43d08b3807_o.jpg -0.9867965 -0.005498206 0.16187178 -0.04110245 0.97520727 -0.21744287 -0.15666299 -0.22122519 -0.9625571 2.35502 -0.0436111 -0.257883 PINHOLE 1600 1056 2456.75 2455.9599609375 800.0 528.0
0022/3798990626_91b5cfb2f3_o.jpg 0.9997008 0.006281954 -0.023639888 0.00058637594 0.9600261 0.27990997 0.02445329 -0.27984008 0.95973516 0.0479763 -0.160684 -0.592882 PINHOLE 850 1280 2943.929931640625 2943.25 425.0 640.0
0015/2189792388_50f1cddf2a_o.jpg -0.9989303 -0.007977265 -0.045548126 0.01054521 0.9197533 -0.39235523 0.045022964 -0.39241582 -0.9186853 -0.269481 -1.52984 -3.60329 PINHOLE 1588 1190 7553.14990234375 7553.14990234375 794.0 595.0
0015/3755049023_a75385d1a5_o.jpg -0.913319 0.03228686 0.405963 -0.024012538 0.9908484 -0.13282612 -0.40653634 -0.13106082 -0.9041854 4.06302 -0.493369 -2.80954 PINHOLE 1600 1190 1773.31005859375 1773.050048828125 800.0 595.0
0015/2144101292_2e7ddae58e_o.jpg -0.9943366 -0.021472288 -0.1040849 -0.009911344 0.9938443 -0.110341646 0.10581347 -0.10868511 -0.9884286 0.0126785 -0.467737 -3.82034 PINHOLE 1179 1600 1731.93994140625 1731.6400146484375 589.5 800.0
0022/13866250_56e0509621_o.jpg 0.99114335 -0.0003406378 0.13279578 -0.015826933 0.9925661 0.12067299 -0.1318497 -0.12170599 0.98376995 -0.946162 -0.0340548 0.10936 PINHOLE 1280 940 1519.530029296875 1518.7900390625 640.0 470.0
0022/2659011231_c2500b1b55_o.jpg 0.9994499 -0.0005161729 -0.033159994 0.012735871 0.9291839 0.3693983 0.03062106 -0.3696174 0.92867935 0.0843574 -0.0353604 -0.231056 PINHOLE 1034 685 3360.639892578125 3360.639892578125 517.0 342.5
0015/1653980178_739b2794ed_o.jpg -0.9374368 0.041230857 0.34570542 -0.041933607 0.9723625 -0.2296795 -0.3456209 -0.22980669 -0.90979946 3.88626 -0.684134 -2.31384 PINHOLE 1191 1600 2017.1400146484375 2016.550048828125 595.5 800.0
0022/2687410724_2a4978e290_o.jpg 0.9924498 0.027886493 -0.11943926 0.040098377 0.8465273 0.530833 0.11591166 -0.5316144 0.8390176 0.730213 -1.41796 -2.26124 PINHOLE 1280 958 4674.5400390625 4673.5498046875 640.0 479.0
0015/2390642358_6f35ba023d_o.jpg -0.96863157 0.046565004 0.24409966 -0.05784569 0.91305286 -0.40371817 -0.24167502 -0.4051743 -0.8817182 3.52668 -1.86597 -3.96948 PINHOLE 1600 1065 5258.740234375 5257.08984375 800.0 532.5
0015/1479060879_85841216d3_o.jpg -0.9992892 -0.008955074 -0.03661858 0.0001185127 0.97062427 -0.24060029 0.03769747 -0.2404336 -0.9699333 0.158893 -1.01309 -4.065 PINHOLE 1600 1176 1635.0 1635.5999755859375 800.0 588.0
0022/3212305528_40225a17cf_o.jpg 0.9570554 0.004235003 -0.2898741 0.057897646 0.97695786 0.20542945 0.28406477 -0.2133904 0.9347576 1.79149 -0.2 -0.719281 PINHOLE 1280 844 1392.489990234375 1393.06005859375 640.0 422.0
0022/3086324771_3ce6efba53_o.jpg 0.9263475 -0.058801927 0.37205198 -0.08958475 0.9250039 0.36924577 -0.36586186 -0.37538007 0.85160726 -2.67364 -0.201794 0.0822263 PINHOLE 1277 957 6496.47998046875 6496.47998046875 638.5 478.5
0015/487936202_fb73f4d598_o.jpg -0.9987022 -0.006946764 0.05045392 -0.017031977 0.9791715 -0.20231925 -0.04799758 -0.20291601 -0.97801906 0.815086 0.397822 1.75907 PINHOLE 1600 1181 1585.47998046875 1585.300048828125 800.0 590.5
0022/513614819_6ce3416ad0_o.jpg 0.83004606 0.4955232 0.25589114 -0.54923844 0.64672947 0.52922404 0.09675045 -0.5798256 0.8089757 -0.809042 -2.10894 -3.10753 PINHOLE 854 1280 1496.1600341796875 1495.9300537109375 427.0 640.0
0022/513569120_9c7e4b3d7b_o.jpg 0.99646395 0.027520355 -0.079386674 -0.0038078988 0.95865846 0.28453374 0.08393518 -0.28322533 0.9553734 0.480656 -0.830965 -2.77789 PINHOLE 1280 834 1016.6699829101562 1017.010009765625 640.0 417.0
0015/62688997_a0cdebb0d1_o.jpg -0.9894567 0.0074733594 0.14463615 -0.01397754 0.9890784 -0.14672616 -0.14415303 -0.14720084 -0.9785458 2.04108 -0.112987 -0.600469 PINHOLE 1600 1194 2116.56005859375 2116.89990234375 800.0 597.0
0022/3568962714_42ea6f0785_o.jpg 0.99016565 0.009834422 -0.13955382 0.021022271 0.9757405 0.21791862 0.13831142 -0.21870928 0.965938 0.818417 -0.374902 -1.63644 PINHOLE 1280 949 1302.6800537109375 1302.8599853515625 640.0 474.5
0022/1855586584_83d985d251_o.jpg 0.89948833 0.01348632 0.43673658 -0.21899065 0.8788415 0.42388758 -0.37810555 -0.47692317 0.7934611 -2.8853 -0.760535 -1.39759 PINHOLE 1280 958 4104.18017578125 4103.31005859375 640.0 479.0
0022/2513313222_dd8603428b_o.jpg 0.8495745 0.12796842 -0.5117101 0.21013302 0.80770606 0.55086756 0.483805 -0.57553023 0.65931606 3.57501 -1.64588 -1.49062 PINHOLE 1280 960 5403.56005859375 5404.68994140625 640.0 480.0
0015/3747557738_1fe5e2bb12_o.jpg -0.95477587 0.023190062 0.29642078 -0.013483196 0.99255115 -0.12108042 -0.29702064 -0.11960136 -0.94735116 1.42874 0.376612 2.86072 PINHOLE 1600 1178 1633.6600341796875 1633.5400390625 800.0 589.0
0022/3754582807_4c00a92d1f_o.jpg 0.9994972 -0.023062028 -0.021762121 0.029114647 0.9393474 0.34172916 0.0125612235 -0.34219092 0.93954647 0.586014 -0.268655 -0.719879 PINHOLE 1033 1068 1375.9100341796875 1375.9100341796875 516.5 534.0
0022/2335003350_9981d2d782_o.jpg 0.9922541 0.01573421 -0.12322467 0.010943877 0.9770177 0.21287708 0.12374214 -0.2125767 0.96927756 0.969979 -0.304438 -1.32485 PINHOLE 1280 948 1402.22998046875 1401.800048828125 640.0 474.0
0022/2675710761_85145abdf2_o.jpg 0.9845357 0.011157768 0.17482832 -0.033442456 0.9915873 0.12504491 -0.17196232 -0.12895787 0.9766263 -1.16157 0.170585 1.18269 PINHOLE 1280 954 1442.699951171875 1442.2900390625 640.0 477.0
0022/1859639992_c346ee7a17_o.jpg 0.90797764 -0.003612853 -0.4190031 0.15408972 0.93277323 0.32586882 0.38965756 -0.36044568 0.8474939 2.60013 -0.282383 -0.73197 PINHOLE 971 1280 2825.280029296875 2825.949951171875 485.5 640.0
0015/3852437453_ab84bf1dd8_o.jpg -0.9450917 -0.001037629 0.3268036 -0.0434542 0.9915145 -0.122518174 -0.32390338 -0.1299919 -0.9371172 1.20701 0.464733 3.15153 PINHOLE 1600 1057 1594.4300537109375 1594.219970703125 800.0 528.5
0022/981244438_d73bda40c8_o.jpg 0.99295694 -0.02180827 0.11645151 0.0023844761 0.986392 0.16439308 -0.118451975 -0.16295756 0.9794968 -1.04275 1.2835 7.88873 PINHOLE 1280 960 4273.3798828125 4273.3798828125 640.0 480.0
0015/2298313286_e235011a62_o.jpg -0.9992012 -0.03813971 -0.01193143 -0.03406426 0.9689919 -0.24473329 0.020895515 -0.24413136 -0.96951705 0.287928 -0.845577 -3.39025 PINHOLE 1600 1176 1713.0400390625 1712.3499755859375 800.0 588.0
0015/2695245535_5277cc6e93_o.jpg -0.7991579 0.029933471 0.6003754 -0.20192035 0.9273596 -0.31501177 -0.5661933 -0.37297216 -0.73506254 7.21021 -1.81092 -4.26512 PINHOLE 1600 1181 1670.8299560546875 1670.6400146484375 800.0 590.5
0015/2912685234_7c4c21ee78_o.jpg -0.96066165 0.0068035848 0.27763802 -0.056966748 0.9736153 -0.22097063 -0.27181602 -0.22809415 -0.93492734 3.23213 -0.597601 -2.39289 PINHOLE 1600 1174 1548.3299560546875 1548.1199951171875 800.0 587.0
0015/62689091_76cdd0858b_o.jpg -0.9936243 0.0145070115 0.11180421 0.0072285957 0.9978439 -0.06523211 -0.112509474 -0.06400803 -0.9915869 2.01982 -0.0812896 -0.655136 PINHOLE 1600 1196 2117.929931640625 2118.77001953125 800.0 598.0
0015/3752206429_d18226a19f_o.jpg -0.97379184 -0.035933215 -0.22458474 0.01811505 0.9720503 -0.23407279 0.22671865 -0.23200653 -0.9459237 -3.90124 0.18163 1.23471 PINHOLE 1589 1058 3097.280029296875 3097.280029296875 794.5 529.0
0015/1105376832_6f92693a76_o.jpg -0.98595536 0.008220586 -0.1668065 0.04722644 0.97174627 -0.231255 0.16019253 -0.23588479 -0.9584867 -3.50654 0.394981 1.30972 PINHOLE 1014 599 2581.60009765625 2581.60009765625 507.0 299.5
0022/2978928712_00f6dcc1e7_o.jpg 0.95865315 0.0041390187 -0.28454712 0.046425246 0.9842243 0.17072544 0.28076482 -0.17687663 0.94333756 2.02652 -0.111071 -0.420927 PINHOLE 1280 953 1454.739990234375 1453.989990234375 640.0 476.5
0015/3049525344_1ec608ea40_o.jpg -0.9948979 0.010047487 0.10038542 -0.007320525 0.9852158 -0.17116149 -0.100621045 -0.17102309 -0.98011553 1.65453 0.249865 1.3112 PINHOLE 1564 1047 2722.340087890625 2722.340087890625 782.0 523.5
0022/3721614893_de5a04aabf_o.jpg 0.7864618 -0.011078663 0.6175396 -0.23496114 0.91929924 0.3157248 -0.5712015 -0.3934033 0.7203907 -4.10042 -0.565874 -1.18233 PINHOLE 956 1280 2368.030029296875 2368.60009765625 478.0 640.0
0022/3785541476_7d99b5b6eb_o.jpg 0.9134035 0.13552228 -0.38383296 0.13411191 0.79011 0.59811383 0.384328 -0.59779584 0.7035141 2.65366 -1.90154 -1.86436 PINHOLE 1280 850 2608.320068359375 2609.050048828125 640.0 425.0
0015/2269406411_a502b85cc5_o.jpg -0.9843093 -0.005810759 -0.17635576 0.02778406 0.98188573 -0.18742576 0.17425029 -0.1893848 -0.9663179 -2.7644 0.0906972 0.560013 PINHOLE 1600 1195 2534.760009765625 2534.139892578125 800.0 597.5
0015/3048780020_a05d6c7ed2_o.jpg -0.90806794 -0.029803056 -0.41776115 0.013467366 0.9948714 -0.10024745 0.4186063 -0.096657634 -0.9030095 -2.63165 0.0621353 1.31763 PINHOLE 1600 1055 2071.81005859375 2072.0400390625 800.0 527.5
0022/2362397266_768802b34c_o.jpg 0.818107 -0.0149110425 0.5748727 -0.27791116 0.8649264 0.41793263 -0.5034543 -0.50167716 0.7034584 -3.99307 -1.46208 -2.32716 PINHOLE 1280 942 1250.0699462890625 1250.4100341796875 640.0 471.0
0022/2969952284_fe8ceea048_o.jpg 0.99968636 -0.0050502243 0.024527965 -0.0052711335 0.91507614 0.40324667 -0.024481442 -0.4032495 0.91476256 -0.263675 -0.540672 -1.32502 PINHOLE 1280 960 3947.10009765625 3947.10009765625 640.0 480.0
0022/2047810199_1829108886_o.jpg 0.997702 -0.0070949686 -0.06738194 0.014803138 0.9933019 0.1145956 0.06611756 -0.11532973 0.9911244 -0.144277 0.640735 5.03834 PINHOLE 1280 851 1909.8199462890625 1910.5699462890625 640.0 425.5
0022/1433640101_c6d27d0559_o.jpg 0.9832058 0.07611846 -0.16586837 0.021921884 0.8530269 0.5214063 0.18117884 -0.51628584 0.8370323 1.20067 -1.40376 -2.18473 PINHOLE 1271 953 3627.830078125 3627.830078125 635.5 476.5
0015/2052598694_c8918263cd_o.jpg -0.993389 0.008180508 -0.114504695 0.026804166 0.98641545 -0.16206834 0.11162339 -0.1640661 -0.9801135 -0.550199 0.394191 2.34399 PINHOLE 1275 849 2877.7900390625 2877.7900390625 637.5 424.5
0015/478692935_c0c955367a_o.jpg -0.8420523 0.016819019 0.5391336 -0.06600061 0.98879045 -0.13393052 -0.53534275 -0.14835966 -0.83150315 3.31907 -0.352474 -1.88395 PINHOLE 1583 1055 4886.080078125 4886.080078125 791.5 527.5
0022/2025731489_8ad31ba022_o.jpg 0.9809462 -0.022414468 0.19298235 -0.027436437 0.96738476 0.2518214 -0.19233261 -0.252318 0.9483374 -1.37429 -0.3779 -1.34077 PINHOLE 1280 949 1380.530029296875 1380.7099609375 640.0 474.5
0022/1413321817_7fdf3a4f57_o.jpg 0.9304037 0.029032836 0.36538476 -0.10364917 0.97701085 0.18629727 -0.35157612 -0.2112035 0.9120237 -2.53895 0.186697 0.608846 PINHOLE 1280 853 1601.9200439453125 1601.7900390625 640.0 426.5
0022/3501559839_cfbc0317a6_o.jpg 0.9688374 0.012735894 -0.24736993 0.017612997 0.9926071 0.12008683 0.24707058 -0.12070153 0.96145064 1.49922 0.190854 2.11032 PINHOLE 1280 955 1791.6800537109375 1791.949951171875 640.0 477.5
0022/3714309096_5c97f95cfa_o.jpg 0.92116946 0.06700558 -0.3833498 0.14563319 0.85413545 0.499243 0.36088473 -0.51571584 0.7770453 2.56411 -1.24905 -1.72837 PINHOLE 1280 959 5216.4599609375 5214.2900390625 640.0 479.5
0015/2298313978_e8166ce2e9_o.jpg -0.9999242 -0.011168667 -0.0051893545 -0.00954482 0.9690883 -0.2465294 0.0077823475 -0.24646117 -0.9691214 0.310257 -0.860109 -3.37433 PINHOLE 1600 1177 1716.25 1715.989990234375 800.0 588.5
0022/2141796651_c30bd73184_o.jpg 0.9951819 0.025350327 -0.09471171 0.00955466 0.9363231 0.3510096 0.09757898 -0.35022333 0.93156964 0.666879 0.113563 0.319515 PINHOLE 1280 960 5036.43017578125 5036.43017578125 640.0 480.0
0015/1092737814_8b42f88ce7_o.jpg -0.9956709 -0.014712844 0.09177664 -0.028696643 0.9878145 -0.1529676 -0.0884077 -0.15493907 -0.98396033 1.87622 0.366182 1.75588 PINHOLE 1600 1199 2287.8701171875 2287.389892578125 800.0 599.5
0022/411826972_0f5b6ad248_o.jpg 0.98723423 0.018005734 0.15825401 -0.03522233 0.99367046 0.106669806 -0.15533166 -0.11088216 0.9816197 -1.29367 0.710264 6.25003 PINHOLE 1280 853 2550.64990234375 2550.5 640.0 426.5
0015/3632641416_6f11852387_o.jpg -0.9337932 -0.0072931 -0.35773882 0.0667241 0.97870594 -0.19412014 0.35153684 -0.20513788 -0.9134223 -4.10547 0.239718 1.25403 PINHOLE 1600 1193 1828.81005859375 1829.0699462890625 800.0 596.5
0015/2554276935_d403cb2cd8_o.jpg -0.98801994 -0.008106686 -0.15411331 0.019799449 0.98370814 -0.17867935 0.153051 -0.1795901 -0.9717627 -1.53057 -0.142888 -0.508829 PINHOLE 1296 966 1670.27001953125 1670.27001953125 648.0 483.0
0022/350254441_dabfdafb58_o.jpg 0.9178513 -0.060290612 0.39231873 -0.18232062 0.8139185 0.55163026 -0.35257357 -0.57784235 0.7360639 -3.08388 -1.964 -2.382 PINHOLE 1280 836 996.9240112304688 996.4229736328125 640.0 418.0
0022/3808398518_aa1b40a6a0_o.jpg 0.99327445 0.025764124 -0.11288092 0.003685328 0.9673993 0.25322914 0.11572515 -0.25194204 0.960798 0.58443 -0.258562 -1.00891 PINHOLE 1280 959 1310.1099853515625 1309.56005859375 640.0 479.5
0022/557524448_5d60be4b38_o.jpg 0.9881358 0.012756514 -0.153052 0.046241168 0.92559165 0.3756885 0.14645614 -0.37830856 0.91402036 0.939933 -0.326818 -0.842112 PINHOLE 1280 960 3987.52001953125 3988.360107421875 640.0 480.0
0022/2676533964_2b65ac5ab3_o.jpg 0.98343855 -0.004756245 0.18117939 -0.039011236 0.970669 0.2372339 -0.17699355 -0.240373 0.95440775 -1.26848 -0.249327 -1.02352 PINHOLE 1280 953 1434.3900146484375 1433.6500244140625 640.0 476.5
0022/2142630166_31a7f8bf33_o.jpg 0.9971804 0.013053103 0.073897935 -0.05517265 0.795018 0.60407144 -0.050865185 -0.6064453 0.79349655 -0.578638 -1.83142 -2.50549 PINHOLE 1280 718 4931.52001953125 4932.0 640.0 359.0
0022/2361506957_61d8eba5f9_o.jpg 0.9999252 0.001701534 -0.012110412 0.006039909 0.79235744 0.6100272 0.010633758 -0.61005473 0.79228795 -0.00338227 -2.46295 -3.15758 PINHOLE 1280 957 1671.9300537109375 1672.5899658203125 640.0 478.5
0015/2163893114_face79b8c3_o.jpg -0.97800046 -0.009884275 -0.20836833 0.027996156 0.9836208 -0.17806272 0.20671545 -0.17997894 -0.9617049 -1.87299 0.0221246 0.32036 PINHOLE 1600 1195 2906.179931640625 2906.090087890625 800.0 597.5
0015/2377126482_267da586f5_o.jpg -0.9842986 -0.03284587 -0.17342842 0.015349672 0.9628838 -0.26947957 0.1758427 -0.26791042 -0.947261 -1.15492 0.476554 1.83711 PINHOLE 1600 1188 2117.669921875 2116.800048828125 800.0 594.0
0022/3715689873_8b49e3676d_o.jpg 0.9370588 -0.17701025 0.30097857 -0.047901906 0.7886604 0.61296016 -0.34587014 -0.5887972 0.73054206 -2.43922 -2.17276 -2.18799 PINHOLE 1280 959 3880.110107421875 3878.5400390625 640.0 479.5
0022/1390794615_4e2efcc84d_o.jpg 0.9999747 -0.0015662416 -0.006932551 0.0051494017 0.83196443 0.55480504 0.004898677 -0.55482674 0.8319515 -0.0753699 -1.75204 -2.73144 PINHOLE 1280 852 3199.199951171875 3199.239990234375 640.0 426.0
0022/3066274005_d6b0de2d4d_o.jpg 0.99292815 0.012240222 -0.11808397 0.024478145 0.9521884 0.30452937 0.11616569 -0.30526626 0.945155 0.586645 -0.215417 -0.281305 PINHOLE 1255 941 1394.219970703125 1394.219970703125 627.5 470.5
0022/3086324471_309d515414_o.jpg 0.9327406 -0.012960506 0.36031505 -0.06925008 0.9743073 0.2143121 -0.3538352 -0.22484945 0.9078785 -2.66327 -0.105928 0.0221576 PINHOLE 1280 942 1731.1600341796875 1730.949951171875 640.0 471.0
0015/389637521_82abe2d494_o.jpg -0.83112305 -0.08183126 -0.55003464 0.2846985 0.7870385 -0.5472816 0.4776832 -0.6114524 -0.6308286 -5.67631 -3.82766 -4.35458 PINHOLE 1600 1198 4614.7001953125 4614.68017578125 800.0 599.0
0015/2407046610_ac47df3e21_o.jpg -0.77286524 0.035891 0.63355434 -0.4010131 0.74614894 -0.5314605 -0.49180055 -0.66481096 -0.5622798 7.37524 -3.42904 -3.65995 PINHOLE 1028 769 2713.3798828125 2713.3798828125 514.0 384.5
0015/3770146972_179b71042b_o.jpg -0.9326342 0.012605065 0.3606031 -0.07874345 0.9681909 -0.2374992 -0.3521263 -0.249895 -0.90197533 4.51943 -1.04836 -4.04148 PINHOLE 1600 1189 1528.5899658203125 1528.030029296875 800.0 594.5
0015/841724048_215c0913c4_o.jpg -0.8130332 -0.022832159 -0.58176947 0.13279752 0.9656189 -0.22348364 0.5668702 -0.25895718 -0.78204817 -6.15944 -1.37366 -4.96463 PINHOLE 784 1066 1112.2099609375 1112.2099609375 392.0 533.0
0015/2761598551_113e875434_o.jpg -0.9934594 -0.02150046 -0.11214362 0.010823053 0.9599607 -0.27992553 0.113671996 -0.27930838 -0.95344925 -1.45325 0.508555 1.77525 PINHOLE 1600 1199 4416.6201171875 4418.4501953125 800.0 599.5
0022/2838542396_d013d60608_o.jpg 0.9999814 0.0045121694 -0.0041057533 -0.0039896686 0.99283737 0.11940708 0.0046151304 -0.119388476 0.9928369 -0.169638 -0.242845 -2.10016 PINHOLE 1280 953 1036.6700439453125 1036.780029296875 640.0 476.5
0015/2944951677_38bc5ffd65_o.jpg -0.9775139 0.01337243 0.2104466 -0.04769442 0.9581047 -0.28241915 -0.20540652 -0.28610575 -0.9359229 3.26405 -0.687225 -2.18015 PINHOLE 1600 1189 2000.3499755859375 2000.8399658203125 800.0 594.5
0015/2297364097_cf9cff1291_o.jpg -0.9821952 0.018322911 0.18696758 -0.025855286 0.9725773 -0.23113838 -0.18607555 -0.2318571 -0.95478696 2.34449 -1.06414 -4.22798 PINHOLE 1288 944 1764.3399658203125 1764.3399658203125 644.0 472.0
0022/857813368_19af0483dc_o.jpg 0.74039227 -0.05585252 0.6698505 -0.34211272 0.82649934 0.4470545 -0.57860017 -0.5601601 0.5928259 -4.21515 -1.20144 -1.36145 PINHOLE 1280 946 1385.52001953125 1385.739990234375 640.0 473.0
0022/2050697641_54bdb71b83_o.jpg 0.83315223 -0.060247976 0.54975224 -0.18715906 0.9046805 0.38278547 -0.52041215 -0.4218097 0.7424606 -3.8982 -1.17869 -2.03269 PINHOLE 1280 943 1022.52001953125 1022.260009765625 640.0 471.5
0022/2124155427_84125f800a_o.jpg 0.99969846 -0.01363326 0.020424737 0.0028434196 0.8904044 0.45516142 -0.024391608 -0.4549661 0.8901746 -0.235274 -0.908269 -2.01616 PINHOLE 1280 855 3946.989990234375 3944.72998046875 640.0 427.5
0015/3770146578_ae6fd22e31_o.jpg -0.9426801 -0.034132697 -0.3319475 0.05239627 0.96727586 -0.2482581 0.32955852 -0.25142077 -0.9100433 -1.3868 0.286283 1.27561 PINHOLE 1600 1189 1540.219970703125 1539.6500244140625 800.0 594.5
0022/158849998_602c2630f0_o.jpg 0.95588887 0.026616769 0.29252023 -0.1700902 0.86208093 0.4773739 -0.23946995 -0.5060712 0.8285808 -1.96543 -1.15408 -2.0678 PINHOLE 1252 938 3639.68994140625 3639.68994140625 626.0 469.0
0015/3050334200_fbfbd5132a_o.jpg -0.80955523 0.016242096 0.586819 -0.050164416 0.9940468 -0.09671853 -0.58489645 -0.10773642 -0.803921 2.55402 0.410964 3.24412 PINHOLE 1600 920 3525.25 3523.929931640625 800.0 460.0
0015/1652824871_1ad784261d_o.jpg -0.97662973 0.00423674 -0.21488702 0.0056964485 0.9999647 -0.0061740824 0.21485327 -0.0072538853 -0.9766194 -1.68588 0.0361047 1.62839 PINHOLE 1590 1192 3121.610107421875 3121.610107421875 795.0 596.0
0022/3812820656_14338ba7af_o.jpg 0.80064034 -0.09990489 0.5907572 -0.26392666 0.82637256 0.4974446 -0.5378827 -0.55419075 0.6352596 -4.1175 -1.31163 -1.25687 PINHOLE 1186 889 3364.469970703125 3364.469970703125 593.0 444.5
0022/2308307366_d4b0ec9f2f_o.jpg 0.99951 0.002756696 0.031180633 -0.0064884094 0.99272585 0.12022162 -0.030622406 -0.120365016 0.9922573 -0.082007 0.143706 1.00698 PINHOLE 1280 836 1343.43994140625 1343.5699462890625 640.0 418.0
0015/317786294_ce2a9cf79c_o.jpg -0.8284842 -0.074692205 -0.55500907 0.1945221 0.89097375 -0.41027668 0.52514297 -0.44786927 -0.72362834 -5.99664 -2.77935 -4.81283 PINHOLE 1600 1182 1654.800048828125 1654.3599853515625 800.0 591.0
0022/2346584257_0482a9e2e8_o.jpg 0.7850314 -0.11451129 0.60877985 -0.2395494 0.85018885 0.46882305 -0.5712633 -0.51387364 0.6399938 -4.28463 -1.10158 -0.897083 PINHOLE 1280 1280 4751.9501953125 4751.9501953125 640.0 640.0
0022/3785461573_16e1515d06_o.jpg 0.9994561 -0.006340937 0.03236122 -0.009519662 0.88408047 0.46723774 -0.031572647 -0.46729168 0.88353926 -0.361506 -1.45103 -2.77839 PINHOLE 1221 908 1352.4300537109375 1352.4300537109375 610.5 454.0
0015/207157445_e6ce5ad0bf_o.jpg -0.9800723 0.012235674 0.19826393 -0.016984198 0.9892844 -0.14501026 -0.1979137 -0.14548789 -0.9693624 3.00057 0.288929 1.74764 PINHOLE 1600 1057 2327.72998046875 2327.570068359375 800.0 528.5
0022/2757260060_c37eb9d96f_o.jpg 0.99912345 0.00037320482 -0.041859183 0.008033273 0.9796653 0.20047803 0.041082807 -0.20063856 0.9788035 0.152952 1.10466 5.28585 PINHOLE 1280 958 5156.64013671875 5155.5498046875 640.0 479.0
0022/1431651203_5a790efbcd_o.jpg 0.88527906 0.024082864 -0.46443617 0.06780287 0.98130393 0.18012609 0.460091 -0.19095196 0.86709493 3.21463 -0.212144 -0.578894 PINHOLE 1280 844 1406.6300048828125 1405.9300537109375 640.0 422.0
0022/3795899747_21a8b2e5a2_o.jpg 0.9999561 -0.0060296445 0.0071798633 0.00331582 0.94371873 0.33073252 -0.00876997 -0.33069417 0.9436972 -0.191572 -1.02442 -2.88045 PINHOLE 1280 974 1129.5400390625 1129.9599609375 640.0 487.0
0015/215038972_b717b9113b_o.jpg -0.2991762 -0.011160627 0.9541326 -0.267824 0.96071804 -0.07274077 -0.91584057 -0.2773019 -0.29041302 -1.01091 -0.301195 -0.844795 PINHOLE 1600 1061 3775.3798828125 3776.5 800.0 530.5
0015/2499108342_ed85189288_o.jpg -0.9562735 -0.022377936 -0.29161653 0.017019069 0.99112153 -0.13186543 0.29197827 -0.13106246 -0.9474024 -4.15399 0.082195 1.04018 PINHOLE 1600 1188 1741.22998046875 1741.2099609375 800.0 594.0
0022/623684815_f3e0501218_o.jpg 0.87771446 -0.0063997568 -0.47914127 0.098358706 0.98102576 0.16707501 0.46898067 -0.19377185 0.86169 3.1389 0.245065 1.02104 PINHOLE 1280 902 1763.989990234375 1763.0799560546875 640.0 451.0
0022/3599661169_020738c05e_o.jpg 0.9522668 0.0034946853 -0.3052469 0.064966284 0.9747078 0.21383193 0.2982738 -0.22345582 0.92795485 2.02051 -0.513476 -1.89184 PINHOLE 1233 1032 1252.3299560546875 1252.3299560546875 616.5 516.0
0022/217448351_09b6986ab2_o.jpg 0.9884621 0.019143488 -0.15025394 0.009284007 0.9824588 0.18624856 0.15118375 -0.18549459 0.97094554 0.970047 -0.378645 -1.87349 PINHOLE 1280 948 1383.72998046875 1383.300048828125 640.0 474.0
0022/1698775266_6bb8f89ae1_o.jpg 0.99892086 -0.00359644 -0.04630536 0.010054698 0.99009967 0.1400057 0.0453434 -0.14032018 0.9890674 0.0900536 0.84704 5.53731 PINHOLE 1280 847 1570.8800048828125 1570.8499755859375 640.0 423.5
0015/2486870207_76c395b41e_o.jpg -0.9979201 0.007676901 0.06400384 -0.002880072 0.9865822 -0.16323982 -0.06439823 -0.16308464 -0.98450816 1.12651 0.461799 2.53418 PINHOLE 1600 1189 1777.300048828125 1777.3599853515625 800.0 594.5
0022/3779209100_1643e16f9e_o.jpg 0.97144455 0.00910014 -0.23709206 0.03067038 0.98606414 0.16351411 0.23527598 -0.1661166 0.95762753 1.43088 0.181291 1.21049 PINHOLE 1280 850 1935.3699951171875 1935.199951171875 640.0 425.0
0022/421470619_a1959e5a7e_o.jpg 0.9571416 0.07302017 -0.28026423 0.04182241 0.92270505 0.38323137 0.28658482 -0.37852803 0.8801055 1.8171 -0.215065 -0.133367 PINHOLE 1276 957 6769.81982421875 6769.81982421875 638.0 478.5
0022/2650354347_97722cd18e_o.jpg 0.8528418 0.058755513 -0.5188532 0.21507022 0.86592656 0.45157057 0.47582105 -0.49670812 0.72586185 3.76301 -1.35457 -2.14474 PINHOLE 1213 804 1055.3199462890625 1055.3199462890625 606.5 402.0
0015/3603246052_53fcdebb26_o.jpg -0.92554635 -0.0406455 -0.3764465 0.04254798 0.97675955 -0.21007237 0.3762362 -0.21044874 -0.90230685 -3.68295 -1.07379 -4.41509 PINHOLE 1600 1187 1785.5699462890625 1785.1400146484375 800.0 593.5
0022/1775341099_98ecd54a92_o.jpg 0.9379666 0.020242753 -0.34613425 0.04471662 0.98289484 0.17865667 0.34383005 -0.18305194 0.9210173 1.18499 -0.427471 -2.19746 PINHOLE 946 1280 1310.5 1310.300048828125 473.0 640.0
0022/319538081_654369b7a2_o.jpg 0.9865372 0.07888474 -0.14325339 0.012904607 0.8356872 0.549054 0.16302702 -0.54351085 0.82341856 0.95986 -1.71773 -2.53916 PINHOLE 1280 959 4058.139892578125 4059.840087890625 640.0 479.5
0015/3635974944_b128702f4b_o.jpg -0.87877166 -0.021103993 -0.4767756 0.18569653 0.9051726 -0.38233417 0.43963298 -0.42452002 -0.7915211 -5.6007 -2.7061 -5.75615 PINHOLE 1600 1041 1091.4000244140625 1091.8399658203125 800.0 520.5
0015/3815715145_80fa679644_o.jpg -0.9674767 -0.0042102565 -0.25292507 0.06314545 0.9641885 -0.25759104 0.24495198 -0.2651844 -0.9325641 -1.20394 0.744394 2.63684 PINHOLE 1600 1062 2391.60009765625 2390.830078125 800.0 531.0
